customer_id,total_spend,customer_age_days,total_orders,average_order_value,order_frequency,total_discount_value,orders_with_discounts,days_since_last_order,units_returned,total_returns_value,number_of_orders_returned,orders_returned_ratio,customer_churned,churn_probability
16033.0,5779.010000000001,261,23,251.26130434782613,11.863636363636363,0.0,0,16,23.0,88.79,6,0.2608695652173913,0,0.005160050709091914
13137.0,1925.1899999999996,216,5,385.0379999999999,54.0,0.0,0,0,0.0,0.0,0,0.0,0,0.24648472040742023
15061.0,36350.6,245,42,865.4904761904761,5.975609756097561,0.0,0,35,246.0,224.39999999999998,5,0.11904761904761904,0,0.00040856214034736064
12989.0,4462.84,207,10,446.284,23.0,0.0,0,65,3.0,6.300000000000001,2,0.2,0,0.07785839116447223
15752.0,2092.799999999999,279,7,298.9714285714284,46.5,0.0,0,1,5.0,8.45,1,0.14285714285714285,0,0.11368504053955755
14688.0,4180.280000000001,281,19,220.0147368421053,15.61111111111111,0.0,0,0,10.0,27.340000000000003,2,0.10526315789473684,0,0.0019440097959772431
13509.0,705.0200000000001,185,5,141.00400000000002,46.25,0.0,0,7,0.0,0.0,0,0.0,0,0.19728368587308862
14315.0,1550.1499999999994,137,5,310.02999999999986,34.25,0.0,0,37,0.0,0.0,0,0.0,0,0.23756236878332848
13437.0,2173.600000000001,91,4,543.4000000000002,30.333333333333332,0.0,0,7,0.0,0.0,0,0.0,0,0.2449731508025418
14044.0,542.11,206,3,180.70333333333335,103.0,0.0,0,11,0.0,0.0,0,0.0,0,0.3575604868284687
16168.0,2632.12,275,18,146.2288888888889,16.176470588235293,0.0,0,2,0.0,0.0,0,0.0,0,0.005495632994302792
12691.0,556.3,212,4,139.075,70.66666666666667,0.0,0,53,0.0,0.0,0,0.0,0,0.33424514820115375
15467.0,402.55999999999995,7,2,201.27999999999997,7.0,0.0,0,53,0.0,0.0,0,0.0,0,0.4532967591594611
14527.0,110148.57000000011,271,42,2622.5850000000028,6.609756097560975,297428.9399999989,4,6,4.0,28.6,2,0.047619047619047616,0,5.237819495146524e-18
15159.0,8943.27,249,20,447.1635,13.105263157894736,0.0,0,20,6.0,26.700000000000003,2,0.1,0,0.006673204298711146
14676.0,1685.9199999999998,154,6,280.9866666666666,30.8,0.0,0,55,2.0,5.0,2,0.3333333333333333,0,0.18788650143885838
16076.0,1237.3799999999999,116,6,206.23,23.2,0.0,0,0,72.0,61.199999999999996,1,0.16666666666666666,0,0.12431723424123993
15033.0,1610.1500000000003,220,7,230.02142857142863,36.666666666666664,0.0,0,17,3.0,15.65,1,0.14285714285714285,0,0.12491600142392438
17315.0,4278.66,257,34,125.84294117647059,7.787878787878788,0.0,0,8,26.0,80.30000000000001,4,0.11764705882352941,0,0.000166163655993515
12626.0,4541.869999999999,214,10,454.1869999999999,23.77777777777778,0.0,0,20,103.0,232.12999999999997,4,0.4,0,0.06173480621452876
16835.0,180.85,245,2,90.425,245.0,0.0,0,36,0.0,0.0,0,0.0,1,0.7133965174732366
14344.0,889.9300000000001,241,8,111.24125000000001,34.42857142857143,0.0,0,35,0.0,0.0,0,0.0,1,0.1911141365502745
15649.0,816.0,31,2,408.0,31.0,0.0,0,244,0.0,0.0,0,0.0,1,0.6689142845769608
18119.0,181.11999999999998,0,1,181.11999999999998,0.0,0.0,0,275,0.0,0.0,0,0.0,1,0.5993725576649089
13267.0,3025.4900000000002,274,21,144.0709523809524,13.7,0.0,0,0,20.0,93.85,6,0.2857142857142857,0,0.004207521856941133
13630.0,1325.3600000000001,190,9,147.26222222222225,23.75,0.0,0,3,14.0,36.1,3,0.3333333333333333,0,0.1273843684577384
12599.0,857.04,178,6,142.84,35.6,0.0,0,34,0.0,0.0,0,0.0,0,0.2342377697831128
13292.0,249.57,0,1,249.57,0.0,0.0,0,192,0.0,0.0,0,0.0,0,0.6704279562171638
15724.0,212.3,83,3,70.76666666666667,41.5,0.0,0,109,1.0,5.95,1,0.3333333333333333,1,0.42656045837913514
14046.0,151.58999999999997,0,1,151.58999999999997,0.0,0.0,0,192,0.0,0.0,0,0.0,1,0.6628531809775037
13576.0,4818.650000000001,277,15,321.2433333333334,19.785714285714285,0.0,0,4,6.0,14.040000000000001,2,0.13333333333333333,0,0.009889680727989597
16048.0,256.44000000000005,0,2,128.22000000000003,0.0,0.0,0,281,0.0,0.0,0,0.0,0,0.7481984538762287
18229.0,5212.0599999999995,280,14,372.28999999999996,21.53846153846154,0.0,0,1,0.0,0.0,0,0.0,0,0.015969269656416204
15260.0,1780.7700000000004,272,8,222.59625000000005,38.857142857142854,0.0,0,8,24.0,30.0,1,0.125,1,0.0816331157785338
15922.0,363.6000000000001,1,2,181.80000000000004,1.0,0.0,0,280,2.0,5.9,1,0.5,1,0.6080916598037835
15107.0,247.65999999999997,61,8,30.957499999999996,8.714285714285714,0.0,0,219,8.0,71.84,2,0.25,1,0.9068055615753164
13458.0,7610.47,260,16,475.654375,17.333333333333332,0.0,0,7,39.0,67.94999999999999,6,0.375,0,0.007067429248686588
14504.0,542.71,35,3,180.90333333333334,17.5,0.0,0,151,0.0,0.0,0,0.0,0,0.6194442701430896
15026.0,230.78,37,2,115.39,37.0,0.0,0,148,0.0,0.0,0,0.0,0,0.5916008680447312
16517.0,162.70000000000005,0,1,162.70000000000005,0.0,0.0,0,185,0.0,0.0,0,0.0,1,0.662049671369426
16686.0,2460.359999999999,257,8,307.5449999999999,36.714285714285715,0.0,0,6,5.0,19.35,2,0.25,0,0.11265737758614637
12997.0,583.27,84,4,145.8175,28.0,0.0,0,141,13.0,25.200000000000003,2,0.5,0,0.3672813213539781
16639.0,471.15,29,2,235.575,29.0,0.0,0,114,0.0,0.0,0,0.0,0,0.5415345304223969
14978.0,1537.2800000000002,95,4,384.32000000000005,31.666666666666668,0.0,0,143,0.0,0.0,0,0.0,0,0.3018172927606273
14323.0,574.26,124,4,143.565,41.333333333333336,0.0,0,22,10.0,30.800000000000004,2,0.5,1,0.2984294206223252
17582.0,175.27,0,1,175.27,0.0,0.0,0,144,0.0,0.0,0,0.0,1,0.6333094701129885
13474.0,229.58999999999997,0,1,229.58999999999997,0.0,0.0,0,144,0.0,0.0,0,0.0,1,0.6316449953332843
15220.0,1254.6499999999999,165,6,209.10833333333332,33.0,0.0,0,23,4.0,15.0,1,0.16666666666666666,0,0.15362843061614306
18241.0,1321.98,118,12,110.165,10.727272727272727,0.0,0,7,4.0,15.0,1,0.08333333333333333,0,0.06526681422118996
16153.0,1013.46,239,4,253.365,79.66666666666667,0.0,0,23,0.0,0.0,0,0.0,0,0.3155159098970498
13799.0,688.8599999999999,178,2,344.42999999999995,178.0,0.0,0,24,0.0,0.0,0,0.0,1,0.3785272046593409
16927.0,543.0500000000001,246,3,181.01666666666668,123.0,0.0,0,23,0.0,0.0,0,0.0,1,0.444763799038766
12621.0,10148.450000000003,265,17,596.9676470588237,16.5625,0.0,0,8,19.0,21.75,2,0.11764705882352941,0,0.004683317600798154
14796.0,6407.980000000001,272,24,266.9991666666667,11.826086956521738,0.0,0,2,83.0,182.98,9,0.375,0,0.0006886718386183591
16700.0,4059.4000000000005,245,14,289.9571428571429,18.846153846153847,0.0,0,29,5.0,36.55,4,0.2857142857142857,0,0.0748513005371748
12429.0,2844.88,193,3,948.2933333333334,96.5,0.0,0,80,0.0,0.0,0,0.0,0,0.19553999518549622
15128.0,1112.98,93,7,158.99714285714285,15.5,0.0,0,34,17.0,51.46,4,0.5714285714285714,0,0.23078552775904154
14720.0,155.79999999999998,0,1,155.79999999999998,0.0,0.0,0,34,0.0,0.0,0,0.0,0,0.4486270153088875
18125.0,941.39,115,4,235.3475,38.333333333333336,0.0,0,109,1.0,1.65,1,0.25,0,0.27946823487835304
16556.0,2556.3700000000003,255,6,426.0616666666667,51.0,0.0,0,13,0.0,0.0,0,0.0,0,0.19704172366551645
13456.0,811.1600000000001,52,4,202.79000000000002,17.333333333333332,0.0,0,63,9.0,28.9,1,0.25,0,0.2971571112561221
15675.0,225.39,125,2,112.695,125.0,0.0,0,63,0.0,0.0,0,0.0,0,0.378064457934141
12379.0,457.88999999999993,15,2,228.94499999999996,15.0,0.0,0,63,1.0,1.95,1,0.5,0,0.397560425790424
17749.0,674.52,78,2,337.26,78.0,0.0,0,86,0.0,0.0,0,0.0,1,0.42286207849093643
16692.0,1276.0,33,2,638.0,33.0,0.0,0,164,0.0,0.0,0,0.0,1,0.5964229047536412
14258.0,9366.42,189,8,1170.8025,27.0,0.0,0,56,2.0,19.9,1,0.125,0,0.010827091091706487
15805.0,3511.3500000000004,258,13,270.1038461538462,21.5,0.0,0,14,44.0,46.45,2,0.15384615384615385,0,0.030072396870075437
15969.0,308.7,0,1,308.7,0.0,0.0,0,93,0.0,0.0,0,0.0,0,0.5435481380873738
15799.0,481.24,149,2,240.62,149.0,0.0,0,93,0.0,0.0,0,0.0,0,0.39333144376413914
16092.0,779.3599999999999,156,5,155.87199999999999,39.0,0.0,0,6,26.0,38.5,2,0.4,1,0.22238660020185028
13330.0,1140.93,223,3,380.31,111.5,0.0,0,0,0.0,0.0,0,0.0,1,0.41073430687634915
13395.0,307.72,0,1,307.72,0.0,0.0,0,93,0.0,0.0,0,0.0,1,0.5436657882365152
15120.0,343.8199999999999,4,2,171.90999999999994,4.0,0.0,0,37,4.0,15.0,1,0.5,1,0.38237686196184634
12468.0,724.04,173,3,241.34666666666666,86.5,0.0,0,51,2.0,5.5,1,0.3333333333333333,1,0.30322694726869576
12507.0,1232.86,164,4,308.215,54.666666666666664,0.0,0,42,11.0,46.75,1,0.25,1,0.20125063802318272
15065.0,2824.0,127,5,564.8,31.75,0.0,0,72,28.0,22.15,2,0.4,0,0.09244333835083746
12483.0,1567.06,241,9,174.11777777777777,30.125,0.0,0,6,5.0,57.0,3,0.3333333333333333,0,0.16009682983077578
12520.0,1994.1000000000006,131,5,398.8200000000001,32.75,0.0,0,50,9.0,51.75,1,0.2,0,0.15495978573436917
16676.0,1065.1000000000001,133,4,266.27500000000003,44.333333333333336,0.0,0,112,5.0,33.4,1,0.25,0,0.25389627718923763
13258.0,224.62000000000003,0,1,224.62000000000003,0.0,0.0,0,113,0.0,0.0,0,0.0,0,0.5883206354721013
17054.0,1204.8199999999997,111,5,240.96399999999994,27.75,0.0,0,42,2.0,2.5,1,0.2,0,0.1925465286779783
16931.0,2913.85,266,14,208.13214285714284,20.46153846153846,0.0,0,11,0.0,0.0,0,0.0,0,0.028979805940120125
15351.0,261.28000000000003,0,2,130.64000000000001,0.0,0.0,0,277,7.0,13.389999999999999,1,0.5,0,0.6431867479246003
16477.0,1989.0600000000002,240,6,331.51000000000005,48.0,0.0,0,39,0.0,0.0,0,0.0,0,0.18948140750044778
17298.0,498.4200000000001,23,2,249.21000000000004,23.0,0.0,0,9,0.0,0.0,0,0.0,1,0.30961994789788294
16933.0,208.03,4,3,69.34333333333333,2.0,0.0,0,143,5.0,16.7,2,0.6666666666666666,0,0.45304021340842754
17348.0,160.15000000000003,0,1,160.15000000000003,0.0,0.0,0,205,0.0,0.0,0,0.0,0,0.6639281200371925
15245.0,2515.8400000000006,127,3,838.6133333333336,63.5,0.0,0,42,0.0,0.0,0,0.0,1,0.27247742443199324
15759.0,253.04000000000002,140,3,84.34666666666668,70.0,0.0,0,126,0.0,0.0,0,0.0,1,0.4386763935776047
13976.0,357.9800000000001,0,1,357.9800000000001,0.0,0.0,0,114,0.0,0.0,0,0.0,1,0.5782257802715794
18183.0,600.5200000000001,56,6,100.08666666666669,11.2,0.0,0,126,9.0,31.55,4,0.6666666666666666,1,0.21078573960403016
14760.0,53.8,3,2,26.9,3.0,0.0,0,202,12.0,35.400000000000006,1,0.5,1,0.7543687815681676
14867.0,701.3299999999999,183,4,175.33249999999998,61.0,0.0,0,93,1.0,8.95,1,0.25,1,0.2980708158472473
17340.0,7563.0,253,9,840.3333333333334,31.625,70786.80000000003,1,21,17.0,30.65,2,0.2222222222222222,0,0.0006964441668022379
17550.0,267.15999999999997,46,3,89.05333333333333,23.0,0.0,0,105,0.0,0.0,0,0.0,1,0.5339348356245076
15197.0,353.84999999999997,106,3,117.94999999999999,53.0,0.0,0,160,12.0,419.40000000000003,1,0.3333333333333333,0,0.3577651765168092
12359.0,3459.9300000000003,142,4,864.9825000000001,47.333333333333336,0.0,0,97,4.0,35.8,1,0.25,0,0.06766006742476935
14699.0,109.12999999999998,0,1,109.12999999999998,0.0,0.0,0,122,0.0,0.0,0,0.0,1,0.6108387973716025
15381.0,596.85,55,2,298.425,55.0,0.0,0,121,0.0,0.0,0,0.0,1,0.5122343336498262
17277.0,1065.3500000000001,95,2,532.6750000000001,95.0,0.0,0,135,0.0,0.0,0,0.0,1,0.5002952965370083
14352.0,1078.9599999999998,116,4,269.73999999999995,38.666666666666664,0.0,0,65,0.0,0.0,0,0.0,1,0.3036459261661987
14794.0,645.64,131,5,129.128,32.75,0.0,0,111,2.0,33.9,1,0.2,0,0.34499447117483395
16424.0,82.56,146,2,41.28,146.0,0.0,0,99,6.0,51.0,1,0.5,1,0.47669180666716143
16771.0,1643.9499999999998,63,3,547.9833333333332,31.5,0.0,0,183,0.0,0.0,0,0.0,0,0.3382399788250385
15831.0,397.11,200,3,132.37,100.0,0.0,0,32,8.0,54.0,1,0.3333333333333333,0,0.2622976255750859
13741.0,361.03,34,3,120.34333333333332,17.0,0.0,0,91,1.0,2.1,1,0.3333333333333333,0,0.4528480983679214
17174.0,59.9,0,1,59.9,0.0,0.0,0,125,0.0,0.0,0,0.0,1,0.6179240772245665
14855.0,645.65,15,2,322.825,15.0,0.0,0,27,0.0,0.0,0,0.0,1,0.3540159388791486
12453.0,696.8899999999999,0,1,696.8899999999999,0.0,0.0,0,42,0.0,0.0,0,0.0,1,0.38146505637191686
12924.0,643.57,129,4,160.8925,43.0,0.0,0,106,1.0,3.75,1,0.25,0,0.3133684251877662
12759.0,1082.52,104,2,541.26,104.0,0.0,0,79,0.0,0.0,0,0.0,0,0.3958633480518525
14633.0,344.9000000000001,0,1,344.9000000000001,0.0,0.0,0,174,0.0,0.0,0,0.0,1,0.6631846218692304
12826.0,812.0199999999999,197,5,162.40399999999997,49.25,0.0,0,76,4.0,6.6,1,0.2,0,0.2775861249785771
17764.0,261.96999999999997,0,1,261.96999999999997,0.0,0.0,0,119,0.0,0.0,0,0.0,0,0.5948131017023549
14651.0,416.31999999999994,0,1,416.31999999999994,0.0,0.0,0,119,0.0,0.0,0,0.0,0,0.5826308314163341
12465.0,440.94,0,1,440.94,0.0,0.0,0,77,0.0,0.0,0,0.0,0,0.4933369699429973
14000.0,633.71,5,2,316.855,5.0,0.0,0,114,3.0,1.9500000000000002,1,0.5,1,0.41164977861591584
14970.0,1119.75,179,3,373.25,89.5,0.0,0,45,0.0,0.0,0,0.0,0,0.3508847617539671
12991.0,303.55999999999995,0,1,303.55999999999995,0.0,0.0,0,20,0.0,0.0,0,0.0,0,0.39346268224036807
14360.0,1134.6899999999996,0,1,1134.6899999999996,0.0,0.0,0,2,0.0,0.0,0,0.0,0,0.27295884488930405
15198.0,193.64,32,2,96.82,32.0,0.0,0,0,0.0,0.0,0,0.0,1,0.2862190541405272
12592.0,437.6,121,2,218.8,121.0,0.0,0,0,0.0,0.0,0,0.0,1,0.29272848727479106
14288.0,413.85,1,2,206.925,1.0,0.0,0,120,1.0,12.75,1,0.5,1,0.5276283290164075
13052.0,348.15000000000003,0,1,348.15000000000003,0.0,0.0,0,120,0.0,0.0,0,0.0,1,0.5897441889453634
16005.0,297.22999999999985,88,2,148.61499999999992,88.0,0.0,0,90,0.0,0.0,0,0.0,0,0.41190874817526163
13133.0,109.8,31,2,54.9,31.0,0.0,0,181,0.0,0.0,0,0.0,1,0.6485802334160887
15952.0,327.80000000000007,66,2,163.90000000000003,66.0,0.0,0,67,0.0,0.0,0,0.0,0,0.38804745735214985
16163.0,441.6,140,3,147.20000000000002,70.0,0.0,0,133,100.0,415.00000000000006,1,0.3333333333333333,1,0.18747614631470752
13229.0,160.95,0,1,160.95,0.0,0.0,0,133,0.0,0.0,0,0.0,1,0.6212999643818636
13808.0,699.8999999999999,3,2,349.94999999999993,3.0,0.0,0,1,0.0,0.0,0,0.0,0,0.3239491674676976
17747.0,64.65,12,2,32.325,12.0,0.0,0,8,1.0,6.75,1,0.5,1,0.472392511797872
13680.0,871.4799999999998,3,3,290.4933333333333,1.5,0.0,0,244,669.0,1520.11,1,0.3333333333333333,0,0.7726381005423388
17774.0,1215.46,209,5,243.092,52.25,0.0,0,4,1.0,9.95,1,0.2,1,0.16915488263230422
13865.0,370.74,153,3,123.58,76.5,0.0,0,44,0.0,0.0,0,0.0,0,0.3371769311617232
15858.0,816.2200000000005,78,2,408.11000000000024,78.0,0.0,0,197,0.0,0.0,0,0.0,0,0.5663522543738716
16233.0,211.95,37,4,52.9875,12.333333333333334,0.0,0,237,9.0,114.54999999999998,2,0.5,0,0.38699932221898387
15213.0,325.04999999999995,11,3,108.34999999999998,5.5,0.0,0,226,2.0,3.3,1,0.3333333333333333,1,0.6455026258767437
13385.0,534.5700000000002,0,1,534.5700000000002,0.0,0.0,0,237,0.0,0.0,0,0.0,1,0.7159409221338471
16872.0,464.68,79,2,232.34,79.0,0.0,0,13,0.0,0.0,0,0.0,0,0.27704371759402513
13345.0,377.6000000000001,11,2,188.80000000000004,11.0,0.0,0,184,2.0,11.899999999999999,1,0.5,1,0.6335691634943214
18180.0,601.85,6,2,300.925,6.0,0.0,0,44,0.0,0.0,0,0.0,0,0.4135214744787278
15587.0,456.84,209,2,228.42,209.0,0.0,0,50,0.0,0.0,0,0.0,0,0.4692590468193206
15712.0,766.3100000000001,178,3,255.4366666666667,89.0,0.0,0,17,0.0,0.0,0,0.0,0,0.3321940312626286
13792.0,74.6,0,1,74.6,0.0,0.0,0,195,0.0,0.0,0,0.0,0,0.6560710604841866
12361.0,189.89999999999998,0,1,189.89999999999998,0.0,0.0,0,195,0.0,0.0,0,0.0,1,0.6665396112322545
15394.0,1436.44,154,2,718.22,154.0,0.0,0,112,0.0,0.0,0,0.0,0,0.33466248037697777
16560.0,332.1799999999999,0,1,332.1799999999999,0.0,0.0,0,266,0.0,0.0,0,0.0,0,0.661519104803634
17392.0,451.90999999999997,52,2,225.95499999999998,52.0,0.0,0,214,0.0,0.0,0,0.0,1,0.6045671178947382
13918.0,198.20000000000002,0,1,198.20000000000002,0.0,0.0,0,161,0.0,0.0,0,0.0,0,0.649294402754032
17212.0,226.85,0,1,226.85,0.0,0.0,0,161,0.0,0.0,0,0.0,1,0.6494341680403811
12933.0,356.23999999999995,112,3,118.74666666666666,56.0,0.0,0,79,1.0,1.25,1,0.3333333333333333,0,0.35620336092942334
17960.0,73.78,0,1,73.78,0.0,0.0,0,79,0.0,0.0,0,0.0,1,0.5492923012133609
14236.0,189.3,0,1,189.3,0.0,0.0,0,280,0.0,0.0,0,0.0,0,0.5918502678422385
14113.0,-25.25,43,4,-6.3125,14.333333333333334,0.0,0,219,109.0,458.75,3,0.75,0,0.19218789598968866
12944.0,286.95,0,1,286.95,0.0,0.0,0,262,0.0,0.0,0,0.0,0,0.653487412771297
17230.0,3466.6699999999996,95,11,315.15181818181816,9.5,0.0,0,172,98.0,171.74,3,0.2727272727272727,1,0.6328063580410612
13002.0,120.94999999999999,0,1,120.94999999999999,0.0,0.0,0,226,0.0,0.0,0,0.0,1,0.6494467329033238
16579.0,-30.599999999999998,0,1,-30.599999999999998,0.0,0.0,0,273,12.0,30.599999999999998,1,1.0,1,0.5487443628204786
12605.0,-7.5,0,1,-7.5,0.0,0.0,0,273,4.0,7.5,1,1.0,1,0.4873911041026461
13227.0,257.7,0,1,257.7,0.0,0.0,0,109,0.0,0.0,0,0.0,1,0.5785665932579627
14891.0,554.38,39,2,277.19,39.0,0.0,0,56,0.0,0.0,0,0.0,1,0.3891890598980543
13262.0,200.29000000000002,0,1,200.29000000000002,0.0,0.0,0,171,0.0,0.0,0,0.0,1,0.6568531144854137
13561.0,141.86,0,1,141.86,0.0,0.0,0,123,0.0,0.0,0,0.0,1,0.6097640261746429
15891.0,521.9699999999999,0,1,521.9699999999999,0.0,0.0,0,134,0.0,0.0,0,0.0,1,0.6036377652159596
13809.0,155.05,0,1,155.05,0.0,0.0,0,213,0.0,0.0,0,0.0,1,0.6616210564833743
17109.0,464.5899999999999,0,2,232.29499999999996,0.0,0.0,0,140,0.0,0.0,0,0.0,0,0.6541433799692332
12381.0,1214.79,19,2,607.395,19.0,0.0,0,8,25.0,41.35,1,0.5,0,0.08576316198573349
17053.0,496.37999999999994,2,2,248.18999999999997,2.0,0.0,0,36,1.0,2.1,1,0.5,1,0.2982626959840571
17887.0,111.35,0,1,111.35,0.0,0.0,0,37,0.0,0.0,0,0.0,1,0.46313533480158625
17633.0,581.11,256,3,193.70333333333335,128.0,0.0,0,11,10.0,67.5,1,0.3333333333333333,0,0.18955603394677453
16323.0,207.50000000000003,0,1,207.50000000000003,0.0,0.0,0,104,0.0,0.0,0,0.0,1,0.5751200591601279
17194.0,226.78000000000003,0,1,226.78000000000003,0.0,0.0,0,268,0.0,0.0,0,0.0,1,0.6274367625731863
17948.0,358.56000000000006,0,1,358.56000000000006,0.0,0.0,0,55,0.0,0.0,0,0.0,1,0.4573571166533366
13967.0,80.7,0,1,80.7,0.0,0.0,0,53,0.0,0.0,0,0.0,1,0.5002909185012627
13224.0,1212.26,0,1,1212.26,0.0,0.0,0,59,0.0,0.0,0,0.0,0,0.36990352951074645
13311.0,490.11,0,1,490.11,0.0,0.0,0,58,0.0,0.0,0,0.0,0,0.4443569522077625
16009.0,462.18999999999994,0,1,462.18999999999994,0.0,0.0,0,67,0.0,0.0,0,0.0,0,0.4683276864309701
13730.0,752.6000000000001,26,2,376.30000000000007,26.0,0.0,0,43,0.0,0.0,0,0.0,1,0.3666619547810661
15007.0,156.91000000000003,0,1,156.91000000000003,0.0,0.0,0,67,0.0,0.0,0,0.0,1,0.514237525471345
13396.0,370.92,7,2,185.46,7.0,0.0,0,220,3.0,16.35,1,0.5,0,0.6498843447790738
18112.0,196.64000000000001,0,1,196.64000000000001,0.0,0.0,0,74,0.0,0.0,0,0.0,0,0.5216379167779442
15976.0,430.93999999999994,55,2,215.46999999999997,55.0,0.0,0,73,0.0,0.0,0,0.0,1,0.4120625383037208
12580.0,415.7,0,1,415.7,0.0,0.0,0,154,0.0,0.0,0,0.0,1,0.640177184128093
13712.0,228.83999999999997,0,1,228.83999999999997,0.0,0.0,0,154,0.0,0.0,0,0.0,1,0.6426989923610626
12849.0,686.86,0,1,686.86,0.0,0.0,0,176,0.0,0.0,0,0.0,0,0.6726752083826796
13216.0,333.74,0,1,333.74,0.0,0.0,0,175,0.0,0.0,0,0.0,1,0.6637800145900294
17414.0,598.0,0,1,598.0,0.0,0.0,0,92,0.0,0.0,0,0.0,0,0.5081389732068562
15042.0,135.93,0,1,135.93,0.0,0.0,0,107,0.0,0.0,0,0.0,1,0.5873780231332763
13411.0,213.55000000000004,0,1,213.55000000000004,0.0,0.0,0,15,0.0,0.0,0,0.0,1,0.39975735924021016
13888.0,605.6300000000001,99,2,302.81500000000005,99.0,0.0,0,27,0.0,0.0,0,0.0,1,0.3078167835372827
13645.0,252.1,0,1,252.1,0.0,0.0,0,28,0.0,0.0,0,0.0,1,0.4186737384644016
13016.0,425.24999999999983,0,1,425.24999999999983,0.0,0.0,0,31,0.0,0.0,0,0.0,0,0.3958322973051633
14292.0,2552.31,181,7,364.61571428571426,30.166666666666668,0.0,0,53,14.0,37.900000000000006,3,0.42857142857142855,0,0.1539041221480648
17696.0,1844.83,256,11,167.7118181818182,25.6,0.0,0,16,24.0,70.76,4,0.36363636363636365,0,0.21795879260814746
13448.0,1379.3099999999997,160,7,197.04428571428568,26.666666666666668,0.0,0,121,17.0,43.95,3,0.42857142857142855,0,0.3643737188312038
17790.0,1363.5100000000002,244,12,113.62583333333335,22.181818181818183,0.0,0,28,0.0,0.0,0,0.0,0,0.12753536880574953
18178.0,1573.41,251,6,262.235,50.2,0.0,0,21,4.0,17.4,2,0.3333333333333333,1,0.23770665121032725
15311.0,45024.409999999996,279,86,523.5396511627906,3.2823529411764705,0.0,0,2,410.0,1131.07,20,0.23255813953488372,0,2.623404234518359e-37
17809.0,2855.6499999999996,244,9,317.2944444444444,30.5,0.0,0,37,1.0,1.06,1,0.1111111111111111,0,0.09984261028447665
13911.0,2427.55,164,8,303.44375,23.428571428571427,0.0,0,52,0.0,0.0,0,0.0,0,0.2094805527434556
13149.0,1132.62,183,3,377.53999999999996,91.5,0.0,0,14,0.0,0.0,0,0.0,0,0.34797433970765645
16816.0,417.06000000000006,255,4,104.26500000000001,85.0,0.0,0,11,0.0,0.0,0,0.0,1,0.2851374720109323
12456.0,2238.25,146,3,746.0833333333334,73.0,0.0,0,16,17.0,27.15,1,0.3333333333333333,0,0.13842280243889374
12709.0,6837.969999999999,271,18,379.8872222222222,15.941176470588236,0.0,0,3,58.0,367.62,7,0.3888888888888889,0,0.007257813247918059
15785.0,1654.0500000000002,138,6,275.675,27.6,0.0,0,65,2.0,11.78,2,0.3333333333333333,0,0.19403374189191827
15194.0,4370.88,246,17,257.11058823529413,15.375,0.0,0,30,43.0,86.05000000000001,6,0.35294117647058826,0,0.09272395795272545
17775.0,56.4,0,1,56.4,0.0,0.0,0,162,0.0,0.0,0,0.0,1,0.6486190515914569
16474.0,328.1500000000001,46,2,164.07500000000005,46.0,0.0,0,7,12.0,27.0,1,0.5,0,0.38775350710261336
15845.0,2453.26,203,7,350.46571428571434,33.833333333333336,0.0,0,42,8.0,60.9,2,0.2857142857142857,0,0.1420594881362291
16746.0,4417.7300000000005,258,13,339.8253846153847,21.5,0.0,0,8,3.0,3.3499999999999996,1,0.07692307692307693,0,0.02371038953895549
16744.0,403.51000000000005,77,3,134.50333333333336,38.5,0.0,0,4,0.0,0.0,0,0.0,0,0.2524007560942543
14062.0,7801.790000000001,252,9,866.8655555555556,31.5,0.0,0,20,0.0,0.0,0,0.0,0,0.06573718733346377
14031.0,8439.58,246,15,562.6386666666666,17.571428571428573,11504.329999999998,1,34,217.0,1171.95,2,0.13333333333333333,0,0.00028511658965042915
16161.0,2937.6,228,16,183.6,15.2,0.0,0,48,38.0,126.10000000000001,4,0.25,0,0.2362091601227995
15440.0,233.51999999999998,72,2,116.75999999999999,72.0,0.0,0,44,0.0,0.0,0,0.0,0,0.3370240636963675
16983.0,1179.25,273,6,196.54166666666666,54.6,0.0,0,4,13.0,11.049999999999999,1,0.16666666666666666,0,0.14221520466087756
16393.0,1721.7099999999996,275,12,143.4758333333333,25.0,0.0,0,2,21.0,40.61,3,0.25,0,0.052683670918582025
16143.0,1944.2599999999998,261,6,324.0433333333333,52.2,0.0,0,16,2.0,5.1,1,0.16666666666666666,0,0.16345095033644277
12720.0,3665.890000000001,275,19,192.94157894736847,15.277777777777779,0.0,0,2,8.0,23.95,2,0.10526315789473684,0,0.0026216431918477195
13034.0,165.86000000000004,0,1,165.86000000000004,0.0,0.0,0,277,0.0,0.0,0,0.0,0,0.5895884108126127
12476.0,3060.9699999999993,234,12,255.0808333333333,21.272727272727273,0.0,0,35,23.0,130.70000000000002,5,0.4166666666666667,0,0.24822293596316045
17404.0,19545.100000000002,237,12,1628.7583333333334,21.545454545454547,0.0,0,31,384.0,1368.0,2,0.16666666666666666,0,0.0021202270465344414
15133.0,982.4200000000001,174,3,327.47333333333336,87.0,0.0,0,35,0.0,0.0,0,0.0,1,0.34408271339001417
16861.0,48.69000000000001,210,2,24.345000000000006,210.0,0.0,0,66,7.0,22.110000000000003,1,0.5,0,0.5591221871436667
13481.0,1348.58,260,6,224.76333333333332,52.0,0.0,0,16,3.0,12.75,2,0.3333333333333333,0,0.2560081411949244
17091.0,2667.05,269,8,333.38125,38.42857142857143,0.0,0,6,3.0,24.95,1,0.125,0,0.08575471880161387
15984.0,1842.46,268,7,263.2085714285714,44.666666666666664,0.0,0,8,0.0,0.0,0,0.0,0,0.12968346864010455
14282.0,2495.44,258,9,277.2711111111111,32.25,0.0,0,17,0.0,0.0,0,0.0,0,0.09211879503403614
17975.0,3849.0999999999995,252,12,320.75833333333327,22.90909090909091,0.0,0,22,16.0,95.2,1,0.08333333333333333,0,0.040014998872140946
17469.0,1022.3600000000001,96,4,255.59000000000003,32.0,0.0,0,16,9.0,27.91,1,0.25,0,0.1869500940098493
14239.0,1823.54,222,11,165.77636363636364,22.2,0.0,0,2,7.0,57.35,2,0.18181818181818182,0,0.04246435216385656
14075.0,307.91999999999996,0,1,307.91999999999996,0.0,0.0,0,169,0.0,0.0,0,0.0,0,0.6576910080517281
13305.0,1471.25,280,8,183.90625,40.0,0.0,0,0,0.0,0.0,0,0.0,0,0.07471180884892344
15923.0,127.08000000000003,0,1,127.08000000000003,0.0,0.0,0,280,0.0,0.0,0,0.0,1,0.5677281630762667
17976.0,353.18999999999994,0,1,353.18999999999994,0.0,0.0,0,280,0.0,0.0,0,0.0,1,0.6499301804232429
18280.0,180.6,0,1,180.6,0.0,0.0,0,185,0.0,0.0,0,0.0,1,0.6631635384807889
17654.0,117.54999999999998,0,1,117.54999999999998,0.0,0.0,0,185,0.0,0.0,0,0.0,1,0.6591382037881827
16713.0,3909.3700000000013,251,15,260.62466666666677,17.928571428571427,0.0,0,23,8.0,61.4,4,0.26666666666666666,0,0.0527871491888897
16923.0,4340.7300000000005,263,21,206.7014285714286,13.15,0.0,0,7,234.0,580.78,7,0.3333333333333333,0,0.005127666355673048
13426.0,1558.68,177,5,311.736,44.25,0.0,0,90,0.0,0.0,0,0.0,0,0.24359997571733005
18079.0,2206.179999999999,112,2,1103.0899999999995,112.0,0.0,0,34,0.0,0.0,0,0.0,0,0.22470923539409224
18094.0,2402.2999999999997,155,5,480.4599999999999,38.75,0.0,0,44,0.0,0.0,0,0.0,0,0.2022087122065685
12383.0,1821.6699999999998,168,6,303.6116666666666,33.6,0.0,0,92,3.0,11.25,1,0.16666666666666666,1,0.18825005149928284
15535.0,459.89999999999986,192,7,65.69999999999997,32.0,0.0,0,81,14.0,76.5,3,0.42857142857142855,1,0.5726577707476371
15246.0,514.15,120,2,257.075,120.0,0.0,0,146,0.0,0.0,0,0.0,1,0.4266489621665166
14414.0,1299.29,259,7,185.61285714285714,43.166666666666664,0.0,0,7,3.0,11.850000000000001,1,0.14285714285714285,0,0.11425607702410934
15114.0,1678.9699999999998,208,7,239.85285714285712,34.666666666666664,0.0,0,1,0.0,0.0,0,0.0,0,0.1328483004122428
12432.0,4016.6600000000008,2,3,1338.886666666667,1.0,0.0,0,78,0.0,0.0,0,0.0,0,0.19111829174998862
15700.0,664.0299999999996,1,3,221.34333333333322,0.5,0.0,0,80,29.0,32.65,1,0.3333333333333333,1,0.43260483044275433
12664.0,1957.48,179,3,652.4933333333333,89.5,0.0,0,51,0.0,0.0,0,0.0,0,0.3168819974362301
16232.0,725.04,72,3,241.67999999999998,36.0,0.0,0,51,0.0,0.0,0,0.0,0,0.3341637872936227
12480.0,2139.91,193,3,713.3033333333333,96.5,0.0,0,51,0.0,0.0,0,0.0,0,0.31817616640953267
17267.0,317.61999999999995,0,2,158.80999999999997,0.0,0.0,0,35,0.0,0.0,0,0.0,1,0.44161598330062224
13230.0,2190.62,227,13,168.50923076923075,18.916666666666668,0.0,0,46,121.0,43.559999999999995,1,0.07692307692307693,0,0.1952036505771085
17517.0,153.94,0,1,153.94,0.0,0.0,0,216,0.0,0.0,0,0.0,1,0.6604317226446076
15416.0,3124.18,132,4,781.045,44.0,0.0,0,58,1.0,9.95,1,0.25,0,0.10320092989291198
14493.0,611.2200000000001,0,1,611.2200000000001,0.0,0.0,0,63,0.0,0.0,0,0.0,0,0.43931180902685335
15512.0,121.0,204,2,60.5,204.0,0.0,0,63,0.0,0.0,0,0.0,1,0.518502023920261
13027.0,6912.0,241,6,1152.0,48.2,0.0,0,21,0.0,0.0,0,0.0,1,0.17675921802830724
13769.0,2153.6700000000005,275,13,165.66692307692313,22.916666666666668,0.0,0,0,10.0,22.95,5,0.38461538461538464,0,0.13666755416498355
14538.0,106.50000000000001,0,1,106.50000000000001,0.0,0.0,0,164,0.0,0.0,0,0.0,0,0.6504424392346502
14045.0,1659.75,264,4,414.9375,88.0,0.0,0,17,0.0,0.0,0,0.0,1,0.36234192244695673
14905.0,599.9,79,3,199.96666666666667,39.5,0.0,0,62,13.0,16.25,1,0.3333333333333333,1,0.31766687722490694
17787.0,1865.19,219,4,466.2975,73.0,0.0,0,60,0.0,0.0,0,0.0,1,0.2569804297922917
14191.0,2177.71,112,8,272.21375,16.0,0.0,0,16,5.0,24.75,1,0.125,0,0.10889302577543453
14299.0,1349.6399999999999,268,11,122.69454545454545,26.8,0.0,0,6,132.0,1087.5,6,0.5454545454545454,0,0.8253576999171758
12526.0,520.3,0,1,520.3,0.0,0.0,0,2,0.0,0.0,0,0.0,0,0.325993194031427
13784.0,2124.15,238,9,236.01666666666668,29.75,0.0,0,2,0.0,0.0,0,0.0,0,0.07730172234985849
14958.0,499.67999999999995,98,3,166.55999999999997,49.0,0.0,0,55,0.0,0.0,0,0.0,1,0.33880155081666535
15342.0,391.75999999999993,13,2,195.87999999999997,13.0,0.0,0,24,7.0,14.33,1,0.5,1,0.34092887158467217
16838.0,582.9000000000001,91,3,194.30000000000004,45.5,0.0,0,105,1.0,5.95,1,0.3333333333333333,1,0.35903713978969704
15713.0,346.75,223,3,115.58333333333333,111.5,0.0,0,51,1.0,9.95,1,0.3333333333333333,1,0.3620815502680917
16581.0,70.44,27,2,35.22,27.0,0.0,0,63,12.0,35.400000000000006,1,0.5,1,0.5865012816793551
13217.0,133.62,34,5,26.724,8.5,0.0,0,30,148.0,400.36,2,0.4,1,0.44369442405645376
17060.0,234.24,0,1,234.24,0.0,0.0,0,174,0.0,0.0,0,0.0,1,0.6599051961096101
14862.0,299.06000000000006,0,1,299.06000000000006,0.0,0.0,0,56,0.0,0.0,0,0.0,0,0.4689025450942858
12405.0,1710.3900000000006,0,1,1710.3900000000006,0.0,0.0,0,56,0.0,0.0,0,0.0,1,0.34173572806114005
14265.0,476.18,39,2,238.09,39.0,0.0,0,17,0.0,0.0,0,0.0,1,0.3035284557050611
14847.0,309.4,0,1,309.4,0.0,0.0,0,56,0.0,0.0,0,0.0,1,0.4672464884305571
12679.0,869.1300000000001,78,3,289.71000000000004,39.0,0.0,0,113,15.0,37.25,1,0.3333333333333333,0,0.3417179784523608
14505.0,4207.0999999999985,253,8,525.8874999999998,36.142857142857146,0.0,0,17,6.0,45.44,2,0.25,0,0.08559391669131106
13659.0,1550.85,123,3,516.9499999999999,61.5,0.0,0,105,15.0,22.35,1,0.3333333333333333,1,0.2243915294138423
13265.0,1465.6599999999999,90,3,488.5533333333333,45.0,0.0,0,91,0.0,0.0,0,0.0,0,0.3149144511594401
16010.0,407.5,117,3,135.83333333333334,58.5,0.0,0,153,0.0,0.0,0,0.0,1,0.4480387169249207
14898.0,936.1000000000001,237,7,133.72857142857146,39.5,0.0,0,42,12.0,75.2,2,0.2857142857142857,0,0.27584754555042074
13831.0,1451.1899999999998,231,4,362.79749999999996,77.0,0.0,0,46,0.0,0.0,0,0.0,0,0.30405218486811525
15716.0,1117.11,224,4,279.2775,74.66666666666667,0.0,0,53,0.0,0.0,0,0.0,1,0.3120747338895954
15457.0,237.07,0,1,237.07,0.0,0.0,0,170,0.0,0.0,0,0.0,1,0.6570760073531525
15935.0,108.03999999999999,0,1,108.03999999999999,0.0,0.0,0,147,0.0,0.0,0,0.0,1,0.637993495111926
12951.0,726.8799999999999,167,7,103.83999999999999,27.833333333333332,0.0,0,71,3.0,22.0,2,0.2857142857142857,0,0.3379932499705159
13138.0,489.45000000000005,239,3,163.15,119.5,0.0,0,41,0.0,0.0,0,0.0,0,0.4465367865245711
12518.0,324.83,0,1,324.83,0.0,0.0,0,18,0.0,0.0,0,0.0,0,0.3858434925607322
17695.0,718.94,40,2,359.47,40.0,0.0,0,39,0.0,0.0,0,0.0,1,0.3442293879089387
14897.0,175.5,0,1,175.5,0.0,0.0,0,204,0.0,0.0,0,0.0,0,0.6657386949320508
14346.0,1016.5400000000001,177,2,508.27000000000004,177.0,0.0,0,28,0.0,0.0,0,0.0,1,0.30319666102387904
16317.0,1341.65,178,3,447.2166666666667,89.0,0.0,0,27,0.0,0.0,0,0.0,1,0.34699413057706563
16611.0,115.95,47,2,57.975,47.0,0.0,0,94,1.0,8.5,1,0.5,1,0.6035892638317435
13203.0,309.86,122,2,154.93,122.0,0.0,0,28,0.0,0.0,0,0.0,0,0.337103448346957
16409.0,1039.2699999999998,167,3,346.42333333333323,83.5,0.0,0,58,0.0,0.0,0,0.0,0,0.34416707263135005
13501.0,1310.4699999999998,46,2,655.2349999999999,46.0,0.0,0,150,3.0,29.849999999999998,1,0.5,1,0.4282788437034066
16191.0,2551.08,98,15,170.072,7.0,0.0,0,170,32.0,64.60000000000001,6,0.4,0,0.9596537872378584
12724.0,280.36,159,2,140.18,159.0,0.0,0,81,0.0,0.0,0,0.0,0,0.4043346373320451
16440.0,272.46000000000004,0,1,272.46000000000004,0.0,0.0,0,122,0.0,0.0,0,0.0,0,0.5987927024617433
15865.0,313.93,0,1,313.93,0.0,0.0,0,121,0.0,0.0,0,0.0,0,0.5940654192167583
17744.0,1288.96,108,4,322.24,36.0,0.0,0,158,0.0,0.0,0,0.0,0,0.32361548435708404
18173.0,1728.84,75,3,576.28,37.5,0.0,0,107,0.0,0.0,0,0.0,0,0.3060430560941348
17746.0,98.80000000000001,6,2,49.400000000000006,6.0,0.0,0,142,3.0,11.45,1,0.5,1,0.7017081895414384
13491.0,1088.45,225,9,120.9388888888889,28.125,0.0,0,55,0.0,0.0,0,0.0,0,0.31521182206139364
16122.0,550.2600000000001,254,3,183.42000000000004,127.0,0.0,0,20,0.0,0.0,0,0.0,0,0.45811831609369663
14645.0,597.0899999999999,119,2,298.54499999999996,119.0,0.0,0,64,0.0,0.0,0,0.0,1,0.37406620598040774
12909.0,1485.92,62,5,297.184,15.5,0.0,0,99,7.0,42.45,2,0.4,0,0.23803428779521657
14818.0,401.22999999999996,84,2,200.61499999999998,84.0,0.0,0,77,0.0,0.0,0,0.0,0,0.3967888629327166
14029.0,165.2,0,1,165.2,0.0,0.0,0,52,0.0,0.0,0,0.0,0,0.48318513154403925
16475.0,459.3,130,3,153.1,65.0,0.0,0,51,0.0,0.0,0,0.0,0,0.33428446816842095
17988.0,136.05,209,6,22.675,41.8,0.0,0,25,1.0,9.95,1,0.16666666666666666,0,0.19543475450650233
14085.0,3229.24,227,13,248.4030769230769,18.916666666666668,0.0,0,49,1.0,12.75,1,0.07692307692307693,0,0.1468587715711428
16912.0,1471.9699999999998,189,9,163.5522222222222,23.625,0.0,0,42,14.0,34.209999999999994,2,0.2222222222222222,0,0.17923101978051612
15422.0,97.7,0,2,48.85,0.0,0.0,0,231,0.0,0.0,0,0.0,1,0.7813858414337959
12451.0,5201.499999999996,177,3,1733.8333333333321,88.5,0.0,0,55,120.0,102.0,1,0.3333333333333333,0,0.010128592341603522
15863.0,9.2,0,1,9.2,0.0,0.0,0,100,0.0,0.0,0,0.0,0,0.5909151975596706
15925.0,207.15,0,1,207.15,0.0,0.0,0,102,0.0,0.0,0,0.0,1,0.5717536318320615
13070.0,228.8,0,1,228.8,0.0,0.0,0,100,0.0,0.0,0,0.0,1,0.5658796812290098
14561.0,566.9899999999999,22,2,283.49499999999995,22.0,0.0,0,70,0.0,0.0,0,0.0,0,0.4468867538412762
13925.0,616.8000000000001,42,5,123.36000000000001,10.5,0.0,0,0,3.0,48.849999999999994,1,0.2,0,0.19612361077878615
15329.0,738.3000000000002,231,3,246.10000000000005,115.5,0.0,0,42,2.0,15.7,1,0.3333333333333333,0,0.32134251021122817
12902.0,138.68,0,1,138.68,0.0,0.0,0,172,0.0,0.0,0,0.0,1,0.6555703738687791
14223.0,975.2299999999999,172,4,243.80749999999998,57.333333333333336,0.0,0,0,2.0,15.9,1,0.25,1,0.18452256235540726
14841.0,2375.5699999999997,179,4,593.8924999999999,59.666666666666664,0.0,0,87,0.0,0.0,0,0.0,0,0.16312188369031483
16419.0,959.48,199,7,137.06857142857143,33.166666666666664,0.0,0,20,1.0,12.75,1,0.14285714285714285,1,0.1387514202527718
17700.0,1648.14,271,5,329.62800000000004,67.75,0.0,0,2,5.0,25.75,2,0.4,0,0.25295692623034594
15123.0,1069.4699999999993,0,1,1069.4699999999993,0.0,0.0,0,114,0.0,0.0,0,0.0,0,0.5208434453869144
14533.0,734.98,240,2,367.49,240.0,0.0,0,20,0.0,0.0,0,0.0,0,0.45444571107565623
13273.0,138.97999999999996,0,1,138.97999999999996,0.0,0.0,0,21,0.0,0.0,0,0.0,1,0.42591044727724553
15238.0,757.33,89,4,189.3325,29.666666666666668,0.0,0,3,3.0,15.45,2,0.5,0,0.22124229776231794
15199.0,967.75,214,3,322.5833333333333,107.0,0.0,0,2,0.0,0.0,0,0.0,0,0.3850580140868575
13949.0,537.9,0,1,537.9,0.0,0.0,0,2,0.0,0.0,0,0.0,0,0.3236698736458677
17309.0,82.75,0,1,82.75,0.0,0.0,0,3,0.0,0.0,0,0.0,1,0.40248052070439994
13384.0,1726.1899999999998,57,4,431.54749999999996,19.0,0.0,0,29,7.0,29.65,2,0.5,0,0.10139278935497156
12649.0,603.71,258,4,150.9275,86.0,0.0,0,15,12.0,19.799999999999997,1,0.25,1,0.22839077489982976
15732.0,294.12,160,2,147.06,160.0,0.0,0,120,0.0,0.0,0,0.0,1,0.36699586753077285
15918.0,334.22999999999996,81,2,167.11499999999998,81.0,0.0,0,98,0.0,0.0,0,0.0,1,0.4316949209662446
16807.0,1106.59,128,3,368.8633333333333,64.0,0.0,0,50,0.0,0.0,0,0.0,1,0.31411797258592156
15407.0,725.73,122,3,241.91,61.0,0.0,0,91,0.0,0.0,0,0.0,0,0.3668049631829532
14452.0,127.37,0,1,127.37,0.0,0.0,0,1,0.0,0.0,0,0.0,0,0.3895917108867943
14023.0,273.14,0,1,273.14,0.0,0.0,0,158,0.0,0.0,0,0.0,0,0.6465217485102974
16142.0,535.3400000000001,0,1,535.3400000000001,0.0,0.0,0,157,0.0,0.0,0,0.0,1,0.6428264829951098
16678.0,2134.8,184,9,237.20000000000002,23.0,0.0,0,6,2.0,2.5,1,0.1111111111111111,0,0.07316346645460968
16414.0,50.8,0,1,50.8,0.0,0.0,0,188,0.0,0.0,0,0.0,0,0.6545490599565666
12817.0,166.04,0,1,166.04,0.0,0.0,0,189,0.0,0.0,0,0.0,1,0.6633853107913322
13614.0,792.88,166,2,396.44,166.0,0.0,0,72,0.0,0.0,0,0.0,0,0.3632269013199403
15208.0,323.52,190,2,161.76,190.0,0.0,0,71,0.0,0.0,0,0.0,0,0.43736724885444067
13656.0,378.4000000000001,173,2,189.20000000000005,173.0,0.0,0,72,0.0,0.0,0,0.0,1,0.41277684722916885
13173.0,165.94000000000003,0,1,165.94000000000003,0.0,0.0,0,275,0.0,0.0,0,0.0,0,0.5938960632266733
13038.0,591.76,107,2,295.88,107.0,0.0,0,91,0.0,0.0,0,0.0,0,0.41205334269340443
13134.0,849.7900000000002,57,5,169.95800000000003,14.25,0.0,0,91,11.0,35.95,1,0.2,0,0.3560155290131056
14704.0,221.16000000000005,38,2,110.58000000000003,38.0,0.0,0,50,0.0,0.0,0,0.0,0,0.38662019314565166
15823.0,-811.8600000000001,0,1,-811.8600000000001,0.0,0.0,0,245,282.0,811.8600000000001,1,1.0,1,0.9996961845867277
14141.0,285.1600000000001,0,1,285.1600000000001,0.0,0.0,0,13,0.0,0.0,0,0.0,0,0.3828803143118538
12492.0,126.39,0,1,126.39,0.0,0.0,0,13,0.0,0.0,0,0.0,0,0.4127232365618258
15663.0,138.14000000000001,0,1,138.14000000000001,0.0,0.0,0,14,0.0,0.0,0,0.0,1,0.41232566089922024
15579.0,199.6,0,1,199.6,0.0,0.0,0,221,0.0,0.0,0,0.0,0,0.6654881131207069
17090.0,811.77,256,4,202.9425,85.33333333333333,0.0,0,6,0.0,0.0,0,0.0,0,0.3036498446586085
14985.0,296.74999999999994,160,2,148.37499999999997,160.0,0.0,0,106,0.0,0.0,0,0.0,1,0.38383515550078784
17701.0,417.95000000000005,0,1,417.95000000000005,0.0,0.0,0,160,0.0,0.0,0,0.0,1,0.6482677681606549
16245.0,760.8499999999999,135,3,253.61666666666665,67.5,0.0,0,29,3.0,8.850000000000001,1,0.3333333333333333,0,0.2569887063842221
12444.0,2598.47,50,2,1299.235,50.0,0.0,0,29,0.0,0.0,0,0.0,0,0.27650165791989956
15380.0,582.5600000000002,224,2,291.2800000000001,224.0,0.0,0,49,0.0,0.0,0,0.0,0,0.44468299611183193
14865.0,37.2,0,1,37.2,0.0,0.0,0,280,0.0,0.0,0,0.0,0,0.5310588674795446
16557.0,101.15,0,1,101.15,0.0,0.0,0,45,0.0,0.0,0,0.0,0,0.4809195137600951
16463.0,314.4200000000001,8,2,157.21000000000004,8.0,0.0,0,104,1.0,4.95,1,0.5,0,0.5485753838861059
14607.0,495.0,0,1,495.0,0.0,0.0,0,169,0.0,0.0,0,0.0,0,0.6602704713965516
18256.0,-50.1,0,1,-50.1,0.0,0.0,0,262,70.0,50.1,1,1.0,1,0.598827099030859
18277.0,-12.75,0,1,-12.75,0.0,0.0,0,226,1.0,12.75,1,1.0,0,0.435875230017553
15704.0,2293.62,75,4,573.405,25.0,0.0,0,48,0.0,0.0,0,0.0,1,0.23831238764083856
13972.0,145.90000000000003,0,1,145.90000000000003,0.0,0.0,0,109,0.0,0.0,0,0.0,0,0.5894394010919904
15219.0,305.75,0,1,305.75,0.0,0.0,0,84,0.0,0.0,0,0.0,1,0.5260415793916366
13285.0,1970.0999999999997,129,3,656.6999999999999,64.5,0.0,0,69,0.0,0.0,0,0.0,0,0.27346081782123255
12573.0,160.54,0,1,160.54,0.0,0.0,0,135,0.0,0.0,0,0.0,1,0.6237214749364605
17155.0,143.3,0,1,143.3,0.0,0.0,0,85,0.0,0.0,0,0.0,0,0.549877930132663
16332.0,659.27,175,3,219.75666666666666,87.5,0.0,0,38,0.0,0.0,0,0.0,0,0.34839665576922274
14512.0,269.48,45,2,134.74,45.0,0.0,0,95,0.0,0.0,0,0.0,1,0.4757020798553811
16780.0,425.18999999999994,159,2,212.59499999999997,159.0,0.0,0,8,0.0,0.0,0,0.0,1,0.3838978877602556
17282.0,1703.4099999999999,169,3,567.8033333333333,84.5,0.0,0,38,0.0,0.0,0,0.0,1,0.3296599202954758
12937.0,428.22999999999996,70,2,214.11499999999998,70.0,0.0,0,105,0.0,0.0,0,0.0,0,0.4593331050318822
18141.0,-35.400000000000006,0,1,-35.400000000000006,0.0,0.0,0,268,12.0,35.400000000000006,1,1.0,1,0.558051736389189
17537.0,630.5200000000004,0,1,630.5200000000004,0.0,0.0,0,211,0.0,0.0,0,0.0,0,0.7127913209935131
12401.0,84.3,0,1,84.3,0.0,0.0,0,211,0.0,0.0,0,0.0,1,0.6525173685591777
13487.0,408.8,140,2,204.4,140.0,0.0,0,121,0.0,0.0,0,0.0,0,0.39257252013397587
16620.0,95.76,0,1,95.76,0.0,0.0,0,168,0.0,0.0,0,0.0,0,0.652333225613802
16022.0,628.2800000000001,0,1,628.2800000000001,0.0,0.0,0,168,0.0,0.0,0,0.0,1,0.6596400961972507
14690.0,203.62000000000003,0,2,101.81000000000002,0.0,0.0,0,59,7.0,13.09,1,0.5,0,0.5108771548077788
14782.0,200.10000000000002,0,1,200.10000000000002,0.0,0.0,0,227,0.0,0.0,0,0.0,1,0.6629551564864896
17843.0,197.73000000000002,0,1,197.73000000000002,0.0,0.0,0,211,0.0,0.0,0,0.0,1,0.6677326244752747
13358.0,439.03000000000003,0,1,439.03000000000003,0.0,0.0,0,176,0.0,0.0,0,0.0,1,0.667695915930568
14840.0,62.85,0,1,62.85,0.0,0.0,0,175,0.0,0.0,0,0.0,1,0.6537820729157834
14150.0,306.18,0,1,306.18,0.0,0.0,0,267,0.0,0.0,0,0.0,0,0.6529267799015008
17525.0,422.70000000000005,0,1,422.70000000000005,0.0,0.0,0,267,0.0,0.0,0,0.0,1,0.6849933859398822
13221.0,844.8600000000001,119,2,422.43000000000006,119.0,0.0,0,148,0.0,0.0,0,0.0,1,0.4544652422848942
17783.0,112.41,0,1,112.41,0.0,0.0,0,155,0.0,0.0,0,0.0,0,0.6444767979938876
15899.0,56.25,0,1,56.25,0.0,0.0,0,276,0.0,0.0,0,0.0,1,0.54985976622069
16018.0,161.9,0,1,161.9,0.0,0.0,0,88,0.0,0.0,0,0.0,0,0.5527200989288836
13663.0,189.47,0,1,189.47,0.0,0.0,0,87,0.0,0.0,0,0.0,1,0.5472518299162187
14593.0,339.59000000000003,0,2,169.79500000000002,0.0,0.0,0,106,0.0,0.0,0,0.0,0,0.6059547949672996
14705.0,179.0,0,1,179.0,0.0,0.0,0,106,0.0,0.0,0,0.0,1,0.5814021161272487
14196.0,335.52,0,1,335.52,0.0,0.0,0,14,0.0,0.0,0,0.0,1,0.3761890603845656
14987.0,163.2,0,1,163.2,0.0,0.0,0,273,0.0,0.0,0,0.0,0,0.5970559402757302
15098.0,39619.5,0,4,9904.875,0.0,0.0,0,90,60.0,297.0,1,0.25,1,0.9999990752521938
13686.0,72.0,0,1,72.0,0.0,0.0,0,90,0.0,0.0,0,0.0,1,0.5680255514653411
13494.0,316.26,0,1,316.26,0.0,0.0,0,219,0.0,0.0,0,0.0,1,0.682770317762947
12373.0,364.6,0,1,364.6,0.0,0.0,0,219,0.0,0.0,0,0.0,1,0.6891395311361919
16066.0,316.38,0,1,316.38,0.0,0.0,0,32,0.0,0.0,0,0.0,0,0.41564278035023466
13544.0,122.91,0,1,122.91,0.0,0.0,0,148,0.0,0.0,0,0.0,0,0.6385688186020197
16697.0,112.75000000000001,0,1,112.75000000000001,0.0,0.0,0,149,0.0,0.0,0,0.0,1,0.6396388236431808
13767.0,9518.369999999999,265,40,237.95924999999997,6.794871794871795,0.0,0,16,48.0,158.0,12,0.3,0,1.0806313447133191e-05
14107.0,2447.1899999999996,268,7,349.59857142857135,44.666666666666664,0.0,0,4,5.0,14.75,1,0.14285714285714285,0,0.11616618978235486
15529.0,2379.3799999999997,224,8,297.42249999999996,32.0,0.0,0,50,0.0,0.0,0,0.0,0,0.16706527128945503
17220.0,2288.6800000000017,265,10,228.86800000000017,29.444444444444443,0.0,0,7,0.0,0.0,0,0.0,0,0.057946154680790965
14916.0,963.62,231,4,240.905,77.0,0.0,0,1,4.0,4.14,1,0.25,0,0.21970627079860144
14159.0,2748.8800000000015,267,9,305.43111111111125,33.375,0.0,0,3,8.0,11.01,2,0.2222222222222222,0,0.08055393390814111
15602.0,325.81,239,11,29.61909090909091,23.9,0.0,0,37,140.0,214.24,5,0.45454545454545453,0,0.7500916918617768
13798.0,28468.810000000005,279,47,605.7193617021278,6.065217391304348,0.0,0,1,364.0,692.3299999999999,3,0.06382978723404255,0,3.2840864290643185e-09
12464.0,780.5500000000001,203,6,130.09166666666667,40.6,0.0,0,14,0.0,0.0,0,0.0,0,0.1769110930354224
14189.0,3241.8999999999996,272,16,202.61874999999998,18.133333333333333,0.0,0,4,11.0,26.02,5,0.3125,0,0.02988992493497308
13999.0,2804.2199999999993,268,11,254.92909090909086,26.8,0.0,0,1,5.0,16.9,2,0.18181818181818182,0,0.038867005317946825
17314.0,1496.47,164,7,213.78142857142856,27.333333333333332,0.0,0,56,8.0,10.45,2,0.2857142857142857,0,0.21096672368546177
16584.0,583.8900000000001,8,2,291.94500000000005,8.0,0.0,0,154,11.0,28.049999999999997,1,0.5,0,0.5236275579489371
14895.0,5998.459999999999,222,13,461.41999999999996,18.5,0.0,0,8,15.0,83.25,3,0.23076923076923078,0,0.01996627536158402
14944.0,3124.59,258,8,390.57375,36.857142857142854,0.0,0,2,8.0,39.6,1,0.125,0,0.08272510823239645
13488.0,6528.480000000001,247,13,502.1907692307693,20.583333333333332,0.0,0,28,6.0,57.699999999999996,4,0.3076923076923077,0,0.031955180404103146
13340.0,9140.740000000002,171,5,1828.1480000000004,42.75,0.0,0,13,0.0,0.0,0,0.0,0,0.3017877540894642
14798.0,97.4,166,2,48.7,166.0,0.0,0,52,0.0,0.0,0,0.0,0,0.4444203681384835
13018.0,5070.760000000001,203,19,266.88210526315794,11.277777777777779,0.0,0,0,1.0,4.95,1,0.05263157894736842,0,0.006327750865864836
12681.0,9824.08,216,18,545.7822222222222,12.705882352941176,0.0,0,59,10.0,42.5,3,0.16666666666666666,0,0.03526602648305701
15081.0,230.59999999999997,163,3,76.86666666666666,81.5,0.0,0,112,2.0,17.45,1,0.3333333333333333,0,0.3652738190148388
16283.0,580.7499999999999,88,4,145.18749999999997,29.333333333333332,0.0,0,28,2.0,3.9,1,0.25,0,0.23270905324201316
17238.0,1953.32,235,11,177.57454545454544,23.5,0.0,0,44,0.0,0.0,0,0.0,0,0.2070746958128895
16206.0,409.86,203,3,136.62,101.5,0.0,0,32,0.0,0.0,0,0.0,0,0.3768392874021155
12770.0,1351.4499999999998,0,1,1351.4499999999998,0.0,0.0,0,118,0.0,0.0,0,0.0,1,0.5133553191007154
14873.0,519.68,0,1,519.68,0.0,0.0,0,118,0.0,0.0,0,0.0,1,0.5725293031153386
17211.0,1447.3400000000001,189,7,206.76285714285717,31.5,0.0,0,88,13.0,17.55,1,0.14285714285714285,0,0.26424756522649545
13486.0,819.6099999999998,27,2,409.8049999999999,27.0,0.0,0,36,0.0,0.0,0,0.0,0,0.3468275853171567
17514.0,208.65,0,1,208.65,0.0,0.0,0,36,0.0,0.0,0,0.0,1,0.4428620306685762
13495.0,1017.6799999999998,136,4,254.41999999999996,45.333333333333336,0.0,0,140,15.0,54.75,1,0.25,0,0.2567851911890189
16782.0,1610.6,230,14,115.04285714285713,17.692307692307693,0.0,0,46,7.0,31.75,5,0.35714285714285715,0,0.49680188820050486
17191.0,1562.96,274,6,260.49333333333334,54.8,0.0,0,2,0.0,0.0,0,0.0,0,0.16664712757493805
17812.0,217.55000000000004,0,1,217.55000000000004,0.0,0.0,0,276,0.0,0.0,0,0.0,0,0.6103604537989997
13001.0,8594.52,168,13,661.1169230769231,14.0,0.0,0,66,8.0,20.9,1,0.07692307692307693,0,0.03426588152762806
13971.0,1938.1599999999999,179,8,242.26999999999998,25.571428571428573,0.0,0,14,24.0,47.74000000000001,2,0.25,0,0.10711204579426302
15996.0,891.96,250,6,148.66,50.0,0.0,0,24,2.0,15.9,1,0.16666666666666666,0,0.18173314481756217
12458.0,441.91999999999996,0,1,441.91999999999996,0.0,0.0,0,192,0.0,0.0,0,0.0,0,0.6831387350677047
13261.0,944.1,17,2,472.05,17.0,0.0,0,176,0.0,0.0,0,0.0,1,0.6350768341752207
14696.0,1450.5600000000002,254,7,207.22285714285718,42.333333333333336,0.0,0,27,4.0,7.98,2,0.2857142857142857,0,0.22531564764992792
14741.0,864.96,259,4,216.24,86.33333333333333,0.0,0,21,0.0,0.0,0,0.0,0,0.3271677431996424
14142.0,311.81000000000006,0,1,311.81000000000006,0.0,0.0,0,281,0.0,0.0,0,0.0,1,0.6343824768319478
12855.0,38.1,0,1,38.1,0.0,0.0,0,280,0.0,0.0,0,0.0,1,0.531435934030644
15811.0,1732.4,260,7,247.4857142857143,43.333333333333336,0.0,0,13,8.0,41.4,2,0.2857142857142857,0,0.17498193043489207
14915.0,142.27999999999997,0,1,142.27999999999997,0.0,0.0,0,185,0.0,0.0,0,0.0,0,0.6607510996555899
13344.0,1639.3500000000004,0,1,1639.3500000000004,0.0,0.0,0,185,0.0,0.0,0,0.0,0,0.6938627478658648
13692.0,850.1300000000005,33,4,212.5325000000001,11.0,0.0,0,111,2.0,21.45,2,0.5,0,0.33172334364058426
17697.0,338.95000000000005,0,1,338.95000000000005,0.0,0.0,0,144,0.0,0.0,0,0.0,1,0.6280987741903562
13995.0,861.7000000000002,130,4,215.42500000000004,43.333333333333336,0.0,0,23,12.0,10.2,1,0.25,0,0.20150199487979772
14232.0,1570.8400000000001,149,6,261.8066666666667,29.8,0.0,0,23,3.0,2.4899999999999998,2,0.3333333333333333,0,0.15851753170490507
13940.0,391.06,28,2,195.53,28.0,0.0,0,24,0.0,0.0,0,0.0,0,0.33761910289643515
16272.0,411.70000000000005,0,1,411.70000000000005,0.0,0.0,0,24,0.0,0.0,0,0.0,1,0.3836313396458802
14701.0,1895.1300000000006,144,10,189.51300000000006,16.0,0.0,0,80,23.0,63.150000000000006,3,0.3,0,0.3154273629986527
13517.0,1556.8300000000002,73,4,389.20750000000004,24.333333333333332,0.0,0,14,9.0,19.35,2,0.5,0,0.11015789845383876
12837.0,134.1,0,1,134.1,0.0,0.0,0,81,0.0,0.0,0,0.0,1,0.5439899563229698
16128.0,669.5,139,2,334.75,139.0,0.0,0,51,0.0,0.0,0,0.0,0,0.3620737338462594
15505.0,2091.14,42,3,697.0466666666666,21.0,0.0,0,21,0.0,0.0,0,0.0,0,0.2638521429439545
16174.0,1009.5500000000002,25,3,336.5166666666667,12.5,0.0,0,34,0.0,0.0,0,0.0,1,0.33697517052966747
13871.0,4612.64,216,9,512.5155555555556,27.0,0.0,0,0,0.0,0.0,0,0.0,0,0.1113296285173591
12500.0,1773.8400000000001,227,6,295.64000000000004,45.4,0.0,0,14,0.0,0.0,0,0.0,0,0.1847393866615579
13178.0,4391.73,227,8,548.96625,32.42857142857143,0.0,0,41,0.0,0.0,0,0.0,0,0.08763626421575277
17083.0,1405.7799999999997,194,3,468.59333333333325,97.0,0.0,0,17,0.0,0.0,0,0.0,1,0.37111426771714184
17997.0,1381.0100000000002,72,7,197.2871428571429,12.0,0.0,0,0,139.0,338.95,1,0.14285714285714285,0,0.13110651468987738
15644.0,812.9999999999998,95,4,203.24999999999994,31.666666666666668,0.0,0,74,0.0,0.0,0,0.0,1,0.35671261848735736
17420.0,391.51,202,2,195.755,202.0,0.0,0,79,0.0,0.0,0,0.0,0,0.4184256711626111
14594.0,254.99999999999997,0,1,254.99999999999997,0.0,0.0,0,281,0.0,0.0,0,0.0,0,0.6142043011755149
17908.0,243.2799999999999,0,1,243.2799999999999,0.0,0.0,0,281,0.0,0.0,0,0.0,1,0.6099187126107337
15350.0,115.65,0,1,115.65,0.0,0.0,0,281,0.0,0.0,0,0.0,1,0.5606411249563803
17512.0,1856.9499999999998,180,9,206.32777777777775,22.5,0.0,0,29,1.0,4.95,1,0.1111111111111111,0,0.11899764662293508
16398.0,1625.3500000000004,109,4,406.3375000000001,36.333333333333336,0.0,0,52,13.0,74.65,2,0.5,1,0.14832031316885974
12843.0,1670.81,105,8,208.85125,15.0,0.0,0,67,28.0,21.500000000000004,1,0.125,0,0.2608234167832538
16324.0,428.67999999999984,49,3,142.8933333333333,24.5,0.0,0,36,0.0,0.0,0,0.0,1,0.3408690503122557
17940.0,3943.16,194,9,438.12888888888887,24.25,35781.479999999996,1,16,1.0,75.0,1,0.1111111111111111,0,0.008777777153578635
14407.0,2106.04,169,9,234.00444444444443,21.125,0.0,0,15,3.0,46.65,3,0.3333333333333333,1,0.11219811061081625
12853.0,1881.7,208,9,209.07777777777778,26.0,0.0,0,15,18.0,75.4,3,0.3333333333333333,1,0.14431328664185156
13316.0,3779.9799999999996,123,2,1889.9899999999998,123.0,7949.759999999995,1,39,0.0,0.0,0,0.0,0,0.0006431534794794706
13072.0,177.14999999999998,0,1,177.14999999999998,0.0,0.0,0,174,0.0,0.0,0,0.0,1,0.6579574030457577
15695.0,409.9800000000001,0,2,204.99000000000004,0.0,0.0,0,174,0.0,0.0,0,0.0,1,0.7110649076052296
14059.0,183.59999999999997,0,1,183.59999999999997,0.0,0.0,0,174,0.0,0.0,0,0.0,1,0.6581864386887236
14155.0,118.75,0,1,118.75,0.0,0.0,0,174,0.0,0.0,0,0.0,1,0.6557774886299075
17612.0,1646.6599999999999,202,8,205.83249999999998,28.857142857142858,0.0,0,3,16.0,36.28,3,0.375,0,0.15507623425473577
15256.0,98.45,0,1,98.45,0.0,0.0,0,56,0.0,0.0,0,0.0,1,0.5028738242502455
13627.0,977.0500000000001,206,4,244.26250000000002,68.66666666666667,0.0,0,59,1.0,12.75,1,0.25,0,0.26047673726368886
12620.0,561.66,0,1,561.66,0.0,0.0,0,112,0.0,0.0,0,0.0,0,0.556470171556878
13632.0,810.3499999999999,70,4,202.58749999999998,23.333333333333332,0.0,0,81,1.0,4.25,1,0.25,0,0.30246059017672006
12717.0,980.98,94,3,326.99333333333334,47.0,0.0,0,59,1.0,50.0,1,0.3333333333333333,1,0.26136576494521474
12447.0,476.49,0,1,476.49,0.0,0.0,0,151,0.0,0.0,0,0.0,1,0.6345392951521054
15545.0,135.32999999999998,0,1,135.32999999999998,0.0,0.0,0,279,0.0,0.0,0,0.0,0,0.5733988394299318
12352.0,601.18,34,5,120.23599999999999,8.5,0.0,0,170,63.0,120.33,1,0.2,0,0.6596796965809973
14154.0,1345.6200000000003,0,2,672.8100000000002,0.0,0.0,0,147,0.0,0.0,0,0.0,1,0.5377000719421399
13811.0,591.75,56,2,295.875,56.0,0.0,0,91,0.0,0.0,0,0.0,1,0.45034884374074097
17454.0,517.53,167,4,129.3825,55.666666666666664,0.0,0,100,0.0,0.0,0,0.0,1,0.3928622059209745
17829.0,889.24,0,1,889.24,0.0,0.0,0,206,0.0,0.0,0,0.0,1,0.7244188499784714
14005.0,696.56,82,3,232.18666666666664,41.0,0.0,0,41,0.0,0.0,0,0.0,0,0.31291687102887406
13104.0,376.44,221,3,125.48,110.5,0.0,0,41,0.0,0.0,0,0.0,0,0.41635939844853426
12616.0,687.0999999999999,202,4,171.77499999999998,67.33333333333333,0.0,0,3,8.0,26.2,2,0.5,0,0.3035649655504904
17530.0,1363.2699999999995,159,6,227.2116666666666,31.8,0.0,0,114,0.0,0.0,0,0.0,0,0.3724279463767947
15670.0,173.05,0,1,173.05,0.0,0.0,0,204,0.0,0.0,0,0.0,1,0.6654672386397269
16148.0,76.32000000000001,0,1,76.32000000000001,0.0,0.0,0,204,0.0,0.0,0,0.0,1,0.6542451000279206
13650.0,718.52,62,3,239.50666666666666,31.0,0.0,0,113,4.0,27.0,1,0.3333333333333333,0,0.3781208787324617
16073.0,94.35,6,2,47.175,6.0,0.0,0,199,11.0,28.049999999999997,1,0.5,1,0.7362721411705331
15108.0,1291.7499999999998,86,5,258.34999999999997,21.5,0.0,0,49,2.0,8.5,1,0.2,1,0.2038247629432278
13268.0,2111.4,98,9,234.60000000000002,12.25,0.0,0,77,21.0,38.85,3,0.3333333333333333,0,0.21972896916129842
13824.0,1429.84,175,4,357.46,58.333333333333336,0.0,0,43,0.0,0.0,0,0.0,0,0.27411610628136035
12910.0,1486.8999999999999,107,4,371.72499999999997,35.666666666666664,0.0,0,42,0.0,0.0,0,0.0,0,0.2629802275803517
12982.0,377.2,3,2,188.6,3.0,0.0,0,147,10.0,13.34,1,0.5,1,0.594302084880722
15797.0,2192.4,191,3,730.8000000000001,95.5,0.0,0,21,0.0,0.0,0,0.0,1,0.36844589063856464
13284.0,196.15,8,2,98.075,8.0,0.0,0,230,12.0,5.04,1,0.5,1,0.6938834251145842
17890.0,602.09,39,2,301.045,39.0,0.0,0,230,0.0,0.0,0,0.0,1,0.6489212534006773
14672.0,765.5500000000002,102,2,382.7750000000001,102.0,0.0,0,142,0.0,0.0,0,0.0,1,0.4806856245509394
16146.0,734.13,75,3,244.71,37.5,0.0,0,65,0.0,0.0,0,0.0,1,0.35556096285836236
14790.0,364.03999999999996,134,2,182.01999999999998,134.0,0.0,0,27,0.0,0.0,0,0.0,0,0.35178999994844773
17613.0,2966.51,188,11,269.6827272727273,18.8,0.0,0,25,6.0,24.779999999999998,2,0.18181818181818182,0,0.07189120704005547
13764.0,943.53,193,2,471.765,193.0,0.0,0,52,0.0,0.0,0,0.0,0,0.31958205323239214
13155.0,569.1999999999998,42,2,284.5999999999999,42.0,0.0,0,234,0.0,0.0,0,0.0,0,0.6386492176026619
14540.0,195.9,0,1,195.9,0.0,0.0,0,217,0.0,0.0,0,0.0,0,0.6662231029079568
13873.0,381.70000000000005,190,4,95.42500000000001,63.333333333333336,0.0,0,27,2.0,7.9,1,0.25,1,0.2505027575606489
16405.0,167.25,8,2,83.625,8.0,0.0,0,210,0.0,0.0,0,0.0,1,0.7433439986645236
17771.0,115.80000000000001,0,1,115.80000000000001,0.0,0.0,0,231,0.0,0.0,0,0.0,0,0.6444069047550274
15668.0,76.32000000000001,0,1,76.32000000000001,0.0,0.0,0,125,0.0,0.0,0,0.0,1,0.6168190018969834
13900.0,740.95,79,3,246.98333333333335,39.5,0.0,0,91,0.0,0.0,0,0.0,1,0.3929717504865278
13097.0,4562.710000000001,238,11,414.79181818181826,23.8,0.0,0,30,18.0,81.0,3,0.2727272727272727,0,0.0634058104818702
16003.0,1778.9000000000003,225,3,592.9666666666668,112.5,0.0,0,42,0.0,0.0,0,0.0,0,0.38435556016897565
16495.0,246.51,0,2,123.255,0.0,0.0,0,184,0.0,0.0,0,0.0,0,0.7415504105512558
15071.0,982.0699999999998,182,2,491.0349999999999,182.0,0.0,0,1,0.0,0.0,0,0.0,1,0.29822394446169503
15834.0,1630.5400000000002,207,5,326.10800000000006,51.75,0.0,0,73,4.0,148.85,2,0.4,0,0.21872148725544643
15215.0,259.24,221,3,86.41333333333334,110.5,0.0,0,4,4.0,40.8,2,0.6666666666666666,0,0.5517365436520435
17540.0,268.79999999999995,0,1,268.79999999999995,0.0,0.0,0,224,0.0,0.0,0,0.0,0,0.6753491734310125
15308.0,302.27000000000004,4,2,151.13500000000002,4.0,0.0,0,178,2.0,8.2,1,0.5,1,0.6591198453749019
14165.0,118.75999999999999,0,1,118.75999999999999,0.0,0.0,0,183,0.0,0.0,0,0.0,1,0.6587709014458593
12962.0,170.54000000000002,0,1,170.54000000000002,0.0,0.0,0,21,0.0,0.0,0,0.0,0,0.4197667270319957
14759.0,870.8499999999999,120,2,435.42499999999995,120.0,0.0,0,20,0.0,0.0,0,0.0,0,0.29621059535708877
16582.0,313.61999999999995,0,1,313.61999999999995,0.0,0.0,0,21,0.0,0.0,0,0.0,1,0.3937274259936448
16891.0,560.1399999999999,276,3,186.71333333333328,138.0,0.0,0,3,0.0,0.0,0,0.0,0,0.48805961489336425
16966.0,1364.6399999999999,77,6,227.43999999999997,15.4,0.0,0,71,2.0,6.0,2,0.3333333333333333,0,0.22897140275306824
14422.0,1032.15,97,2,516.075,97.0,0.0,0,78,0.0,0.0,0,0.0,0,0.3989359034650362
18133.0,931.4999999999999,0,1,931.4999999999999,0.0,0.0,0,120,0.0,0.0,0,0.0,1,0.5463283381594989
14114.0,386.53000000000003,57,2,193.26500000000001,57.0,0.0,0,181,0.0,0.0,0,0.0,1,0.5764667431741003
13226.0,108.21000000000001,0,1,108.21000000000001,0.0,0.0,0,181,0.0,0.0,0,0.0,1,0.6576486266044996
16637.0,530.55,102,2,265.275,102.0,0.0,0,31,0.0,0.0,0,0.0,0,0.3175932199479833
16600.0,237.46,85,2,118.73,85.0,0.0,0,161,0.0,0.0,0,0.0,0,0.47725065949400813
13059.0,183.4,0,1,183.4,0.0,0.0,0,157,0.0,0.0,0,0.0,1,0.645848913747079
15681.0,703.22,97,3,234.40666666666667,48.5,0.0,0,91,0.0,0.0,0,0.0,0,0.3804983113109908
16500.0,165.0,0,1,165.0,0.0,0.0,0,238,0.0,0.0,0,0.0,0,0.648356979783759
17002.0,993.5200000000002,75,2,496.7600000000001,75.0,0.0,0,123,0.0,0.0,0,0.0,0,0.5025333139598719
17946.0,149.57999999999998,26,2,74.78999999999999,26.0,0.0,0,141,0.0,0.0,0,0.0,1,0.6150001121872215
14878.0,1083.02,185,6,180.50333333333333,37.0,0.0,0,81,0.0,0.0,0,0.0,0,0.3352171664861633
17754.0,542.72,118,3,180.90666666666667,59.0,0.0,0,50,49.0,32.34,1,0.3333333333333333,0,0.26941503092078545
17229.0,318.76,46,2,159.38,46.0,0.0,0,4,0.0,0.0,0,0.0,1,0.2725204682593966
14055.0,725.6400000000001,0,1,725.6400000000001,0.0,0.0,0,14,0.0,0.0,0,0.0,1,0.3225029331574695
14805.0,109.25,0,1,109.25,0.0,0.0,0,221,0.0,0.0,0,0.0,0,0.6508310158536013
15503.0,147.09000000000003,0,1,147.09000000000003,0.0,0.0,0,270,0.0,0.0,0,0.0,1,0.5974799375685959
17117.0,116.19999999999997,0,1,116.19999999999997,0.0,0.0,0,196,0.0,0.0,0,0.0,1,0.6599620708049361
14276.0,1043.44,191,4,260.86,63.666666666666664,0.0,0,6,12.0,76.3,1,0.25,0,0.1742611641962694
12873.0,374.0,0,1,374.0,0.0,0.0,0,190,0.0,0.0,0,0.0,1,0.6775782144416097
15777.0,1021.6099999999999,120,5,204.32199999999997,30.0,0.0,0,149,3.0,25.5,1,0.2,1,0.3192796389993749
13033.0,190.54999999999998,0,1,190.54999999999998,0.0,0.0,0,265,0.0,0.0,0,0.0,1,0.6208973075751384
18161.0,771.26,179,3,257.08666666666664,89.5,0.0,0,48,0.0,0.0,0,0.0,0,0.3597901511408379
13626.0,257.22999999999996,0,1,257.22999999999996,0.0,0.0,0,160,0.0,0.0,0,0.0,1,0.6485739094174917
15691.0,136.8,0,1,136.8,0.0,0.0,0,160,0.0,0.0,0,0.0,1,0.6481732963418253
17456.0,249.85999999999999,0,1,249.85999999999999,0.0,0.0,0,273,0.0,0.0,0,0.0,1,0.6267540875537233
12686.0,89.14,0,1,89.14,0.0,0.0,0,279,0.0,0.0,0,0.0,1,0.5551227144730532
12739.0,975.5400000000001,0,1,975.5400000000001,0.0,0.0,0,7,0.0,0.0,0,0.0,0,0.28879358875697825
16364.0,347.5499999999999,0,1,347.5499999999999,0.0,0.0,0,45,0.0,0.0,0,0.0,0,0.4377227479756843
13762.0,5.684341886080802e-14,14,2,2.842170943040401e-14,14.0,0.0,0,112,272.0,306.71999999999997,1,0.5,1,0.8051043794526206
13132.0,77.3,0,1,77.3,0.0,0.0,0,169,0.0,0.0,0,0.0,1,0.6522715332869411
12564.0,456.9000000000001,0,1,456.9000000000001,0.0,0.0,0,169,0.0,0.0,0,0.0,1,0.6598684122398292
17455.0,131.7,0,1,131.7,0.0,0.0,0,111,0.0,0.0,0,0.0,1,0.5938008292141849
12721.0,1671.7599999999998,182,5,334.352,45.5,0.0,0,91,5.0,27.15,1,0.2,0,0.18120513949173753
16885.0,190.64999999999995,0,1,190.64999999999995,0.0,0.0,0,265,0.0,0.0,0,0.0,0,0.620928604445122
14248.0,302.58,0,1,302.58,0.0,0.0,0,226,0.0,0.0,0,0.0,1,0.6801824377387939
18150.0,413.28,61,2,206.64,61.0,0.0,0,48,0.0,0.0,0,0.0,0,0.3518853408618473
18262.0,149.48,0,1,149.48,0.0,0.0,0,48,0.0,0.0,0,0.0,1,0.4779673382053365
15299.0,2429.0,133,5,485.8,33.25,395.46,1,147,5.0,6.01,1,0.2,0,0.00032126581094571986
15813.0,1303.91,32,2,651.955,32.0,0.0,0,115,0.0,0.0,0,0.0,1,0.4998097680165022
18027.0,115.30999999999999,0,1,115.30999999999999,0.0,0.0,0,6,0.0,0.0,0,0.0,1,0.40148041740787793
13657.0,152.33999999999997,0,1,152.33999999999997,0.0,0.0,0,109,0.0,0.0,0,0.0,0,0.5888093853865154
15705.0,143.10000000000002,0,1,143.10000000000002,0.0,0.0,0,109,0.0,0.0,0,0.0,1,0.5897134458935778
12697.0,711.4100000000001,55,3,237.13666666666668,27.5,0.0,0,22,6.0,9.899999999999999,1,0.3333333333333333,0,0.2513179768106698
15051.0,377.74000000000007,0,1,377.74000000000007,0.0,0.0,0,58,0.0,0.0,0,0.0,0,0.4608727299790226
17272.0,1384.9399999999996,66,3,461.64666666666653,33.0,0.0,0,104,2.0,4.1,1,0.3333333333333333,0,0.2615990371578153
16427.0,241.06,21,2,120.53,21.0,0.0,0,171,0.0,0.0,0,0.0,1,0.6671977412752773
18261.0,224.79999999999998,0,1,224.79999999999998,0.0,0.0,0,3,0.0,0.0,0,0.0,0,0.37462546143248737
16461.0,151.42,0,1,151.42,0.0,0.0,0,85,0.0,0.0,0,0.0,1,0.5487616325032593
14285.0,5.9,0,1,5.9,0.0,0.0,0,84,0.0,0.0,0,0.0,0,0.5675498820017904
17169.0,296.43,4,2,148.215,4.0,0.0,0,87,3.0,12.25,1,0.5,0,0.5221283619078853
14600.0,393.3299999999999,0,1,393.3299999999999,0.0,0.0,0,213,0.0,0.0,0,0.0,1,0.6911921156070845
14681.0,393.95,0,1,393.95,0.0,0.0,0,119,0.0,0.0,0,0.0,0,0.584388360220904
14869.0,391.30999999999995,0,1,391.30999999999995,0.0,0.0,0,11,0.0,0.0,0,0.0,0,0.3613204638874633
16262.0,-31.65,0,1,-31.65,0.0,0.0,0,268,5.0,31.65,1,1.0,1,0.5473956510734092
17554.0,1249.8899999999999,26,2,624.9449999999999,26.0,0.0,0,30,0.0,0.0,0,0.0,0,0.31748948602023636
15753.0,79.2,0,1,79.2,0.0,0.0,0,212,0.0,0.0,0,0.0,1,0.6513002496586668
15178.0,40.5,0,1,40.5,0.0,0.0,0,168,0.0,0.0,0,0.0,1,0.6508220578657915
16298.0,114.3,0,1,114.3,0.0,0.0,0,94,0.0,0.0,0,0.0,0,0.5691411784952092
16209.0,2101.9,127,4,525.475,42.333333333333336,0.0,0,27,0.0,0.0,0,0.0,0,0.2480253061417655
12802.0,412.5799999999999,3,2,206.28999999999996,3.0,0.0,0,91,12.0,15.0,1,0.5,1,0.4698174361421497
17939.0,99.14000000000003,0,1,99.14000000000003,0.0,0.0,0,67,0.0,0.0,0,0.0,1,0.5236506967089442
17768.0,411.3299999999999,0,1,411.3299999999999,0.0,0.0,0,74,0.0,0.0,0,0.0,0,0.4907672707945788
12548.0,95.19999999999999,0,1,95.19999999999999,0.0,0.0,0,74,0.0,0.0,0,0.0,1,0.5371566613748726
13453.0,356.97999999999996,124,2,178.48999999999998,124.0,0.0,0,73,0.0,0.0,0,0.0,1,0.38617452822223386
14517.0,252.45000000000002,0,1,252.45000000000002,0.0,0.0,0,49,0.0,0.0,0,0.0,0,0.46194903294083084
15139.0,178.96000000000004,97,2,89.48000000000002,97.0,0.0,0,147,0.0,0.0,0,0.0,1,0.43919111973077923
13357.0,603.6500000000001,0,1,603.6500000000001,0.0,0.0,0,165,0.0,0.0,0,0.0,1,0.654898687238416
15822.0,440.20000000000005,0,1,440.20000000000005,0.0,0.0,0,267,0.0,0.0,0,0.0,0,0.689503130868052
17752.0,80.64,0,1,80.64,0.0,0.0,0,267,0.0,0.0,0,0.0,1,0.5806503566161856
14622.0,312.88,0,1,312.88,0.0,0.0,0,92,0.0,0.0,0,0.0,1,0.5410823888412457
14687.0,628.3799999999999,0,1,628.3799999999999,0.0,0.0,0,14,0.0,0.0,0,0.0,1,0.33373686916022677
15147.0,608.65,22,2,304.325,22.0,0.0,0,126,3.0,14.850000000000001,1,0.5,1,0.48614839826658723
16610.0,75.66,0,1,75.66,0.0,0.0,0,127,0.0,0.0,0,0.0,1,0.6191655382141747
16679.0,129.75,0,1,129.75,0.0,0.0,0,274,0.0,0.0,0,0.0,1,0.5828300313695038
12885.0,628.4,3,2,314.2,3.0,0.0,0,28,1.0,16.95,1,0.5,0,0.22571361249467392
12729.0,453.0100000000001,0,1,453.0100000000001,0.0,0.0,0,21,0.0,0.0,0,0.0,1,0.3712456935659239
18250.0,342.9200000000001,9,2,171.46000000000004,9.0,0.0,0,209,1.0,6.35,1,0.5,1,0.6542480977538915
15683.0,193.75,0,1,193.75,0.0,0.0,0,25,0.0,0.0,0,0.0,1,0.4233356096052236
13621.0,208.81,0,1,208.81,0.0,0.0,0,24,0.0,0.0,0,0.0,1,0.41850936208228
13304.0,300.4199999999999,0,1,300.4199999999999,0.0,0.0,0,259,0.0,0.0,0,0.0,1,0.6603946653655884
16282.0,168.3,0,1,168.3,0.0,0.0,0,247,0.0,0.0,0,0.0,1,0.6398104882770576
17226.0,393.48999999999995,0,1,393.48999999999995,0.0,0.0,0,216,0.0,0.0,0,0.0,1,0.6920981568482488
15514.0,1385.67,139,8,173.20875,19.857142857142858,0.0,0,133,369.0,1176.2700000000002,1,0.125,0,0.6668430954414388
15228.0,2214.2799999999997,171,4,553.5699999999999,57.0,0.0,0,31,3.0,9.75,1,0.25,0,0.1634855814356154
12766.0,4952.19,217,5,990.4379999999999,54.25,0.0,0,57,0.0,0.0,0,0.0,0,0.07208939206307266
17788.0,16.7,0,1,16.7,0.0,0.0,0,37,0.0,0.0,0,0.0,0,0.48189450327023703
15521.0,2116.98,160,9,235.22,20.0,0.0,0,2,104.0,209.8,1,0.1111111111111111,0,0.0651676431838495
16566.0,463.23,122,4,115.8075,40.666666666666664,0.0,0,78,1.0,0.65,1,0.25,0,0.31018168857084155
13327.0,2728.55,253,8,341.06875,36.142857142857146,0.0,0,20,12.0,10.2,1,0.125,0,0.09709387777007804
13705.0,522.6800000000001,229,2,261.34000000000003,229.0,0.0,0,52,0.0,0.0,0,0.0,0,0.4671414145567143
14224.0,1050.12,210,4,262.53,70.0,0.0,0,18,0.0,0.0,0,0.0,1,0.28927331119874966
17302.0,643.01,192,4,160.7525,64.0,0.0,0,21,2.0,15.7,1,0.25,0,0.228874246275574
17400.0,2129.959999999999,227,5,425.99199999999985,56.75,0.0,0,34,0.0,0.0,0,0.0,1,0.22844909144025172
15426.0,658.0299999999999,112,3,219.34333333333328,56.0,0.0,0,165,1.0,4.95,1,0.3333333333333333,0,0.3275909899275137
12472.0,4628.629999999999,235,9,514.2922222222221,29.375,0.0,0,46,113.0,298.96999999999997,4,0.4444444444444444,0,0.0921331233946023
15987.0,1206.42,248,6,201.07000000000002,49.6,0.0,0,28,0.0,0.0,0,0.0,0,0.1981870842409411
16718.0,619.5500000000002,0,1,619.5500000000002,0.0,0.0,0,277,0.0,0.0,0,0.0,1,0.728224503528538
16525.0,9240.470000000001,267,24,385.0195833333334,11.608695652173912,0.0,0,7,904.0,1131.88,3,0.125,0,3.043932359369625e-05
17511.0,58965.33,280,31,1902.1074193548388,9.333333333333334,0.0,0,1,109.0,344.86,10,0.3225806451612903,0,5.557822225781289e-14
12689.0,511.03000000000014,0,1,511.03000000000014,0.0,0.0,0,35,0.0,0.0,0,0.0,0,0.39130612214333343
13402.0,621.23,245,2,310.615,245.0,0.0,0,35,0.0,0.0,0,0.0,1,0.4875862859225314
18055.0,3631.5099999999998,241,8,453.93874999999997,34.42857142857143,0.0,0,36,5.0,32.050000000000004,1,0.125,0,0.08416655583696366
13319.0,6775.15,254,25,271.006,10.583333333333334,0.0,0,21,24.0,121.92,7,0.28,0,0.0053240402499579445
13030.0,425.64,0,1,425.64,0.0,0.0,0,276,0.0,0.0,0,0.0,0,0.6774267384016239
12921.0,9935.32,275,35,283.8662857142857,8.088235294117647,0.0,0,6,58.0,148.15000000000003,10,0.2857142857142857,0,2.2378323479145196e-06
15078.0,6582.83,263,28,235.10107142857143,9.74074074074074,0.0,0,13,36.0,119.76,6,0.21428571428571427,0,0.0007355056802903928
17160.0,2971.1800000000007,132,5,594.2360000000001,33.0,0.0,0,17,0.0,0.0,0,0.0,0,0.21840329268802702
13636.0,639.0500000000001,163,5,127.81000000000002,40.75,0.0,0,30,6.0,7.5,1,0.2,0,0.2045359055541669
12781.0,491.75,32,2,245.875,32.0,0.0,0,160,39.0,57.51,1,0.5,0,0.617683669870611
17027.0,614.1799999999998,138,5,122.83599999999997,34.5,0.0,0,87,6.0,41.7,1,0.2,0,0.3087208795649194
14092.0,2710.57,273,12,225.88083333333336,24.818181818181817,0.0,0,7,3.0,9.65,2,0.16666666666666666,0,0.03475263474967377
15955.0,2453.7,266,9,272.6333333333333,33.25,0.0,0,14,1.0,9.95,1,0.1111111111111111,0,0.07470018535977871
15827.0,1403.5500000000002,258,19,73.87105263157896,14.333333333333334,0.0,0,22,40.0,194.60999999999999,6,0.3157894736842105,0,0.166611528566385
17760.0,172.54,0,1,172.54,0.0,0.0,0,281,0.0,0.0,0,0.0,0,0.5831826545345964
13117.0,837.45,251,7,119.63571428571429,41.833333333333336,0.0,0,29,0.0,0.0,0,0.0,0,0.17808853264791058
15658.0,958.9000000000001,182,8,119.86250000000001,26.0,0.0,0,98,10.0,65.2,3,0.375,1,0.5100465615374934
17855.0,208.96999999999997,0,1,208.96999999999997,0.0,0.0,0,280,0.0,0.0,0,0.0,1,0.5992464151312635
14491.0,340.93,197,2,170.465,197.0,0.0,0,83,0.0,0.0,0,0.0,1,0.4167738802177983
16013.0,19646.33,273,39,503.75205128205135,7.184210526315789,5107.200000000001,1,6,1592.0,3661.25,4,0.10256410256410256,0,7.209230749567112e-12
17675.0,13882.99,267,31,447.83838709677417,8.9,0.0,0,8,54.0,176.2,8,0.25806451612903225,0,6.005361089526076e-06
15554.0,217.2,0,1,217.2,0.0,0.0,0,185,0.0,0.0,0,0.0,1,0.665370873844917
14700.0,1557.6,49,2,778.8,49.0,0.0,0,97,0.0,0.0,0,0.0,0,0.453128250780205
15745.0,287.75,0,1,287.75,0.0,0.0,0,144,0.0,0.0,0,0.0,0,0.6297904049713919
16193.0,314.45,0,1,314.45,0.0,0.0,0,144,0.0,0.0,0,0.0,1,0.6289149518642403
15265.0,1506.12,84,2,753.06,84.0,0.0,0,59,0.0,0.0,0,0.0,1,0.3550385088848435
14623.0,604.0300000000001,119,3,201.34333333333336,59.5,0.0,0,24,0.0,0.0,0,0.0,0,0.2876295055199181
17637.0,338.9499999999999,0,1,338.9499999999999,0.0,0.0,0,23,0.0,0.0,0,0.0,0,0.3934453833405811
16961.0,234.17,0,1,234.17,0.0,0.0,0,24,0.0,0.0,0,0.0,1,0.4138304224526036
15076.0,880.8500000000004,0,1,880.8500000000004,0.0,0.0,0,80,0.0,0.0,0,0.0,1,0.44917763000797656
16029.0,181463.16,280,55,3299.3301818181817,5.185185185185185,14361.599999999988,1,1,361.0,8938.35,3,0.05454545454545454,0,4.739254905032423e-34
18097.0,2006.4499999999998,254,6,334.4083333333333,50.8,0.0,0,8,1.0,4.95,1,0.16666666666666666,0,0.155867278422079
14178.0,489.76,84,3,163.25333333333333,42.0,0.0,0,6,0.0,0.0,0,0.0,0,0.25447580327605257
13895.0,924.7,21,2,462.35,21.0,0.0,0,51,0.0,0.0,0,0.0,0,0.38049291730136814
16839.0,10800.04,260,25,432.00160000000005,10.833333333333334,0.0,0,17,19.0,69.24,3,0.12,0,0.001399318070906548
16353.0,3325.9100000000003,266,13,255.8392307692308,22.166666666666668,0.0,0,11,0.0,0.0,0,0.0,0,0.033931928827397546
17861.0,1257.87,183,6,209.64499999999998,36.6,0.0,0,44,20.0,41.6,1,0.16666666666666666,0,0.18281449719775675
17663.0,1008.5799999999999,133,5,201.71599999999998,33.25,0.0,0,62,1.0,7.95,1,0.2,0,0.2292564659708333
17560.0,854.9499999999999,216,5,170.98999999999998,54.0,0.0,0,2,0.0,0.0,0,0.0,1,0.1960516298336551
14021.0,631.9,101,3,210.63333333333333,50.5,0.0,0,63,0.0,0.0,0,0.0,1,0.3447896450359152
17312.0,644.3,21,3,214.76666666666665,10.5,0.0,0,46,0.0,0.0,0,0.0,1,0.3976445773678308
18144.0,2165.5499999999997,264,9,240.61666666666665,33.0,0.0,0,17,0.0,0.0,0,0.0,0,0.09062389132299326
18263.0,811.4000000000001,97,2,405.70000000000005,97.0,0.0,0,63,0.0,0.0,0,0.0,0,0.3714805319821245
15267.0,1407.76,27,2,703.88,27.0,0.0,0,63,0.0,0.0,0,0.0,0,0.37750136051747235
15334.0,348.72,17,3,116.24000000000001,8.5,0.0,0,64,0.0,0.0,0,0.0,1,0.4865425222026582
12450.0,197.88,17,2,98.94,17.0,0.0,0,64,0.0,0.0,0,0.0,1,0.4720360030754259
17917.0,230.46,106,2,115.23,106.0,0.0,0,164,0.0,0.0,0,0.0,0,0.4208366683481409
15862.0,659.7299999999998,261,3,219.90999999999994,130.5,0.0,0,20,0.0,0.0,0,0.0,0,0.4748249970885009
13747.0,79.6,0,1,79.6,0.0,0.0,0,281,0.0,0.0,0,0.0,1,0.5459063928201667
14016.0,4328.46,203,5,865.692,50.75,0.0,0,62,1.0,12.75,1,0.2,1,0.06215720922193481
13338.0,431.82,3,2,215.91,3.0,0.0,0,62,8.0,40.2,1,0.5,1,0.39335943575339705
15301.0,3660.6700000000005,261,9,406.7411111111112,32.625,0.0,0,15,3.0,7.33,1,0.1111111111111111,0,0.07063639144412882
16968.0,253.31000000000003,0,1,253.31000000000003,0.0,0.0,0,15,0.0,0.0,0,0.0,0,0.3924561223326812
13538.0,990.75,221,6,165.125,44.2,0.0,0,2,0.0,0.0,0,0.0,0,0.15234379186791047
12473.0,1109.79,77,4,277.4475,25.666666666666668,0.0,0,22,73.0,76.46,2,0.5,0,0.1976269156390229
14842.0,1594.2699999999998,213,5,318.8539999999999,53.25,0.0,0,3,3.0,307.25,2,0.4,0,0.15634082449789707
15449.0,646.0499999999998,76,3,215.34999999999994,38.0,0.0,0,93,1.0,1.65,1,0.3333333333333333,0,0.3493951973584357
15838.0,13872.7,264,13,1067.1307692307694,22.0,1198.08,1,16,9360.0,280.8,1,0.07692307692307693,0,3.7823177439144575e-06
17450.0,85471.05999999997,272,27,3165.5948148148136,10.461538461538462,16281.60000000001,1,3,6.0,938.4000000000001,4,0.14814814814814814,0,1.1200662504601326e-07
14133.0,590.3400000000001,186,5,118.06800000000003,46.5,0.0,0,37,6.0,15.3,2,0.4,1,0.3332499155493369
12590.0,9861.380000000005,21,3,3287.1266666666684,10.5,0.0,0,98,4.0,2.88,1,0.3333333333333333,1,0.0025355573117575845
16859.0,458.1399999999999,155,5,91.62799999999997,38.75,0.0,0,14,171.0,274.66999999999996,3,0.6,1,0.42388388503098745
16344.0,101.10000000000001,0,1,101.10000000000001,0.0,0.0,0,66,0.0,0.0,0,0.0,1,0.5214552585578835
13489.0,449.52,189,4,112.38,63.0,0.0,0,13,0.0,0.0,0,0.0,1,0.25028331738714193
14245.0,1677.4799999999998,87,5,335.496,21.75,0.0,0,84,5.0,15.969999999999999,3,0.6,1,0.11491738753035372
14301.0,632.04,10,2,316.02,10.0,0.0,0,15,6.0,8.1,1,0.5,1,0.21496686580855287
14426.0,2360.5899999999992,219,10,236.0589999999999,24.333333333333332,0.0,0,48,346.0,524.99,3,0.3,0,0.18044463680928594
14857.0,515.0499999999998,19,2,257.5249999999999,19.0,0.0,0,37,9.0,7.47,1,0.5,0,0.3249325488354333
17338.0,5177.830000000001,247,8,647.2287500000001,35.285714285714285,0.0,0,22,3.0,17.85,1,0.125,0,0.07334470161791724
15730.0,764.72,114,3,254.90666666666667,57.0,0.0,0,0,6.0,12.5,1,0.3333333333333333,0,0.2110690028413178
13719.0,262.94,29,2,131.47,29.0,0.0,0,113,0.0,0.0,0,0.0,0,0.5494166416170773
12897.0,216.5,97,2,108.25,97.0,0.0,0,112,0.0,0.0,0,0.0,1,0.42501983067413274
15465.0,5670.98,231,20,283.549,12.157894736842104,0.0,0,46,29.0,321.15,5,0.25,0,0.12113197757218765
12395.0,1879.2700000000002,259,10,187.92700000000002,28.77777777777778,0.0,0,20,4.0,17.8,2,0.2,0,0.09940222626794805
14800.0,3741.19,260,12,311.7658333333333,23.636363636363637,0.0,0,17,20.0,99.25,3,0.25,0,0.05408991580583721
13269.0,2947.76,260,9,327.5288888888889,32.5,0.0,0,17,3.0,28.65,1,0.1111111111111111,0,0.07307191294334371
14976.0,534.9599999999999,225,5,106.99199999999999,56.25,0.0,0,9,4.0,25.0,1,0.2,0,0.17857371855038326
17096.0,419.0899999999999,125,3,139.69666666666663,62.5,0.0,0,44,3.0,24.849999999999998,1,0.3333333333333333,0,0.30242372216079344
12399.0,1098.5700000000002,142,4,274.64250000000004,47.333333333333336,0.0,0,27,0.0,0.0,0,0.0,1,0.2621593025461493
17102.0,25.5,0,1,25.5,0.0,0.0,0,169,0.0,0.0,0,0.0,1,0.6506850675259209
15212.0,88.94999999999999,2,2,44.474999999999994,2.0,0.0,0,147,3.0,12.85,1,0.5,1,0.7164144094841963
13575.0,218.74999999999997,43,2,109.37499999999999,43.0,0.0,0,41,0.0,0.0,0,0.0,0,0.3574384736851509
12716.0,677.8999999999995,0,1,677.8999999999995,0.0,0.0,0,41,0.0,0.0,0,0.0,0,0.38165419427885544
13631.0,3021.7700000000004,168,12,251.8141666666667,15.272727272727273,0.0,0,7,7.0,48.65,1,0.08333333333333333,1,0.045378066781382564
18064.0,814.0,102,2,407.0,102.0,0.0,0,41,0.0,0.0,0,0.0,1,0.3298099318639179
12727.0,3294.62,225,8,411.8275,32.142857142857146,0.0,0,3,13.0,33.0,2,0.25,0,0.08526601551394154
16378.0,362.95,63,3,120.98333333333333,31.5,0.0,0,155,0.0,0.0,0,0.0,1,0.5722183439111393
18136.0,578.3499999999999,113,3,192.7833333333333,56.5,0.0,0,114,6.0,22.5,1,0.3333333333333333,0,0.3476916733795124
17361.0,263.92,105,2,131.96,105.0,0.0,0,94,0.0,0.0,0,0.0,0,0.40474471665094397
15671.0,1951.2500000000002,176,8,243.90625000000003,25.142857142857142,0.0,0,2,18.0,21.64,2,0.25,0,0.08950052560789803
18080.0,841.4999999999999,0,1,841.4999999999999,0.0,0.0,0,150,0.0,0.0,0,0.0,0,0.6223753486429628
15727.0,4563.089999999999,252,6,760.5149999999999,50.4,0.0,0,15,0.0,0.0,0,0.0,0,0.21957649009207264
14167.0,402.1,166,3,134.03333333333333,83.0,0.0,0,73,0.0,0.0,0,0.0,0,0.3836109525652439
15171.0,1034.5,7,2,517.25,7.0,0.0,0,232,100.0,254.99999999999997,1,0.5,1,0.516791514542917
13141.0,1398.0800000000002,101,5,279.61600000000004,25.25,0.0,0,122,1.0,2.95,1,0.2,0,0.2615122527923953
16326.0,1537.97,238,8,192.24625,34.0,0.0,0,4,0.0,0.0,0,0.0,0,0.09724884528293835
16357.0,257.95,51,2,128.975,51.0,0.0,0,70,0.0,0.0,0,0.0,0,0.4110628562252076
18120.0,111.14999999999999,0,1,111.14999999999999,0.0,0.0,0,122,0.0,0.0,0,0.0,1,0.6106902759839088
12829.0,253.05,38,3,84.35000000000001,19.0,0.0,0,230,1.0,39.95,1,0.3333333333333333,1,0.5367134949733527
16633.0,1168.2599999999998,120,3,389.4199999999999,60.0,0.0,0,22,0.0,0.0,0,0.0,0,0.2890552121376349
18095.0,580.05,20,2,290.025,20.0,0.0,0,220,0.0,0.0,0,0.0,1,0.6910115156596787
15124.0,90.74999999999999,0,1,90.74999999999999,0.0,0.0,0,99,0.0,0.0,0,0.0,0,0.5799730581015624
14998.0,429.87,71,2,214.935,71.0,0.0,0,78,0.0,0.0,0,0.0,1,0.4077082359415451
17446.0,120.9,134,2,60.45,134.0,0.0,0,84,0.0,0.0,0,0.0,1,0.3913697390840714
13800.0,558.3199999999997,0,1,558.3199999999997,0.0,0.0,0,217,0.0,0.0,0,0.0,1,0.7106516131118197
14770.0,876.4200000000001,91,2,438.21000000000004,91.0,0.0,0,140,0.0,0.0,0,0.0,1,0.5040552524975356
17423.0,432.14,11,2,216.07,11.0,0.0,0,114,24.0,17.28,1,0.5,0,0.525476060331594
17371.0,97.63,0,1,97.63,0.0,0.0,0,269,0.0,0.0,0,0.0,0,0.582258522660604
17179.0,711.79,183,3,237.26333333333332,91.5,0.0,0,86,0.0,0.0,0,0.0,1,0.3803736912398818
13745.0,291.53999999999996,11,2,145.76999999999998,11.0,0.0,0,59,10.0,8.5,1,0.5,1,0.4684281656156287
14693.0,172.9,0,1,172.9,0.0,0.0,0,172,0.0,0.0,0,0.0,1,0.6566724983975091
12422.0,803.56,229,3,267.8533333333333,114.5,0.0,0,3,0.0,0.0,0,0.0,1,0.4042488354356222
17708.0,267.08,137,2,133.54,137.0,0.0,0,95,0.0,0.0,0,0.0,1,0.3955835734782577
17932.0,934.5099999999998,38,2,467.2549999999999,38.0,0.0,0,81,0.0,0.0,0,0.0,0,0.4366284856782183
16918.0,822.7,222,3,274.23333333333335,111.0,0.0,0,3,0.0,0.0,0,0.0,0,0.39208251515725906
17138.0,380.5,0,1,380.5,0.0,0.0,0,183,0.0,0.0,0,0.0,1,0.6724499190573875
14603.0,660.0,0,1,660.0,0.0,0.0,0,182,0.0,0.0,0,0.0,1,0.6810479453334881
14930.0,2372.8599999999997,166,3,790.9533333333333,83.0,0.0,0,16,0.0,0.0,0,0.0,1,0.3454265769525474
17386.0,1697.3400000000001,66,5,339.468,16.5,0.0,0,7,0.0,0.0,0,0.0,0,0.2292646882877436
15472.0,371.56,0,1,371.56,0.0,0.0,0,21,0.0,0.0,0,0.0,1,0.38403600022285356
15307.0,205.3,0,1,205.3,0.0,0.0,0,3,0.0,0.0,0,0.0,1,0.37824247471055816
16820.0,497.61000000000007,0,1,497.61000000000007,0.0,0.0,0,3,0.0,0.0,0,0.0,1,0.3308308304012171
14649.0,584.2199999999999,0,2,292.10999999999996,0.0,0.0,0,120,0.0,0.0,0,0.0,0,0.5994912833117758
16418.0,368.36,134,2,184.18,134.0,0.0,0,0,0.0,0.0,0,0.0,0,0.3219244437969566
16370.0,953.1099999999999,108,3,317.7033333333333,54.0,0.0,0,25,0.0,0.0,0,0.0,0,0.28602217883656345
14304.0,197.10000000000002,79,2,98.55000000000001,79.0,0.0,0,130,85.0,186.35000000000002,1,0.5,1,0.4655704245462847
14271.0,112.32000000000002,0,1,112.32000000000002,0.0,0.0,0,133,0.0,0.0,0,0.0,1,0.623821765755217
17893.0,112.25000000000004,0,1,112.25000000000004,0.0,0.0,0,133,0.0,0.0,0,0.0,1,0.623825371976222
12764.0,1693.8800000000003,0,1,1693.8800000000003,0.0,0.0,0,224,0.0,0.0,0,0.0,1,0.7871400755992252
16804.0,118.05000000000003,0,1,118.05000000000003,0.0,0.0,0,178,0.0,0.0,0,0.0,0,0.6572692147530597
15393.0,124.10000000000001,0,1,124.10000000000001,0.0,0.0,0,189,0.0,0.0,0,0.0,0,0.6602745848911035
14447.0,601.0300000000001,84,2,300.51500000000004,84.0,0.0,0,104,0.0,0.0,0,0.0,0,0.448835711976197
14570.0,217.2099999999999,0,2,108.60499999999995,0.0,0.0,0,188,0.0,0.0,0,0.0,1,0.7485364899544525
14327.0,311.65000000000003,0,1,311.65000000000003,0.0,0.0,0,71,0.0,0.0,0,0.0,1,0.4984979336268849
15626.0,281.88,0,1,281.88,0.0,0.0,0,237,0.0,0.0,0,0.0,0,0.672860323671795
16315.0,226.37,0,1,226.37,0.0,0.0,0,238,0.0,0.0,0,0.0,1,0.6612619382374662
18106.0,430.6999999999999,0,1,430.6999999999999,0.0,0.0,0,237,0.0,0.0,0,0.0,1,0.6994888037345227
14820.0,139.77,0,1,139.77,0.0,0.0,0,81,0.0,0.0,0,0.0,0,0.5431747991912738
18062.0,720.52,164,3,240.17333333333332,82.0,0.0,0,81,0.0,0.0,0,0.0,1,0.3674711184819464
13569.0,118.32000000000001,0,1,118.32000000000001,0.0,0.0,0,275,0.0,0.0,0,0.0,0,0.5763056190603835
15321.0,1159.47,0,1,1159.47,0.0,0.0,0,199,0.0,0.0,0,0.0,0,0.7232237382250756
17451.0,316.1599999999999,5,2,158.07999999999996,5.0,0.0,0,8,17.0,29.85,1,0.5,0,0.33687082490266435
16309.0,706.5699999999999,134,2,353.28499999999997,134.0,0.0,0,14,0.0,0.0,0,0.0,0,0.31036757199092674
13812.0,278.73999999999995,0,1,278.73999999999995,0.0,0.0,0,13,0.0,0.0,0,0.0,0,0.38400968163992216
17329.0,243.35999999999996,0,1,243.35999999999996,0.0,0.0,0,223,0.0,0.0,0,0.0,0,0.671656948234935
16755.0,1484.63,201,5,296.92600000000004,50.25,0.0,0,22,6.0,12.2,1,0.2,1,0.17709840152586667
17618.0,663.38,114,2,331.69,114.0,0.0,0,156,0.0,0.0,0,0.0,0,0.45323830133375975
18004.0,169.46999999999997,0,1,169.46999999999997,0.0,0.0,0,270,0.0,0.0,0,0.0,1,0.6051525179753358
15104.0,1002.5399999999998,116,3,334.17999999999995,58.0,0.0,0,74,2.0,24.9,1,0.3333333333333333,1,0.27242576831680354
13166.0,414.69999999999993,1,2,207.34999999999997,1.0,0.0,0,190,2.0,2.5,1,0.5,1,0.6253475474169581
17923.0,207.50000000000003,0,1,207.50000000000003,0.0,0.0,0,190,0.0,0.0,0,0.0,1,0.6666609987615043
16711.0,909.8700000000001,217,3,303.29,108.5,0.0,0,48,0.0,0.0,0,0.0,0,0.40410644072070084
12571.0,248.35,0,1,248.35,0.0,0.0,0,29,0.0,0.0,0,0.0,0,0.42138201390235747
14116.0,628.8700000000001,29,2,314.43500000000006,29.0,0.0,0,0,0.0,0.0,0,0.0,0,0.27802789240746484
14238.0,146.85,0,1,146.85,0.0,0.0,0,234,0.0,0.0,0,0.0,1,0.6480848888027161
16350.0,360.6999999999999,32,2,180.34999999999994,32.0,0.0,0,241,3.0,16.0,1,0.5,0,0.5979484462477938
12738.0,155.35,0,1,155.35,0.0,0.0,0,280,0.0,0.0,0,0.0,1,0.5788227213989086
14420.0,387.52,0,1,387.52,0.0,0.0,0,7,0.0,0.0,0,0.0,0,0.35437312238819046
13110.0,1006.4399999999998,174,6,167.73999999999998,34.8,0.0,0,45,4.0,35.8,1,0.16666666666666666,0,0.1988093673783152
15372.0,1955.56,0,1,1955.56,0.0,0.0,0,45,0.0,0.0,0,0.0,1,0.32397967115847925
17262.0,955.36,139,4,238.84,46.333333333333336,0.0,0,135,0.0,0.0,0,0.0,0,0.3485959589484143
15967.0,173.79999999999998,0,1,173.79999999999998,0.0,0.0,0,226,0.0,0.0,0,0.0,0,0.6589044546837328
15339.0,251.25,0,1,251.25,0.0,0.0,0,226,0.0,0.0,0,0.0,0,0.6719957897364507
17082.0,636.9400000000002,0,1,636.9400000000002,0.0,0.0,0,226,0.0,0.0,0,0.0,0,0.7247239495298052
17625.0,1234.7799999999997,117,2,617.3899999999999,117.0,0.0,0,48,0.0,0.0,0,0.0,0,0.32276681555409026
15506.0,209.35000000000005,0,1,209.35000000000005,0.0,0.0,0,46,0.0,0.0,0,0.0,0,0.46321772791279203
17724.0,373.1,0,1,373.1,0.0,0.0,0,46,0.0,0.0,0,0.0,0,0.43575332762326285
16305.0,361.2199999999999,0,1,361.2199999999999,0.0,0.0,0,46,0.0,0.0,0,0.0,1,0.4376489897621085
16384.0,409.09999999999997,0,1,409.09999999999997,0.0,0.0,0,171,0.0,0.0,0,0.0,0,0.6615351560298208
14682.0,52.0,14,2,26.0,14.0,0.0,0,95,0.0,0.0,0,0.0,1,0.5703227234734625
15292.0,180.93999999999997,0,1,180.93999999999997,0.0,0.0,0,109,0.0,0.0,0,0.0,1,0.5860165405272265
13131.0,324.9,0,1,324.9,0.0,0.0,0,95,0.0,0.0,0,0.0,0,0.5455460953863428
15014.0,117.72999999999999,0,1,117.72999999999999,0.0,0.0,0,84,0.0,0.0,0,0.0,0,0.5516587066106606
16659.0,39.12,0,1,39.12,0.0,0.0,0,97,0.0,0.0,0,0.0,1,0.5830612172163562
13523.0,2159.74,190,4,539.935,63.333333333333336,0.0,0,84,7.0,209.5,1,0.25,0,0.10941573498511414
13434.0,72.84,0,1,72.84,0.0,0.0,0,4,0.0,0.0,0,0.0,0,0.40644563605197165
14067.0,224.67,0,1,224.67,0.0,0.0,0,4,0.0,0.0,0,0.0,0,0.3765281931776326
17410.0,419.54999999999995,119,2,209.77499999999998,119.0,0.0,0,4,0.0,0.0,0,0.0,0,0.2961418164611324
16756.0,239.4,0,1,239.4,0.0,0.0,0,122,0.0,0.0,0,0.0,1,0.6012346750639204
16276.0,810.6000000000001,0,1,810.6000000000001,0.0,0.0,0,84,0.0,0.0,0,0.0,1,0.4662301571172877
16257.0,46.95,0,1,46.95,0.0,0.0,0,84,0.0,0.0,0,0.0,1,0.5616665294924434
17670.0,205.7,0,1,205.7,0.0,0.0,0,135,0.0,0.0,0,0.0,1,0.6215314389518644
16834.0,413.46000000000004,0,1,413.46000000000004,0.0,0.0,0,135,0.0,0.0,0,0.0,1,0.6111144048640583
17173.0,950.31,30,3,316.77,15.0,0.0,0,9,1.0,10.95,1,0.3333333333333333,0,0.20862703507767513
14108.0,291.33000000000004,0,1,291.33000000000004,0.0,0.0,0,9,0.0,0.0,0,0.0,0,0.37408969213913956
16624.0,426.4299999999999,0,1,426.4299999999999,0.0,0.0,0,105,0.0,0.0,0,0.0,0,0.554477713101321
14280.0,134.04,0,1,134.04,0.0,0.0,0,104,0.0,0.0,0,0.0,1,0.582929868463262
13948.0,101.99999999999999,0,1,101.99999999999999,0.0,0.0,0,268,0.0,0.0,0,0.0,1,0.5859519724586637
13035.0,333.00000000000006,0,1,333.00000000000006,0.0,0.0,0,168,0.0,0.0,0,0.0,0,0.6571289710044274
13058.0,47.550000000000004,0,1,47.550000000000004,0.0,0.0,0,59,0.0,0.0,0,0.0,0,0.5176071076634875
17589.0,1843.0700000000002,89,3,614.3566666666667,44.5,0.0,0,59,0.0,0.0,0,0.0,0,0.28029451642107256
12449.0,1632.56,58,2,816.28,58.0,0.0,0,37,0.0,0.0,0,0.0,0,0.312355913566371
16612.0,870.3,192,3,290.09999999999997,96.0,0.0,0,27,0.0,0.0,0,0.0,0,0.36192615381600435
12922.0,405.38,0,1,405.38,0.0,0.0,0,69,0.0,0.0,0,0.0,1,0.48070778416453985
17110.0,163.29999999999998,0,1,163.29999999999998,0.0,0.0,0,73,0.0,0.0,0,0.0,1,0.5247726697329083
15623.0,301.03,0,1,301.03,0.0,0.0,0,49,0.0,0.0,0,0.0,1,0.45381105163909036
15664.0,-27.799999999999997,0,1,-27.799999999999997,0.0,0.0,0,267,16.0,27.799999999999997,1,1.0,0,0.5380933936799539
15885.0,364.34999999999997,1,2,182.17499999999998,1.0,0.0,0,0,0.0,0.0,0,0.0,1,0.3553415712157082
18113.0,76.32000000000001,0,1,76.32000000000001,0.0,0.0,0,276,0.0,0.0,0,0.0,1,0.5577634232643448
17349.0,110.75,0,1,110.75,0.0,0.0,0,87,0.0,0.0,0,0.0,1,0.5578281963643883
12863.0,-17.0,0,1,-17.0,0.0,0.0,0,107,2.0,17.0,1,1.0,0,0.13153349038596612
13236.0,439.23,0,1,439.23,0.0,0.0,0,14,0.0,0.0,0,0.0,0,0.3596457988654047
16093.0,17.0,0,1,17.0,0.0,0.0,0,14,0.0,0.0,0,0.0,1,0.43750023444305103
13484.0,313.79999999999995,0,1,313.79999999999995,0.0,0.0,0,149,0.0,0.0,0,0.0,1,0.6355033258991725
13113.0,9755.46,253,33,295.61999999999995,7.90625,0.0,0,21,149.0,1031.6,12,0.36363636363636365,0,0.0005282511630910811
12779.0,2906.1099999999997,182,10,290.611,20.22222222222222,0.0,0,97,20.0,93.3,3,0.3,0,0.27257021622052724
18212.0,248.41999999999993,0,1,248.41999999999993,0.0,0.0,0,234,0.0,0.0,0,0.0,1,0.6680601207633505
16109.0,611.8799999999999,90,2,305.93999999999994,90.0,0.0,0,126,0.0,0.0,0,0.0,1,0.47387883323138924
13787.0,106.4,0,1,106.4,0.0,0.0,0,272,0.0,0.0,0,0.0,0,0.578749653533493
15189.0,12114.42,239,44,275.32772727272726,5.558139534883721,0.0,0,1,114.0,423.25,11,0.25,0,3.046093848771593e-09
16843.0,8755.69,234,14,625.4064285714286,18.0,0.0,0,1,5.0,12.75,1,0.07142857142857142,0,0.0187956012345179
14088.0,25431.570000000003,194,8,3178.9462500000004,27.714285714285715,0.0,0,36,72.0,76.32000000000001,1,0.125,0,0.0037856538835952937
15895.0,179.17,0,1,179.17,0.0,0.0,0,57,0.0,0.0,0,0.0,1,0.49080277662985383
16218.0,2605.67,259,7,372.23857142857145,43.166666666666664,0.0,0,22,11.0,29.81,1,0.14285714285714285,0,0.11740590314560305
13047.0,2559.419999999999,260,14,182.81571428571422,20.0,0.0,0,21,29.0,122.59,6,0.42857142857142855,0,0.3169669119753281
14911.0,72478.38,280,131,553.2700763358779,2.1538461538461537,1330904.1299999997,1,1,2950.0,6013.620000000001,17,0.1297709923664122,0,4.4072146780792574e-79
17706.0,7631.579999999999,266,16,476.97374999999994,17.733333333333334,0.0,0,8,53.0,356.32000000000005,4,0.25,0,0.006422748485790412
16705.0,9740.939999999999,260,16,608.8087499999999,17.333333333333332,0.0,0,6,11.0,39.41,6,0.375,0,0.0028353147511646875
17984.0,152.68000000000006,0,1,152.68000000000006,0.0,0.0,0,53,0.0,0.0,0,0.0,1,0.48738984669791113
15251.0,7387.22,135,9,820.8022222222222,16.875,0.0,0,14,49.0,64.89999999999999,2,0.2222222222222222,0,0.033189350445466996
16871.0,1986.9700000000003,72,5,397.39400000000006,18.0,0.0,0,106,3.0,50.849999999999994,1,0.2,0,0.2188544103922731
14226.0,1678.8499999999997,70,4,419.7124999999999,23.333333333333332,0.0,0,107,7.0,30.55,2,0.5,0,0.16506008481408124
16809.0,468.74000000000007,126,4,117.18500000000002,42.0,0.0,0,44,1.0,1.95,1,0.25,0,0.258489047735863
13953.0,2604.3599999999997,237,5,520.872,59.25,0.0,0,23,0.0,0.0,0,0.0,0,0.2465399691866402
17961.0,1178.3600000000001,249,31,38.01161290322581,8.3,0.0,0,31,0.0,0.0,0,0.0,0,0.7951911225127958
17107.0,6334.060000000001,123,3,2111.353333333334,61.5,0.0,0,63,0.0,0.0,0,0.0,0,0.07163317712710858
17398.0,653.3799999999998,141,3,217.79333333333327,70.5,0.0,0,22,0.0,0.0,0,0.0,1,0.2974900711330394
15333.0,1028.56,0,1,1028.56,0.0,0.0,0,116,0.0,0.0,0,0.0,1,0.5290862820917466
15023.0,5045.5199999999995,253,9,560.6133333333332,31.625,0.0,0,24,8.0,39.6,1,0.1111111111111111,0,0.057366965211069945
14081.0,898.3699999999999,102,4,224.59249999999997,34.0,0.0,0,175,3.0,29.849999999999998,2,0.5,1,0.26056667276091927
16858.0,345.89000000000004,2,2,172.94500000000002,2.0,0.0,0,274,8.0,29.8,1,0.5,1,0.6242344493704068
14640.0,1484.41,100,5,296.882,25.0,0.0,0,35,5.0,16.65,1,0.2,0,0.17251071759002087
16626.0,2163.24,153,8,270.405,21.857142857142858,0.0,0,21,1.0,2.1,1,0.125,0,0.10907398061161461
14768.0,133.20000000000002,0,1,133.20000000000002,0.0,0.0,0,35,0.0,0.0,0,0.0,0,0.45494250427482785
14215.0,1086.4700000000003,182,5,217.29400000000004,45.5,0.0,0,94,4.0,11.8,1,0.2,0,0.253705923293449
13564.0,1198.3799999999997,14,2,599.1899999999998,14.0,0.0,0,262,0.0,0.0,0,0.0,1,0.6684549034358952
17063.0,636.9200000000001,131,6,106.15333333333335,26.2,0.0,0,66,5.0,34.95,2,0.3333333333333333,0,0.3150149399628356
18232.0,490.12000000000006,40,4,122.53000000000002,13.333333333333334,0.0,0,65,3.0,10.5,1,0.25,0,0.3557731440919979
14235.0,2775.3599999999997,103,4,693.8399999999999,34.333333333333336,0.0,0,65,0.0,0.0,0,0.0,0,0.18889620885311298
16407.0,1517.12,202,8,189.64,28.857142857142858,0.0,0,18,0.0,0.0,0,0.0,0,0.141904185197392
13973.0,264.7,0,1,264.7,0.0,0.0,0,195,0.0,0.0,0,0.0,1,0.6727138704241556
13493.0,618.63,12,2,309.315,12.0,0.0,0,183,0.0,0.0,0,0.0,1,0.6756096892900133
16339.0,109.95000000000002,0,1,109.95000000000002,0.0,0.0,0,192,0.0,0.0,0,0.0,1,0.6593956560026923
17460.0,612.48,279,7,87.49714285714286,46.5,0.0,0,2,1.0,9.95,1,0.14285714285714285,0,0.10134982081779442
13090.0,4689.84,260,11,426.34909090909093,26.0,0.0,0,20,62.0,207.18000000000004,2,0.18181818181818182,0,0.03582718774245249
14047.0,617.32,173,5,123.46400000000001,43.25,0.0,0,107,4.0,18.6,2,0.4,0,0.4070491305948068
16916.0,198.07999999999996,0,1,198.07999999999996,0.0,0.0,0,280,0.0,0.0,0,0.0,0,0.5951655735754731
17850.0,5288.630000000003,71,35,151.10371428571437,2.088235294117647,0.0,0,210,40.0,102.58000000000001,1,0.02857142857142857,1,1.0
15070.0,106.2,0,1,106.2,0.0,0.0,0,280,0.0,0.0,0,0.0,1,0.5593944177031409
15696.0,1532.45,113,9,170.27222222222224,14.125,0.0,0,121,5.0,87.05000000000001,3,0.3333333333333333,0,0.4459352477873025
13884.0,189.95,6,4,47.4875,2.0,0.0,0,185,3.0,6.300000000000001,1,0.25,0,0.7271953219788932
15974.0,2882.4099999999994,193,7,411.77285714285705,32.166666666666664,0.0,0,3,6.0,12.600000000000001,1,0.14285714285714285,0,0.10479119033979292
14247.0,136.77,0,1,136.77,0.0,0.0,0,186,0.0,0.0,0,0.0,1,0.6606342084319531
14012.0,328.8,0,1,328.8,0.0,0.0,0,185,0.0,0.0,0,0.0,1,0.6715361179501252
18037.0,70.02000000000001,208,6,11.670000000000002,41.6,0.0,0,62,0.0,0.0,0,0.0,1,0.3939428014653209
15315.0,214.58000000000004,10,2,107.29000000000002,10.0,0.0,0,14,24.0,18.96,1,0.5,0,0.4109486916816731
12569.0,2125.98,160,17,125.05764705882353,10.0,0.0,0,0,7.0,41.7,2,0.11764705882352941,0,0.010845509892148381
16470.0,526.98,243,4,131.745,81.0,0.0,0,23,1.0,4.95,1,0.25,0,0.2749650166251093
17958.0,508.4599999999999,0,1,508.4599999999999,0.0,0.0,0,24,0.0,0.0,0,0.0,1,0.3690635008749626
15747.0,549.4699999999999,52,2,274.73499999999996,52.0,0.0,0,28,0.0,0.0,0,0.0,0,0.31361695580343235
12904.0,244.68999999999994,0,1,244.68999999999994,0.0,0.0,0,80,0.0,0.0,0,0.0,0,0.5263889116332665
15581.0,721.6300000000001,210,10,72.16300000000001,23.333333333333332,0.0,0,64,0.0,0.0,0,0.0,1,0.523840004912439
17867.0,944.73,145,5,188.946,36.25,0.0,0,51,1.0,12.75,1,0.2,0,0.21881597990451596
17419.0,2649.25,224,9,294.3611111111111,28.0,0.0,0,51,1.0,10.75,1,0.1111111111111111,0,0.12774914318043296
12584.0,688.2900000000002,153,8,86.03625000000002,21.857142857142858,0.0,0,35,12.0,94.3,3,0.375,0,0.29508858580727826
18109.0,4342.370000000001,259,21,206.77952380952385,12.95,0.0,0,18,17.0,114.9,4,0.19047619047619047,0,0.010489387045493053
18101.0,110.22999999999999,0,1,110.22999999999999,0.0,0.0,0,51,0.0,0.0,0,0.0,0,0.49103148998923585
16814.0,5188.290000000001,261,17,305.19352941176476,16.3125,0.0,0,16,1.0,8.5,1,0.058823529411764705,0,0.014829083466930754
13253.0,1030.4,183,2,515.2,183.0,0.0,0,64,0.0,0.0,0,0.0,1,0.30781758637853374
17045.0,339.43999999999994,134,3,113.14666666666665,67.0,0.0,0,21,0.0,0.0,0,0.0,1,0.28617525360649987
12594.0,2511.9,201,9,279.1,25.125,0.0,0,29,1.0,18.0,1,0.1111111111111111,0,0.10065141553810512
18225.0,2594.53,271,11,235.86636363636364,27.1,0.0,0,8,33.0,136.25,4,0.36363636363636365,0,0.1424531833729224
18010.0,174.79999999999998,0,1,174.79999999999998,0.0,0.0,0,164,0.0,0.0,0,0.0,1,0.6514365941893251
17951.0,391.80000000000007,19,3,130.60000000000002,9.5,0.0,0,262,6.0,17.700000000000003,1,0.3333333333333333,0,0.5652940038974233
15983.0,1148.27,13,3,382.75666666666666,6.5,0.0,0,268,0.0,0.0,0,0.0,0,0.684480812362114
14680.0,25217.86,276,19,1327.2557894736842,15.333333333333334,0.0,0,3,63.0,199.7,5,0.2631578947368421,0,8.099848220219577e-05
14188.0,1376.81,210,6,229.46833333333333,42.0,0.0,0,8,5.0,6.649999999999999,2,0.3333333333333333,0,0.18725633864615127
15920.0,163.54999999999998,0,3,54.51666666666666,0.0,0.0,0,62,0.0,0.0,0,0.0,1,0.5567618489666043
15270.0,1769.0,203,7,252.71428571428572,33.833333333333336,0.0,0,15,62.0,81.28999999999999,2,0.2857142857142857,0,0.1365907223967768
16841.0,1465.8600000000001,180,6,244.31000000000003,36.0,0.0,0,15,16.0,95.2,1,0.16666666666666666,0,0.13268991873645986
14040.0,2671.3799999999997,237,13,205.49076923076922,19.75,0.0,0,2,30.0,72.73,3,0.23076923076923078,0,0.02847979543404534
14418.0,150.44,0,1,150.44,0.0,0.0,0,16,0.0,0.0,0,0.0,0,0.41380752048935504
15036.0,245.68999999999994,2,2,122.84499999999997,2.0,0.0,0,85,0.0,0.0,0,0.0,0,0.5656969714225261
17874.0,652.26,70,6,108.71,14.0,0.0,0,93,12.0,25.200000000000003,1,0.16666666666666666,1,0.4133417781325617
12891.0,331.0,107,3,110.33333333333333,53.5,0.0,0,93,0.0,0.0,0,0.0,1,0.4110172001466054
14375.0,255.12999999999997,0,1,255.12999999999997,0.0,0.0,0,93,0.0,0.0,0,0.0,1,0.5500272516078945
17536.0,76.5,0,1,76.5,0.0,0.0,0,85,0.0,0.0,0,0.0,1,0.5591532870630795
14338.0,554.2199999999999,38,4,138.55499999999998,12.666666666666666,0.0,0,66,6.0,34.0,2,0.5,1,0.35742598089029076
18072.0,12.240000000000038,30,2,6.120000000000019,30.0,0.0,0,63,240.0,235.19999999999996,1,0.5,1,0.7268585954658269
14112.0,1809.9199999999998,162,8,226.23999999999998,23.142857142857142,0.0,0,21,26.0,90.90000000000002,4,0.5,0,0.19878711235270713
16023.0,500.69000000000005,74,2,250.34500000000003,74.0,0.0,0,100,0.0,0.0,0,0.0,0,0.44831460828189096
15019.0,265.9999999999999,0,1,265.9999999999999,0.0,0.0,0,174,0.0,0.0,0,0.0,1,0.660912341369796
17567.0,2915.5499999999997,280,7,416.5071428571428,46.666666666666664,0.0,0,0,2.0,9.9,1,0.14285714285714285,0,0.12419254635780964
12388.0,1668.3400000000004,178,4,417.0850000000001,59.333333333333336,0.0,0,56,0.0,0.0,0,0.0,0,0.25925494393645937
15306.0,657.0699999999999,56,2,328.53499999999997,56.0,0.0,0,0,0.0,0.0,0,0.0,0,0.25433585057669783
12999.0,455.87999999999994,49,3,151.95999999999998,24.5,0.0,0,104,0.0,0.0,0,0.0,1,0.4995257275063632
13863.0,299.56,2,2,149.78,2.0,0.0,0,153,5.0,6.22,1,0.5,1,0.6358306785806966
14450.0,483.25,140,3,161.08333333333334,70.0,0.0,0,88,0.0,0.0,0,0.0,1,0.3830392296089939
13506.0,452.82,57,3,150.94,28.5,0.0,0,220,3.0,5.7,1,0.3333333333333333,1,0.43472921535586634
12423.0,1620.6700000000003,255,8,202.58375000000004,36.42857142857143,0.0,0,6,12.0,10.2,1,0.125,0,0.08474678329044753
12539.0,4517.6900000000005,71,3,1505.8966666666668,35.5,0.0,0,170,0.0,0.0,0,0.0,0,0.03885046184751152
17830.0,287.65,27,2,143.825,27.0,0.0,0,169,0.0,0.0,0,0.0,0,0.6457137689446668
12604.0,178.5,0,1,178.5,0.0,0.0,0,169,0.0,0.0,0,0.0,0,0.654971449043433
14339.0,289.91,8,4,72.4775,2.6666666666666665,0.0,0,142,18.0,19.61,2,0.5,1,0.5204947485589423
15135.0,127.14999999999998,6,2,63.57499999999999,6.0,0.0,0,141,2.0,11.9,1,0.5,1,0.6896352284706747
16957.0,416.64,42,2,208.32,42.0,0.0,0,147,0.0,0.0,0,0.0,1,0.5772715317096305
13381.0,2461.33,185,4,615.3325,61.666666666666664,0.0,0,21,0.0,0.0,0,0.0,0,0.291663799961539
14715.0,594.75,237,3,198.25,118.5,0.0,0,2,0.0,0.0,0,0.0,0,0.40586556562553305
14692.0,582.0500000000002,185,5,116.41000000000004,46.25,0.0,0,45,10.0,9.5,1,0.2,1,0.2400093701236542
13136.0,1188.4299999999998,231,6,198.07166666666663,46.2,0.0,0,42,7.0,38.25,3,0.5,0,0.42276799936364406
16775.0,1174.55,245,8,146.81875,35.0,0.0,0,30,0.0,0.0,0,0.0,0,0.16044502852771553
13928.0,225.45000000000005,27,2,112.72500000000002,27.0,0.0,0,14,0.0,0.0,0,0.0,0,0.3244787343929124
17388.0,953.0300000000001,156,3,317.6766666666667,78.0,0.0,0,39,0.0,0.0,0,0.0,0,0.328444220408057
13750.0,1316.63,196,4,329.1575,65.33333333333333,0.0,0,48,0.0,0.0,0,0.0,0,0.28740993952198307
16655.0,1868.89,200,3,622.9633333333334,100.0,0.0,0,39,0.0,0.0,0,0.0,0,0.3571940335218013
12818.0,1517.8799999999999,83,2,758.9399999999999,83.0,0.0,0,86,6.0,24.2,1,0.5,1,0.39049311216338156
17236.0,697.7299999999999,183,5,139.546,45.75,0.0,0,87,0.0,0.0,0,0.0,0,0.36966229108501397
17324.0,702.23,35,2,351.115,35.0,0.0,0,239,0.0,0.0,0,0.0,0,0.6601662686882449
12652.0,914.5299999999997,9,2,457.2649999999999,9.0,0.0,0,230,3.0,5.45,1,0.5,1,0.4849046770195572
17094.0,270.19999999999993,4,2,135.09999999999997,4.0,0.0,0,226,4.0,31.8,1,0.5,1,0.684582890414131
12916.0,2982.35,182,5,596.47,45.5,0.0,0,46,8.0,23.799999999999997,1,0.2,1,0.11871699008462958
17714.0,153.0,0,1,153.0,0.0,0.0,0,228,0.0,0.0,0,0.0,1,0.6539195704264441
16907.0,711.88,217,4,177.97,72.33333333333333,0.0,0,56,0.0,0.0,0,0.0,0,0.3322486991839848
13144.0,110.94999999999999,0,1,110.94999999999999,0.0,0.0,0,240,0.0,0.0,0,0.0,1,0.634148980008694
17569.0,344.13999999999993,0,1,344.13999999999993,0.0,0.0,0,240,0.0,0.0,0,0.0,1,0.6834079389906307
15549.0,1594.1799999999998,159,3,531.3933333333333,79.5,0.0,0,65,10.0,37.5,1,0.3333333333333333,0,0.20710296156835617
13021.0,1120.49,208,7,160.07,34.666666666666664,0.0,0,65,16.0,31.98,3,0.42857142857142855,0,0.43116088498451055
15632.0,2335.94,153,7,333.7057142857143,25.5,0.0,0,29,2.0,15.9,1,0.14285714285714285,0,0.12205029290041775
12775.0,1129.88,122,5,225.97600000000003,30.5,0.0,0,97,24.0,34.8,1,0.2,0,0.2674365529352843
14101.0,4944.39,184,5,988.878,46.0,0.0,0,50,0.0,0.0,0,0.0,0,0.0966097711047582
17214.0,613.6700000000001,110,4,153.41750000000002,36.666666666666664,0.0,0,157,0.0,0.0,0,0.0,0,0.4980454951339884
17602.0,893.7,203,3,297.90000000000003,101.5,0.0,0,29,11.0,13.75,1,0.3333333333333333,0,0.2530417052814832
12402.0,225.6,0,1,225.6,0.0,0.0,0,231,0.0,0.0,0,0.0,1,0.6654249016908491
18235.0,749.8000000000002,97,2,374.9000000000001,97.0,0.0,0,28,0.0,0.0,0,0.0,0,0.3060034568963917
14393.0,67.94999999999999,0,1,67.94999999999999,0.0,0.0,0,126,0.0,0.0,0,0.0,1,0.6185256463313761
14823.0,321.42999999999995,14,3,107.14333333333332,7.0,0.0,0,88,0.0,0.0,0,0.0,1,0.5694675861062437
15897.0,222.05,0,2,111.025,0.0,0.0,0,102,0.0,0.0,0,0.0,1,0.6143613197703415
13398.0,457.3400000000001,0,1,457.3400000000001,0.0,0.0,0,100,0.0,0.0,0,0.0,1,0.5409922129474997
14626.0,1553.7899999999995,111,3,517.9299999999998,55.5,0.0,0,30,14.0,17.5,1,0.3333333333333333,0,0.17840767360450316
13500.0,326.4,0,1,326.4,0.0,0.0,0,30,0.0,0.0,0,0.0,0,0.40982061880488013
18151.0,653.3499999999999,155,2,326.67499999999995,155.0,0.0,0,42,0.0,0.0,0,0.0,1,0.3663479477629897
13026.0,604.2,183,3,201.4,91.5,0.0,0,0,0.0,0.0,0,0.0,0,0.31101441008859326
13451.0,2403.3300000000004,208,5,480.66600000000005,52.0,0.0,0,34,6.0,59.699999999999996,1,0.2,0,0.1464943346951568
17658.0,317.59999999999997,0,1,317.59999999999997,0.0,0.0,0,119,0.0,0.0,0,0.0,0,0.5904094224281824
13300.0,365.29,5,2,182.645,5.0,0.0,0,72,2.0,6.6,1,0.5,1,0.4521049223197345
15093.0,3810.2200000000003,256,8,476.27750000000003,36.57142857142857,0.0,0,24,27.0,186.87999999999997,3,0.375,0,0.10857735898758782
16471.0,223.95,0,1,223.95,0.0,0.0,0,182,0.0,0.0,0,0.0,1,0.6643002737370256
16446.0,2.9,0,1,2.9,0.0,0.0,0,113,0.0,0.0,0,0.0,0,0.6084281650267758
12690.0,389.00999999999993,0,1,389.00999999999993,0.0,0.0,0,113,0.0,0.0,0,0.0,1,0.573645872953262
13397.0,1223.24,229,5,244.648,57.25,0.0,0,18,1.0,4.95,1,0.2,0,0.19722951629085225
12828.0,406.81000000000006,31,3,135.60333333333335,15.5,0.0,0,7,0.0,0.0,0,0.0,0,0.3017936829118731
15396.0,288.17999999999995,0,1,288.17999999999995,0.0,0.0,0,20,0.0,0.0,0,0.0,1,0.396140998959
12418.0,668.5799999999997,0,1,668.5799999999997,0.0,0.0,0,20,0.0,0.0,0,0.0,1,0.34013402872855214
14522.0,745.2,106,2,372.6,106.0,0.0,0,0,0.0,0.0,0,0.0,0,0.26141951667329644
12684.0,1349.4799999999998,43,3,449.8266666666666,21.5,0.0,0,78,0.0,0.0,0,0.0,0,0.35989539584296304
13249.0,711.4100000000001,169,3,237.13666666666668,84.5,0.0,0,0,0.0,0.0,0,0.0,1,0.2989637051709754
13235.0,1031.0699999999997,0,1,1031.0699999999997,0.0,0.0,0,120,0.0,0.0,0,0.0,1,0.53946002553832
12976.0,738.6,0,1,738.6,0.0,0.0,0,119,0.0,0.0,0,0.0,1,0.5578636623887187
12778.0,492.06,129,4,123.015,43.0,0.0,0,91,0.0,0.0,0,0.0,0,0.4003291330430822
12845.0,354.09,23,4,88.5225,7.666666666666667,0.0,0,175,0.0,0.0,0,0.0,1,0.8325210329000088
17442.0,1888.34,272,8,236.0425,38.857142857142854,0.0,0,1,5.0,33.35,3,0.375,0,0.21363020053812293
12852.0,299.74999999999994,4,2,149.87499999999997,4.0,0.0,0,198,4.0,11.8,1,0.5,1,0.6718711815147083
18185.0,304.25,0,1,304.25,0.0,0.0,0,157,0.0,0.0,0,0.0,1,0.6452673159051476
16293.0,1129.7400000000002,160,4,282.43500000000006,53.333333333333336,0.0,0,115,0.0,0.0,0,0.0,0,0.2958252154108482
14193.0,422.53999999999996,0,1,422.53999999999996,0.0,0.0,0,177,0.0,0.0,0,0.0,0,0.668306886803272
16037.0,855.02,89,3,285.00666666666666,44.5,0.0,0,177,0.0,0.0,0,0.0,1,0.42067207400158196
13382.0,222.99,0,1,222.99,0.0,0.0,0,188,0.0,0.0,0,0.0,1,0.6670009083068407
13461.0,884.2,25,2,442.1,25.0,0.0,0,46,0.0,0.0,0,0.0,0,0.3678117481339248
15146.0,1313.6600000000003,127,3,437.88666666666677,63.5,0.0,0,72,14.0,13.5,1,0.3333333333333333,1,0.23498832803894593
15835.0,675.51,193,3,225.17,96.5,0.0,0,45,0.0,0.0,0,0.0,0,0.3759707894959223
13062.0,331.98,0,1,331.98,0.0,0.0,0,99,0.0,0.0,0,0.0,1,0.5525368317995409
15436.0,489.0499999999999,0,1,489.0499999999999,0.0,0.0,0,142,0.0,0.0,0,0.0,0,0.6194660649746482
14868.0,1297.07,113,4,324.2675,37.666666666666664,0.0,0,28,0.0,0.0,0,0.0,0,0.2577850753051565
17217.0,113.5,0,1,113.5,0.0,0.0,0,142,0.0,0.0,0,0.0,1,0.633199396179736
13807.0,112.6,0,1,112.6,0.0,0.0,0,275,0.0,0.0,0,0.0,1,0.5741516036769534
17962.0,102.82999999999998,0,1,102.82999999999998,0.0,0.0,0,50,0.0,0.0,0,0.0,1,0.49042386969888246
15325.0,162.2899999999999,0,1,162.2899999999999,0.0,0.0,0,11,0.0,0.0,0,0.0,1,0.4017440816440461
12574.0,218.45000000000002,0,1,218.45000000000002,0.0,0.0,0,223,0.0,0.0,0,0.0,1,0.6677367764174201
12377.0,1628.1199999999997,39,2,814.0599999999998,39.0,0.0,0,223,0.0,0.0,0,0.0,1,0.6595137603592954
14608.0,204.0,0,1,204.0,0.0,0.0,0,270,0.0,0.0,0,0.0,0,0.6167261648654565
13753.0,741.26,0,1,741.26,0.0,0.0,0,195,0.0,0.0,0,0.0,1,0.7019163745523367
17426.0,3279.2299999999987,107,3,1093.0766666666661,53.5,0.0,0,83,0.0,0.0,0,0.0,0,0.17455536296596785
16792.0,110.38000000000001,0,2,55.190000000000005,0.0,0.0,0,190,0.0,0.0,0,0.0,1,0.7620581073954823
17374.0,495.77000000000004,63,2,247.88500000000002,63.0,0.0,0,126,0.0,0.0,0,0.0,1,0.5069069774008196
14777.0,-14.5,0,1,-14.5,0.0,0.0,0,266,8.0,14.5,1,1.0,0,0.5012784968589269
17580.0,212.77000000000004,106,3,70.92333333333335,53.0,0.0,0,160,0.0,0.0,0,0.0,1,0.5035952494267135
15443.0,661.5999999999999,211,2,330.79999999999995,211.0,0.0,0,17,0.0,0.0,0,0.0,0,0.44715880156698756
12627.0,2727.83,44,5,545.566,11.0,0.0,0,4,0.0,0.0,0,0.0,0,0.22877064336637684
13169.0,505.19999999999993,0,1,505.19999999999993,0.0,0.0,0,160,0.0,0.0,0,0.0,0,0.647727080962303
15628.0,1602.1,268,6,267.01666666666665,53.6,0.0,0,6,10.0,2.9,1,0.16666666666666666,0,0.15268543692640382
14024.0,327.7,3,2,163.85,3.0,0.0,0,29,0.0,0.0,0,0.0,1,0.41617512055742045
14775.0,701.46,235,2,350.73,235.0,0.0,0,45,0.0,0.0,0,0.0,0,0.40709419366689625
16781.0,294.65,7,2,147.325,7.0,0.0,0,273,2.0,16.599999999999998,1,0.5,1,0.6235494643079804
13958.0,-102.45,0,1,-102.45,0.0,0.0,0,280,23.0,102.45,1,1.0,1,0.721942824131346
13658.0,715.6,25,3,238.53333333333333,12.5,0.0,0,87,10.0,217.7,2,0.6666666666666666,0,0.2365060365136721
12438.0,890.0699999999998,0,1,890.0699999999998,0.0,0.0,0,48,0.0,0.0,0,0.0,0,0.3729835682691306
13563.0,310.88,0,1,310.88,0.0,0.0,0,48,0.0,0.0,0,0.0,0,0.4500759465509621
14205.0,-15.300000000000011,101,2,-7.650000000000006,101.0,0.0,0,172,104.0,238.20000000000002,1,0.5,0,0.1453248923234578
17176.0,306.13,0,1,306.13,0.0,0.0,0,109,0.0,0.0,0,0.0,1,0.5739057676264263
16239.0,306.59999999999997,23,2,153.29999999999998,23.0,0.0,0,74,10.0,41.300000000000004,1,0.5,0,0.5088335966689793
18009.0,252.24000000000004,0,2,126.12000000000002,0.0,0.0,0,143,2.0,5.1,1,0.5,1,0.6445705606246929
18202.0,1396.9899999999998,112,3,465.66333333333324,56.0,0.0,0,107,0.0,0.0,0,0.0,1,0.31013184776090824
16121.0,287.89000000000004,0,1,287.89000000000004,0.0,0.0,0,123,0.0,0.0,0,0.0,0,0.5992582770875727
16442.0,435.38,133,2,217.69,133.0,0.0,0,135,0.0,0.0,0,0.0,0,0.39844785568579183
14844.0,2257.68,118,3,752.56,59.0,0.0,0,31,0.0,0.0,0,0.0,0,0.2830654419459029
12406.0,1461.5,61,2,730.75,61.0,0.0,0,30,9.0,134.55,1,0.5,0,0.17798314514544572
14963.0,294.2,0,1,294.2,0.0,0.0,0,91,0.0,0.0,0,0.0,0,0.5414076549389207
15690.0,111.0,0,1,111.0,0.0,0.0,0,8,0.0,0.0,0,0.0,0,0.40617968709868835
13466.0,297.95000000000005,84,2,148.97500000000002,84.0,0.0,0,8,1.0,9.95,1,0.5,1,0.4994395315861003
16083.0,1317.6199999999997,260,2,658.8099999999998,260.0,0.0,0,8,0.0,0.0,0,0.0,1,0.13285158355788335
16714.0,891.9699999999993,0,3,297.3233333333331,0.0,0.0,0,225,2.0,250.0,1,0.3333333333333333,1,0.6419169578941025
15852.0,160.71,11,2,80.355,11.0,0.0,0,94,0.0,0.0,0,0.0,1,0.5672327593739831
13135.0,3096.0,0,1,3096.0,0.0,0.0,0,104,0.0,0.0,0,0.0,1,0.4603035099659563
17859.0,148.21,0,1,148.21,0.0,0.0,0,212,0.0,0.0,0,0.0,1,0.6609877769322007
14591.0,250.21999999999994,0,1,250.21999999999994,0.0,0.0,0,121,0.0,0.0,0,0.0,0,0.5988849447963378
12535.0,359.8500000000001,0,1,359.8500000000001,0.0,0.0,0,94,0.0,0.0,0,0.0,0,0.5394753879798143
18248.0,783.02,73,4,195.755,24.333333333333332,0.0,0,21,10.0,21.0,2,0.5,1,0.2385696750809368
17140.0,465.3199999999998,0,1,465.3199999999998,0.0,0.0,0,155,0.0,0.0,0,0.0,1,0.6408194165960515
17239.0,379.95000000000005,40,2,189.97500000000002,40.0,0.0,0,220,1.0,2.55,1,0.5,1,0.5980814991366409
13299.0,142.5,0,1,142.5,0.0,0.0,0,176,0.0,0.0,0,0.0,1,0.6576023986185503
16216.0,914.9300000000002,0,1,914.9300000000002,0.0,0.0,0,175,0.0,0.0,0,0.0,1,0.6728921198063165
16134.0,269.13000000000005,5,2,134.56500000000003,5.0,0.0,0,262,14.0,14.399999999999999,1,0.5,0,0.6529067566292097
12577.0,195.89,0,1,195.89,0.0,0.0,0,267,0.0,0.0,0,0.0,0,0.6192560336894446
15488.0,76.32000000000001,0,1,76.32000000000001,0.0,0.0,0,0,0.0,0.0,0,0.0,1,0.3981817710046302
15048.0,318.94999999999993,252,4,79.73749999999998,84.0,0.0,0,24,12.0,3.4799999999999995,1,0.25,0,0.2620678069258639
13761.0,491.7099999999999,0,1,491.7099999999999,0.0,0.0,0,87,0.0,0.0,0,0.0,0,0.5089964344843882
15069.0,1109.5300000000007,0,1,1109.5300000000007,0.0,0.0,0,87,0.0,0.0,0,0.0,1,0.4460997448018793
16078.0,79.2,0,1,79.2,0.0,0.0,0,191,0.0,0.0,0,0.0,1,0.6567837992874896
15319.0,204.5,0,1,204.5,0.0,0.0,0,191,0.0,0.0,0,0.0,1,0.66675240329654
16340.0,544.8699999999999,0,1,544.8699999999999,0.0,0.0,0,15,0.0,0.0,0,0.0,1,0.34639639063473093
12963.0,365.80000000000007,0,1,365.80000000000007,0.0,0.0,0,273,0.0,0.0,0,0.0,0,0.663161115312044
17394.0,203.86999999999995,0,1,203.86999999999995,0.0,0.0,0,127,0.0,0.0,0,0.0,1,0.6109768495046481
12441.0,173.55,0,1,173.55,0.0,0.0,0,274,0.0,0.0,0,0.0,1,0.5986992530389824
13276.0,137.38,0,1,137.38,0.0,0.0,0,7,0.0,0.0,0,0.0,0,0.39895505418065513
17797.0,272.4100000000001,0,1,272.4100000000001,0.0,0.0,0,90,0.0,0.0,0,0.0,0,0.5421798158834169
14549.0,289.2399999999999,0,1,289.2399999999999,0.0,0.0,0,219,0.0,0.0,0,0.0,1,0.6790822168760073
14931.0,293.0,0,1,293.0,0.0,0.0,0,148,0.0,0.0,0,0.0,0,0.6347399409806546
17865.0,6746.96,264,17,396.88,16.5,0.0,0,8,35.0,268.28,5,0.29411764705882354,0,0.007909731141872264
17827.0,1583.8100000000004,122,4,395.9525000000001,40.666666666666664,0.0,0,150,0.0,0.0,0,0.0,0,0.234649504182251
18116.0,1246.6699999999996,130,7,178.09571428571422,21.666666666666668,0.0,0,142,0.0,0.0,0,0.0,0,0.6794599400775096
13000.0,534.85,258,3,178.28333333333333,129.0,0.0,0,14,0.0,0.0,0,0.0,1,0.45990454909473805
14146.0,662.3000000000001,103,3,220.76666666666668,51.5,0.0,0,162,551.0,1241.4299999999998,1,0.3333333333333333,0,0.48671484536862625
12676.0,998.05,188,4,249.5125,62.666666666666664,0.0,0,31,0.0,0.0,0,0.0,0,0.28424867686647326
12930.0,215.66,27,3,71.88666666666667,13.5,0.0,0,52,2.0,5.9,1,0.3333333333333333,0,0.42563432919390654
14808.0,1639.3600000000004,28,9,182.15111111111116,3.5,0.0,0,52,3.0,206.95,2,0.2222222222222222,0,0.25191001857814754
16011.0,2195.41,274,12,182.95083333333332,24.90909090909091,0.0,0,0,0.0,0.0,0,0.0,0,0.02398568494285156
17061.0,4542.7300000000005,122,11,412.97545454545457,12.2,0.0,0,18,42.0,116.10000000000001,1,0.09090909090909091,0,0.07018154077597313
14194.0,5562.07,202,19,292.74052631578945,11.222222222222221,0.0,0,14,42.0,104.38,6,0.3157894736842105,0,0.00890362201400814
15907.0,529.5199999999998,34,2,264.7599999999999,34.0,0.0,0,84,0.0,0.0,0,0.0,0,0.4631046253674028
14584.0,1029.26,29,5,205.852,7.25,0.0,0,77,4.0,13.0,1,0.2,1,0.34431125092812637
17026.0,154.82999999999998,184,2,77.41499999999999,184.0,0.0,0,93,0.0,0.0,0,0.0,1,0.41068697385760694
17731.0,601.8299999999999,55,4,150.45749999999998,18.333333333333332,0.0,0,36,101.0,361.91,1,0.25,0,0.3182573403509505
15005.0,4393.8,271,26,168.9923076923077,10.84,0.0,0,3,37.0,120.80000000000004,6,0.23076923076923078,0,0.0004227994007095894
16570.0,2026.1199999999997,233,10,202.61199999999997,25.88888888888889,0.0,0,35,60.0,107.94999999999999,4,0.4,0,0.3041328684680547
15205.0,466.8499999999999,12,2,233.42499999999995,12.0,0.0,0,23,1.0,4.41,1,0.5,0,0.30000099411661035
15089.0,2036.2800000000002,34,3,678.7600000000001,17.0,0.0,0,2,0.0,0.0,0,0.0,0,0.25734024415062184
17692.0,718.08,232,5,143.616,58.0,0.0,0,35,6.0,7.5,1,0.2,1,0.23512604424951605
14487.0,112.35000000000002,0,2,56.17500000000001,0.0,0.0,0,276,1.0,12.75,1,0.5,0,0.6838087542695978
17757.0,3286.7,258,21,156.5095238095238,12.9,0.0,0,22,4.0,19.8,1,0.047619047619047616,0,0.02993565355440388
17519.0,1472.6,235,6,245.4333333333333,47.0,0.0,0,41,3.0,4.949999999999999,1,0.16666666666666666,0,0.18818065900007747
14907.0,2594.33,268,6,432.3883333333333,53.6,0.0,0,7,1.0,1.25,1,0.16666666666666666,0,0.16617613411739549
12913.0,866.3900000000001,86,3,288.7966666666667,43.0,0.0,0,190,0.0,0.0,0,0.0,0,0.4221025261295724
13763.0,-25.5,13,2,-12.75,13.0,0.0,0,66,3.0,25.5,2,1.0,0,0.09825050458635237
13901.0,2647.2400000000007,211,4,661.8100000000002,70.33333333333333,0.0,0,15,0.0,0.0,0,0.0,0,0.3382434677436289
16745.0,6349.1,213,17,373.4764705882353,13.3125,0.0,0,6,8.0,23.6,1,0.058823529411764705,0,0.01235133197193417
14147.0,182.8,0,1,182.8,0.0,0.0,0,193,0.0,0.0,0,0.0,0,0.6655635010790505
18283.0,1114.7200000000003,242,10,111.47200000000002,26.88888888888889,0.0,0,3,0.0,0.0,0,0.0,0,0.054544429758464824
16598.0,140.70000000000002,8,2,70.35000000000001,8.0,0.0,0,185,3.0,4.35,1,0.5,1,0.7125927312125304
14472.0,1936.8399999999997,252,8,242.10499999999996,36.0,0.0,0,11,0.0,0.0,0,0.0,1,0.1073722415451093
14036.0,626.6499999999999,0,1,626.6499999999999,0.0,0.0,0,192,0.0,0.0,0,0.0,1,0.6928717066471883
17069.0,1458.6499999999999,223,8,182.33124999999998,31.857142857142858,0.0,0,58,18.0,37.14,3,0.375,0,0.37483785660284236
13941.0,2630.71,229,5,526.142,57.25,0.0,0,51,57.0,200.55,2,0.4,0,0.10740959232469577
14135.0,3177.72,267,10,317.772,29.666666666666668,0.0,0,13,0.0,0.0,0,0.0,0,0.06572075898359885
16546.0,-95.92999999999995,82,3,-31.97666666666665,41.0,0.0,0,198,852.0,883.08,1,0.3333333333333333,1,0.9184423431436357
13108.0,350.05999999999995,0,1,350.05999999999995,0.0,0.0,0,280,0.0,0.0,0,0.0,1,0.6488977678441622
12708.0,1944.7799999999995,270,12,162.06499999999997,24.545454545454547,0.0,0,6,32.0,86.99000000000001,5,0.4166666666666667,0,0.2532434260900393
15769.0,41684.72,270,20,2084.236,14.210526315789474,0.0,0,9,100.0,179.0,1,0.05,0,0.0005711452638286834
16242.0,841.6400000000001,112,4,210.41000000000003,37.333333333333336,0.0,0,73,1.0,4.95,1,0.25,0,0.2635493965922411
16621.0,609.4100000000001,130,3,203.13666666666668,65.0,0.0,0,55,0.0,0.0,0,0.0,0,0.335547272824583
15869.0,149.64,0,2,74.82,0.0,0.0,0,185,0.0,0.0,0,0.0,1,0.753547396814619
17284.0,1483.24,216,6,247.20666666666668,43.2,0.0,0,28,2.0,10.9,1,0.16666666666666666,0,0.1649095509864766
14408.0,2298.3100000000004,170,6,383.05166666666673,34.0,0.0,0,2,0.0,0.0,0,0.0,0,0.1891898100367233
16728.0,550.0,98,3,183.33333333333334,49.0,0.0,0,74,0.0,0.0,0,0.0,0,0.3680098752032547
15706.0,447.1,3,2,223.55,3.0,0.0,0,21,1.0,2.95,1,0.5,0,0.29223477552763616
16303.0,3981.5300000000016,233,3,1327.1766666666672,116.5,0.0,0,8,38.0,54.8,1,0.3333333333333333,0,0.040564181653720256
12722.0,836.3499999999999,36,5,167.26999999999998,9.0,0.0,0,22,6.0,93.3,2,0.4,0,0.2533819413803622
15653.0,877.4399999999999,23,2,438.71999999999997,23.0,0.0,0,0,0.0,0.0,0,0.0,1,0.2783440856826228
15840.0,231.84,2,2,115.92,2.0,0.0,0,78,2.0,9.9,1,0.5,0,0.5368944072989309
17001.0,2471.09,245,7,353.0128571428572,40.833333333333336,0.0,0,21,0.0,0.0,0,0.0,0,0.148078484908368
12490.0,3552.59,236,6,592.0983333333334,47.2,0.0,0,1,0.0,0.0,0,0.0,0,0.24874258205436878
16880.0,1109.0199999999998,90,6,184.83666666666662,18.0,0.0,0,7,0.0,0.0,0,0.0,0,0.20386334118412996
16235.0,656.3900000000001,146,4,164.09750000000003,48.666666666666664,0.0,0,94,2.0,8.9,1,0.25,0,0.29921717654169494
14754.0,228.27000000000004,0,1,228.27000000000004,0.0,0.0,0,203,0.0,0.0,0,0.0,0,0.671332669851556
13718.0,306.55,49,2,153.275,49.0,0.0,0,154,0.0,0.0,0,0.0,1,0.5690145013795141
15144.0,3510.4400000000005,220,11,319.13090909090914,22.0,0.0,0,0,24.0,50.400000000000006,1,0.09090909090909091,0,0.03622835420489807
17042.0,917.78,126,4,229.445,42.0,0.0,0,29,0.0,0.0,0,0.0,0,0.2648156096405272
13752.0,1156.28,122,6,192.71333333333334,24.4,0.0,0,32,0.0,0.0,0,0.0,1,0.2438313296817972
12461.0,826.8800000000001,60,2,413.44000000000005,60.0,0.0,0,2,0.0,0.0,0,0.0,1,0.2548685965433897
14104.0,216.21,11,2,108.105,11.0,0.0,0,62,0.0,0.0,0,0.0,1,0.48359491026515816
15971.0,2109.45,203,7,301.34999999999997,33.833333333333336,0.0,0,16,0.0,0.0,0,0.0,0,0.1567548390668629
16919.0,2596.45,212,11,236.04090909090908,21.2,0.0,0,64,0.0,0.0,0,0.0,1,0.3108063029122528
14851.0,206.13,0,1,206.13,0.0,0.0,0,164,0.0,0.0,0,0.0,0,0.6518240066168818
16455.0,1323.3799999999999,277,6,220.5633333333333,55.4,0.0,0,2,0.0,0.0,0,0.0,0,0.15661235918166017
14128.0,305.53999999999996,0,1,305.53999999999996,0.0,0.0,0,163,0.0,0.0,0,0.0,0,0.6517530320649414
15513.0,11199.5,279,18,622.1944444444445,16.41176470588235,0.0,0,2,144.0,152.64000000000001,1,0.05555555555555555,0,0.0024330271400113553
14001.0,1309.1399999999999,141,2,654.5699999999999,141.0,0.0,0,140,0.0,0.0,0,0.0,0,0.4023709824531318
13748.0,948.2499999999999,278,5,189.64999999999998,69.5,0.0,0,3,0.0,0.0,0,0.0,1,0.21340676137276013
15165.0,487.75,0,1,487.75,0.0,0.0,0,281,0.0,0.0,0,0.0,1,0.690510723266358
12477.0,8824.479999999996,211,5,1764.8959999999993,52.75,0.0,0,8,5.0,9.549999999999999,2,0.4,0,0.009446003064606143
15687.0,1655.2500000000002,145,7,236.46428571428575,24.166666666666668,0.0,0,93,2.0,11.6,2,0.2857142857142857,0,0.246512731835816
16898.0,254.9400000000001,191,3,84.98000000000003,95.5,0.0,0,85,33.0,64.35,1,0.3333333333333333,0,0.2345778884776929
15643.0,647.4000000000002,103,6,107.90000000000003,20.6,0.0,0,87,4.0,16.6,3,0.5,1,0.362525172985505
17440.0,177.1,100,5,35.42,25.0,0.0,0,55,14.0,9.32,2,0.4,1,0.3804330286007014
17685.0,1512.7199999999998,106,5,302.544,26.5,0.0,0,174,0.0,0.0,0,0.0,0,0.37514455322809226
17921.0,601.7599999999999,118,3,200.58666666666662,59.0,0.0,0,56,0.0,0.0,0,0.0,0,0.33459510716652074
17043.0,324.97,88,2,162.485,88.0,0.0,0,86,0.0,0.0,0,0.0,0,0.4069847156584685
14041.0,141.41,0,1,141.41,0.0,0.0,0,174,0.0,0.0,0,0.0,1,0.6566461937456991
13577.0,1193.8,149,3,397.93333333333334,74.5,0.0,0,0,0.0,0.0,0,0.0,0,0.29944185171709486
15839.0,299.18000000000006,0,1,299.18000000000006,0.0,0.0,0,56,0.0,0.0,0,0.0,0,0.46888327038665556
13667.0,305.0199999999998,0,1,305.0199999999998,0.0,0.0,0,57,0.0,0.0,0,0.0,1,0.47005997233127506
13529.0,181.1,0,1,181.1,0.0,0.0,0,112,0.0,0.0,0,0.0,0,0.5907045809737673
16553.0,5599.77,203,14,399.98357142857145,15.615384615384615,0.0,0,71,5.0,55.25,2,0.14285714285714285,1,0.12038068729312637
13531.0,483.80000000000007,161,2,241.90000000000003,161.0,0.0,0,113,0.0,0.0,0,0.0,1,0.3743094971814921
13962.0,117.6,0,1,117.6,0.0,0.0,0,153,0.0,0.0,0,0.0,0,0.6428882263297806
13508.0,110.97,0,1,110.97,0.0,0.0,0,151,0.0,0.0,0,0.0,1,0.641343671917279
17062.0,529.4300000000001,56,5,105.88600000000001,14.0,0.0,0,221,2.0,3.9,1,0.2,1,0.640204941698451
13317.0,1180.4699999999996,175,7,168.63857142857137,29.166666666666668,0.0,0,91,31.0,121.11000000000001,2,0.2857142857142857,0,0.33005885142928815
12939.0,7990.08,196,4,1997.52,65.33333333333333,0.0,0,46,0.0,0.0,0,0.0,0,0.056554132789256736
13848.0,1255.0,274,3,418.3333333333333,137.0,0.0,0,0,0.0,0.0,0,0.0,1,0.5161975886733282
15518.0,1600.96,208,11,145.54181818181817,20.8,0.0,0,32,10.0,23.799999999999997,3,0.2727272727272727,0,0.16864999179647003
14885.0,765.3199999999999,0,1,765.3199999999999,0.0,0.0,0,39,0.0,0.0,0,0.0,1,0.3670104995426955
17422.0,1594.81,203,8,199.35125,29.0,0.0,0,1,52.0,104.16000000000001,3,0.375,0,0.15112633896313776
12714.0,3383.8999999999996,188,4,845.9749999999999,62.666666666666664,0.0,0,14,0.0,0.0,0,0.0,0,0.3309885591233812
18138.0,152.65,0,1,152.65,0.0,0.0,0,203,0.0,0.0,0,0.0,1,0.663280832769019
17799.0,2493.9,262,10,249.39000000000001,29.11111111111111,0.0,0,7,3.0,29.849999999999998,1,0.1,0,0.04879123621615897
14071.0,225.40000000000003,23,3,75.13333333333334,11.5,0.0,0,149,95.0,131.41,1,0.3333333333333333,0,0.6350893252673906
12596.0,264.90999999999997,0,1,264.90999999999997,0.0,0.0,0,150,0.0,0.0,0,0.0,0,0.6377784379374412
15414.0,36.199999999999996,0,1,36.199999999999996,0.0,0.0,0,150,0.0,0.0,0,0.0,0,0.6415903411050488
13655.0,932.97,127,2,466.485,127.0,0.0,0,22,0.0,0.0,0,0.0,1,0.2979518402248003
12437.0,2756.6600000000003,233,12,229.7216666666667,21.181818181818183,0.0,0,6,5.0,54.75,1,0.08333333333333333,0,0.031526369370745336
17033.0,608.1,145,2,304.05,145.0,0.0,0,122,0.0,0.0,0,0.0,0,0.3913399616338854
15433.0,533.3,54,2,266.65,54.0,0.0,0,121,0.0,0.0,0,0.0,0,0.5128293107866959
12970.0,23.799999999999997,0,2,11.899999999999999,0.0,0.0,0,230,0.0,0.0,0,0.0,0,0.7880078765655902
13479.0,291.00000000000006,36,3,97.00000000000001,18.0,0.0,0,106,1.0,9.95,1,0.3333333333333333,1,0.4884691546230135
15225.0,409.4000000000001,0,1,409.4000000000001,0.0,0.0,0,142,0.0,0.0,0,0.0,1,0.6225919739699216
13473.0,236.16000000000003,2,2,118.08000000000001,2.0,0.0,0,238,6.0,5.1,1,0.5,0,0.689219884270818
13662.0,514.2600000000002,77,6,85.71000000000004,15.4,0.0,0,90,5.0,18.68,4,0.6666666666666666,0,0.2873645406256882
17438.0,378.30000000000007,6,2,189.15000000000003,6.0,0.0,0,155,3.0,10.15,1,0.5,1,0.6049705090735024
15832.0,836.7899999999998,0,1,836.7899999999998,0.0,0.0,0,162,0.0,0.0,0,0.0,1,0.6475891740839815
14890.0,125.65,0,1,125.65,0.0,0.0,0,161,0.0,0.0,0,0.0,1,0.6487930131715394
17370.0,228.06,77,2,114.03,77.0,0.0,0,0,0.0,0.0,0,0.0,0,0.2547579316215653
16287.0,142.5,0,1,142.5,0.0,0.0,0,77,0.0,0.0,0,0.0,1,0.5354411737882308
15296.0,2571.6899999999996,217,6,428.61499999999995,43.4,0.0,0,17,4.0,27.799999999999997,1,0.16666666666666666,0,0.13572646132406288
18078.0,336.13,42,2,168.065,42.0,0.0,0,125,0.0,0.0,0,0.0,1,0.5409071563943295
18231.0,2038.5700000000002,96,6,339.7616666666667,19.2,0.0,0,100,13.0,17.1,1,0.16666666666666666,1,0.21624623852073982
17051.0,247.14,0,1,247.14,0.0,0.0,0,102,0.0,0.0,0,0.0,1,0.5674090922642885
17870.0,603.2199999999999,243,6,100.53666666666665,48.6,0.0,0,31,0.0,0.0,0,0.0,0,0.21571069164536885
14289.0,832.78,155,5,166.55599999999998,38.75,0.0,0,42,0.0,0.0,0,0.0,0,0.2696273380324922
15746.0,182.95999999999998,0,2,91.47999999999999,0.0,0.0,0,42,48.0,13.919999999999998,1,0.5,1,0.4848093026674436
15261.0,254.82000000000002,0,1,254.82000000000002,0.0,0.0,0,43,0.0,0.0,0,0.0,1,0.4490721862600841
13280.0,814.8600000000001,215,3,271.62000000000006,107.5,0.0,0,30,0.0,0.0,0,0.0,1,0.39794791256111034
12948.0,1407.67,164,5,281.534,41.0,0.0,0,8,3.0,11.25,1,0.2,0,0.15447276222974687
16221.0,315.37,92,2,157.685,92.0,0.0,0,183,0.0,0.0,0,0.0,0,0.4649004993271063
12623.0,305.1,0,1,305.1,0.0,0.0,0,184,0.0,0.0,0,0.0,1,0.6696391432083069
12881.0,298.0,0,1,298.0,0.0,0.0,0,183,0.0,0.0,0,0.0,1,0.6686169984960837
15489.0,348.26,0,1,348.26,0.0,0.0,0,119,0.0,0.0,0,0.0,0,0.5879877964413822
17204.0,1352.9099999999999,185,9,150.32333333333332,23.125,0.0,0,77,57.0,211.65,4,0.4444444444444444,1,0.5185997326759886
17970.0,582.5899999999999,0,1,582.5899999999999,0.0,0.0,0,119,0.0,0.0,0,0.0,1,0.5697005963795733
13890.0,496.0100000000001,251,3,165.3366666666667,125.5,0.0,0,15,2.0,5.1,1,0.3333333333333333,0,0.3401398123767242
15034.0,2630.5800000000017,121,6,438.4300000000003,24.2,0.0,0,140,5.0,9.25,1,0.16666666666666666,0,0.1320471702730506
14350.0,258.69999999999993,4,2,129.34999999999997,4.0,0.0,0,178,17.0,24.229999999999997,1,0.5,1,0.6782982538885781
17522.0,907.69,80,4,226.9225,26.666666666666668,0.0,0,46,0.0,0.0,0,0.0,0,0.30959513862107935
18043.0,451.80999999999995,160,2,225.90499999999997,160.0,0.0,0,114,0.0,0.0,0,0.0,0,0.37487286777998163
15743.0,434.05000000000007,71,2,217.02500000000003,71.0,0.0,0,21,0.0,0.0,0,0.0,0,0.2921572455952219
15750.0,1092.48,196,5,218.496,49.0,0.0,0,78,7.0,14.25,1,0.2,0,0.2441442383615132
14149.0,259.43000000000006,8,3,86.47666666666669,4.0,0.0,0,120,89.0,187.19,2,0.6666666666666666,1,0.44512432249990846
17646.0,995.6600000000001,146,4,248.91500000000002,48.666666666666664,0.0,0,127,3.0,12.73,1,0.25,1,0.2583898173522674
13130.0,64.0,0,1,64.0,0.0,0.0,0,2,0.0,0.0,0,0.0,1,0.40453166499390547
17080.0,74.2,1,2,37.1,1.0,0.0,0,176,2.0,2.12,1,0.5,0,0.7436058702521381
17188.0,1616.4399999999998,198,7,230.92,33.0,0.0,0,72,27.0,198.65,2,0.2857142857142857,0,0.23265640936329055
14481.0,636.51,123,2,318.255,123.0,0.0,0,72,0.0,0.0,0,0.0,1,0.38357637915096815
14351.0,51.0,0,1,51.0,0.0,0.0,0,72,0.0,0.0,0,0.0,1,0.5405730505465125
15447.0,155.17,0,1,155.17,0.0,0.0,0,238,0.0,0.0,0,0.0,1,0.6462254604829762
12987.0,290.6,6,2,145.3,6.0,0.0,0,99,2.0,13.7,1,0.5,0,0.5507328850227149
17596.0,1738.7299999999998,232,4,434.68249999999995,77.33333333333333,0.0,0,44,0.0,0.0,0,0.0,0,0.29632126736918074
16086.0,894.72,269,5,178.94400000000002,67.25,0.0,0,6,1.0,2.08,1,0.2,0,0.2044406432952984
17323.0,528.8000000000001,168,5,105.76000000000002,42.0,0.0,0,32,2.0,5.050000000000001,1,0.2,0,0.2152566553547192
13168.0,963.6099999999999,119,4,240.90249999999997,39.666666666666664,0.0,0,107,2.0,9.05,1,0.25,0,0.27348493823525205
15203.0,1328.3200000000002,206,4,332.08000000000004,68.66666666666667,0.0,0,13,0.0,0.0,0,0.0,0,0.2929699565336112
17146.0,749.7800000000001,253,3,249.9266666666667,126.5,0.0,0,13,0.0,0.0,0,0.0,1,0.4567086219459754
13328.0,1308.48,0,1,1308.48,0.0,0.0,0,224,0.0,0.0,0,0.0,1,0.7739648078267791
13751.0,296.24999999999994,0,1,296.24999999999994,0.0,0.0,0,196,0.0,0.0,0,0.0,1,0.6756097603449693
15257.0,232.14999999999998,2,2,116.07499999999999,2.0,0.0,0,189,1.0,85.0,1,0.5,1,0.700510140518426
17041.0,735.0899999999999,252,3,245.02999999999997,126.0,0.0,0,16,4.0,15.8,1,0.3333333333333333,0,0.3000669723338538
14079.0,375.09999999999997,0,1,375.09999999999997,0.0,0.0,0,32,0.0,0.0,0,0.0,1,0.40588446123043787
13462.0,143.25,69,2,71.625,69.0,0.0,0,91,1.0,8.25,1,0.5,1,0.5948813159880649
17159.0,528.45,0,1,528.45,0.0,0.0,0,79,0.0,0.0,0,0.0,0,0.4865469265098268
16497.0,1550.6999999999998,130,5,310.14,32.5,0.0,0,111,0.0,0.0,0,0.0,0,0.29147722445468727
16061.0,-29.95,0,1,-29.95,0.0,0.0,0,177,1.0,29.95,1,1.0,1,0.3516591341261388
12427.0,246.55000000000007,20,2,123.27500000000003,20.0,0.0,0,259,9.0,56.95,1,0.5,0,0.6296822779573858
14576.0,35.400000000000006,0,1,35.400000000000006,0.0,0.0,0,280,0.0,0.0,0,0.0,1,0.5303041689948415
16883.0,276.73,184,2,138.365,184.0,0.0,0,95,0.0,0.0,0,0.0,1,0.3965379804270762
17615.0,329.6,92,3,109.86666666666667,46.0,0.0,0,38,0.0,0.0,0,0.0,1,0.31376486646826146
17913.0,218.05,0,1,218.05,0.0,0.0,0,263,0.0,0.0,0,0.0,0,0.6323998588992202
15279.0,277.40999999999997,11,2,138.70499999999998,11.0,0.0,0,262,4.0,13.100000000000001,1,0.5,1,0.634009980407117
15452.0,247.24999999999997,0,1,247.24999999999997,0.0,0.0,0,172,0.0,0.0,0,0.0,0,0.6588539887861579
16226.0,255.12,32,3,85.04,16.0,0.0,0,111,0.0,0.0,0,0.0,1,0.5879057117033039
16117.0,232.21,0,1,232.21,0.0,0.0,0,97,0.0,0.0,0,0.0,1,0.5601275912628335
15405.0,349.1,0,1,349.1,0.0,0.0,0,97,0.0,0.0,0,0.0,1,0.5467050631378634
16110.0,691.8300000000002,49,2,345.9150000000001,49.0,0.0,0,170,0.0,0.0,0,0.0,0,0.5978186968832448
18160.0,318.55000000000007,0,1,318.55000000000007,0.0,0.0,0,108,0.0,0.0,0,0.0,0,0.5708926559988972
17686.0,4589.350000000002,182,5,917.8700000000005,45.5,0.0,0,28,0.0,0.0,0,0.0,0,0.19093696121554665
16761.0,316.61999999999995,0,1,316.61999999999995,0.0,0.0,0,4,0.0,0.0,0,0.0,1,0.360330076169636
16016.0,809.0699999999999,170,5,161.814,42.5,0.0,0,104,1.0,8.5,1,0.2,0,0.30222826565103345
17101.0,230.58000000000004,0,1,230.58000000000004,0.0,0.0,0,86,0.0,0.0,0,0.0,0,0.5399212280354163
14501.0,251.21,136,2,125.605,136.0,0.0,0,91,0.0,0.0,0,0.0,0,0.3952130409782871
15090.0,381.32000000000005,0,1,381.32000000000005,0.0,0.0,0,216,0.0,0.0,0,0.0,1,0.6906554576267881
14438.0,131.9,0,1,131.9,0.0,0.0,0,214,0.0,0.0,0,0.0,1,0.6580018288145653
16587.0,225.14999999999995,0,1,225.14999999999995,0.0,0.0,0,140,0.0,0.0,0,0.0,1,0.6269570803208715
14988.0,334.54,0,1,334.54,0.0,0.0,0,119,0.0,0.0,0,0.0,1,0.5890708910817196
14737.0,1081.75,225,2,540.875,225.0,0.0,0,36,0.0,0.0,0,0.0,0,0.25346897757285153
16869.0,387.67999999999995,10,2,193.83999999999997,10.0,0.0,0,73,0.0,0.0,0,0.0,0,0.495540993955745
13754.0,282.6,166,2,141.3,166.0,0.0,0,59,0.0,0.0,0,0.0,1,0.42287244583671574
16369.0,354.45,0,1,354.45,0.0,0.0,0,104,0.0,0.0,0,0.0,0,0.5597909126464383
15468.0,-1.25,0,1,-1.25,0.0,0.0,0,268,1.0,1.25,1,1.0,0,0.4670731245122296
16202.0,365.27000000000004,0,1,365.27000000000004,0.0,0.0,0,268,0.0,0.0,0,0.0,1,0.6686029905341294
14053.0,260.25,35,2,130.125,35.0,0.0,0,32,0.0,0.0,0,0.0,1,0.3485640816318735
16041.0,2739.8,0,2,1369.9,0.0,0.0,0,49,0.0,0.0,0,0.0,0,0.25845744635450113
13892.0,54.519999999999996,0,1,54.519999999999996,0.0,0.0,0,154,0.0,0.0,0,0.0,0,0.6440487051570355
17044.0,-35.1,0,1,-35.1,0.0,0.0,0,267,6.0,35.1,1,1.0,0,0.5557539693728756
15609.0,270.03000000000003,2,2,135.01500000000001,2.0,0.0,0,90,3.0,28.45,1,0.5,1,0.5428400705714018
13243.0,600.07,0,1,600.07,0.0,0.0,0,111,0.0,0.0,0,0.0,1,0.5509390709343395
18048.0,172.29000000000002,0,2,86.14500000000001,0.0,0.0,0,111,0.0,0.0,0,0.0,1,0.6405629758210166
17004.0,1006.3999999999995,0,1,1006.3999999999995,0.0,0.0,0,0,0.0,0.0,0,0.0,0,0.27668756278120965
13889.0,416.9,0,1,416.9,0.0,0.0,0,0,0.0,0.0,0,0.0,1,0.337095769452864
16055.0,134.8,0,1,134.8,0.0,0.0,0,128,0.0,0.0,0,0.0,1,0.6166518776226506
17501.0,288.59999999999997,0,2,144.29999999999998,0.0,0.0,0,128,0.0,0.0,0,0.0,1,0.6573183469223977
14937.0,755.3100000000001,17,2,377.65500000000003,17.0,0.0,0,21,1.0,4.25,1,0.5,0,0.19641237126420927
14947.0,178.5,0,1,178.5,0.0,0.0,0,38,0.0,0.0,0,0.0,0,0.4524656779118417
13194.0,60.7,0,1,60.7,0.0,0.0,0,43,0.0,0.0,0,0.0,1,0.48472973063129243
18084.0,-2.95,0,1,-2.95,0.0,0.0,0,209,1.0,2.95,1,1.0,0,0.37132816262518786
17234.0,149.89,0,1,149.89,0.0,0.0,0,90,0.0,0.0,0,0.0,1,0.557826350687481
17381.0,17489.03,273,25,699.5612,11.375,0.0,0,7,3.0,3.18,1,0.04,0,0.0005431166990703662
12842.0,310.73,0,1,310.73,0.0,0.0,0,216,0.0,0.0,0,0.0,0,0.6819468529084738
12731.0,11238.25,220,9,1248.6944444444443,27.5,0.0,0,52,61.0,86.0,1,0.1111111111111111,0,0.005581367652952534
16656.0,6192.25,269,13,476.3269230769231,22.416666666666668,0.0,0,3,16.0,43.15,2,0.15384615384615385,0,0.016901959700036884
16019.0,2952.25,228,7,421.75,38.0,0.0,0,44,0.0,0.0,0,0.0,0,0.1366246209939712
12785.0,311.95,0,1,311.95,0.0,0.0,0,272,0.0,0.0,0,0.0,0,0.6481185885985136
13777.0,12167.740000000003,244,28,434.562142857143,9.037037037037036,0.0,0,37,78.0,192.5,4,0.14285714285714285,0,0.01311281853299474
13075.0,919.61,0,1,919.61,0.0,0.0,0,37,0.0,0.0,0,0.0,1,0.3468868385538314
12971.0,7905.67,280,67,117.99507462686567,4.242424242424242,0.0,0,0,86.0,259.65,3,0.04477611940298507,0,1.6367155159905204e-10
17306.0,6669.4800000000005,254,17,392.3223529411765,15.875,0.0,0,7,21.0,30.580000000000002,2,0.11764705882352941,0,0.0064112001062273105
14903.0,2345.67,157,9,260.63,19.625,0.0,0,29,45.0,66.14999999999999,5,0.5555555555555556,0,0.15146578149195275
15791.0,1209.9500000000003,14,2,604.9750000000001,14.0,0.0,0,98,1.0,8.25,1,0.5,0,0.19132094156991936
13728.0,797.02,203,5,159.404,50.75,0.0,0,15,0.0,0.0,0,0.0,0,0.21586594784408317
15184.0,235.23000000000002,0,1,235.23000000000002,0.0,0.0,0,98,0.0,0.0,0,0.0,0,0.5615811060604039
12517.0,1538.6999999999996,64,2,769.3499999999998,64.0,0.0,0,34,0.0,0.0,0,0.0,0,0.3062138171092201
17616.0,571.2,194,3,190.4,97.0,0.0,0,81,0.0,0.0,0,0.0,1,0.39976628194149316
17841.0,22771.679999999997,279,111,205.15027027027023,2.536363636363636,0.0,0,2,110.0,399.91999999999996,30,0.2702702702702703,0,1.7218378629574792e-45
15906.0,751.81,111,5,150.362,27.75,0.0,0,52,6.0,45.900000000000006,1,0.2,0,0.23969771508999346
14390.0,1570.51,228,6,261.75166666666667,45.6,0.0,0,52,3.0,22.15,2,0.3333333333333333,0,0.2572206490527516
13880.0,1670.6799999999998,222,8,208.83499999999998,31.714285714285715,0.0,0,53,0.0,0.0,0,0.0,0,0.22484914312118898
16681.0,1332.68,109,4,333.17,36.333333333333336,0.0,0,52,0.0,0.0,0,0.0,0,0.2768114137987162
16054.0,781.8,0,1,781.8,0.0,0.0,0,53,0.0,0.0,0,0.0,1,0.3957217922232002
14758.0,1484.0600000000002,115,4,371.01500000000004,38.333333333333336,0.0,0,52,0.0,0.0,0,0.0,1,0.26658129568145067
15981.0,2458.2000000000003,174,6,409.70000000000005,34.8,0.0,0,45,0.0,0.0,0,0.0,0,0.1829148793258874
16660.0,384.35999999999996,109,2,192.17999999999998,109.0,0.0,0,118,0.0,0.0,0,0.0,0,0.4273903790874927
13232.0,1047.6999999999998,145,5,209.53999999999996,36.25,0.0,0,6,0.0,0.0,0,0.0,0,0.2038643724100834
17337.0,1940.3700000000006,159,7,277.19571428571436,26.5,0.0,0,59,29.0,83.55000000000001,3,0.42857142857142855,1,0.20976615975608895
15502.0,5523.810000000001,246,11,502.1645454545456,24.6,0.0,0,31,80.0,431.72,3,0.2727272727272727,0,0.04063175305638199
17677.0,11556.640000000003,268,31,372.7948387096775,8.933333333333334,0.0,0,8,40.0,102.50999999999999,10,0.3225806451612903,0,6.986950105558557e-06
13579.0,164.7,0,1,164.7,0.0,0.0,0,277,0.0,0.0,0,0.0,0,0.5891568110452097
14161.0,1110.52,154,3,370.17333333333335,77.0,0.0,0,123,0.0,0.0,0,0.0,1,0.3164653024440461
13408.0,35282.83999999999,274,51,691.8203921568626,5.48,59978.88000000004,2,7,84.0,183.66000000000003,10,0.19607843137254902,0,6.202464123601842e-16
13985.0,2737.4399999999996,157,8,342.17999999999995,22.428571428571427,0.0,0,15,8.0,35.6,1,0.125,0,0.09413864877158627
15150.0,3569.6200000000003,160,5,713.9240000000001,40.0,0.0,0,17,0.0,0.0,0,0.0,0,0.22904982336256594
17429.0,512.1200000000001,98,4,128.03000000000003,32.666666666666664,0.0,0,28,8.0,12.8,1,0.25,1,0.23485540285970105
16572.0,999.6999999999999,148,4,249.92499999999998,49.333333333333336,0.0,0,35,2.0,9.9,1,0.25,1,0.21315561557220208
17682.0,1884.35,253,6,314.05833333333334,50.6,0.0,0,23,2.0,15.0,1,0.16666666666666666,0,0.16228121700022746
15021.0,1099.7799999999997,211,8,137.47249999999997,30.142857142857142,0.0,0,64,16.0,19.299999999999997,3,0.375,0,0.4338878370578608
15356.0,2279.640000000001,263,8,284.9550000000001,37.57142857142857,0.0,0,13,0.0,0.0,0,0.0,0,0.10727733606611017
17228.0,687.5800000000002,165,4,171.89500000000004,55.0,0.0,0,115,0.0,0.0,0,0.0,0,0.37593815567224403
15738.0,3829.800000000001,276,16,239.36250000000007,18.4,0.0,0,4,15.0,23.65,3,0.1875,0,0.009608718585959979
14745.0,1167.16,173,6,194.52666666666667,34.6,0.0,0,20,18.0,53.1,1,0.16666666666666666,1,0.14772946966377193
17873.0,1362.94,189,5,272.588,47.25,0.0,0,92,48.0,94.80000000000001,1,0.2,0,0.20003643969157556
15694.0,3249.98,196,10,324.998,21.77777777777778,0.0,0,84,12.0,55.800000000000004,1,0.1,0,0.18129351207131092
17802.0,599.22,192,3,199.74,96.0,0.0,0,88,9.0,33.2,1,0.3333333333333333,0,0.2936203717309491
16539.0,1053.61,154,3,351.2033333333333,77.0,0.0,0,127,0.0,0.0,0,0.0,0,0.3210183810993638
18011.0,96.96,0,1,96.96,0.0,0.0,0,281,0.0,0.0,0,0.0,1,0.553044021497014
16752.0,207.5,0,1,207.5,0.0,0.0,0,280,0.0,0.0,0,0.0,1,0.5986975836577986
15110.0,365.1,197,4,91.275,65.66666666666667,0.0,0,29,2.0,11.45,2,0.5,0,0.4271672570076867
17672.0,1152.34,32,2,576.17,32.0,0.0,0,185,3.0,25.5,1,0.5,0,0.46508974457740965
15572.0,1555.29,169,4,388.8225,56.333333333333336,0.0,0,17,0.0,0.0,0,0.0,0,0.27135225351405234
17634.0,2080.4500000000007,245,7,297.20714285714297,40.833333333333336,0.0,0,0,0.0,0.0,0,0.0,0,0.1330115712832488
16905.0,836.98,135,4,209.245,45.0,0.0,0,144,1.0,16.95,1,0.25,0,0.2850475318868057
15304.0,477.79999999999995,205,8,59.724999999999994,29.285714285714285,0.0,0,71,4.0,14.100000000000001,2,0.25,0,0.43104370580740087
16719.0,1269.9299999999998,220,6,211.65499999999997,44.0,0.0,0,56,2.0,16.5,1,0.16666666666666666,0,0.21169702501883167
15218.0,3865.3500000000004,202,8,483.16875000000005,28.857142857142858,0.0,0,24,0.0,0.0,0,0.0,0,0.12354820606485045
13717.0,943.24,170,5,188.648,42.5,0.0,0,36,1.0,12.75,1,0.2,0,0.2020721363108981
18260.0,2595.0,186,8,324.375,26.571428571428573,0.0,0,80,9.0,48.2,2,0.25,1,0.16625728472070814
14562.0,2067.33,212,9,229.70333333333332,26.5,0.0,0,0,133.0,272.55,1,0.1111111111111111,0,0.04372573959764591
13908.0,1439.1100000000001,150,4,359.77750000000003,50.0,0.0,0,34,8.0,22.500000000000004,1,0.25,0,0.18644451778168467
15719.0,4061.17,238,12,338.43083333333334,21.636363636363637,0.0,0,7,1.0,1.65,1,0.08333333333333333,0,0.03306937158352999
16818.0,2491.8300000000004,112,11,226.53000000000003,11.2,0.0,0,1,2.0,31.599999999999998,2,0.18181818181818182,0,0.04599271126618322
15201.0,890.9400000000002,126,8,111.36750000000002,18.0,0.0,0,29,20.0,42.32,4,0.5,0,0.3033427471110025
13552.0,2591.6200000000003,192,12,215.96833333333336,17.454545454545453,0.0,0,31,28.0,171.29,3,0.25,0,0.10071056317819117
13200.0,319.32000000000005,0,1,319.32000000000005,0.0,0.0,0,34,0.0,0.0,0,0.0,0,0.41928560833495226
12553.0,2383.29,219,10,238.329,24.333333333333332,0.0,0,18,39.0,36.3,3,0.3,0,0.10962404326864499
13862.0,1759.25,224,8,219.90625,32.0,0.0,0,16,6.0,22.05,2,0.25,0,0.13053742362965476
13842.0,2160.92,211,7,308.70285714285717,35.166666666666664,0.0,0,63,0.0,0.0,0,0.0,0,0.19170890999412352
13835.0,537.3400000000001,60,2,268.6700000000001,60.0,0.0,0,63,0.0,0.0,0,0.0,0,0.38521781150317486
18013.0,187.29000000000005,0,2,93.64500000000002,0.0,0.0,0,63,0.0,0.0,0,0.0,1,0.5277756053137336
17562.0,646.1000000000001,64,5,129.22000000000003,16.0,0.0,0,17,4.0,15.0,1,0.2,0,0.20455775983181934
15288.0,2006.3600000000001,210,4,501.59000000000003,70.0,0.0,0,63,0.0,0.0,0,0.0,0,0.23858770545518496
15068.0,230.05999999999997,0,1,230.05999999999997,0.0,0.0,0,164,0.0,0.0,0,0.0,0,0.6520914836331966
13649.0,346.6,110,2,173.3,110.0,0.0,0,164,0.0,0.0,0,0.0,1,0.42591605475310396
13758.0,2351.5200000000004,172,5,470.3040000000001,43.0,0.0,0,109,0.0,0.0,0,0.0,0,0.132578574872225
12433.0,3787.120000000001,7,2,1893.5600000000004,7.0,0.0,0,274,0.0,0.0,0,0.0,0,0.32476661803255485
18074.0,489.6,0,1,489.6,0.0,0.0,0,281,0.0,0.0,0,0.0,1,0.6910499329902504
17968.0,277.34999999999997,0,1,277.34999999999997,0.0,0.0,0,281,0.0,0.0,0,0.0,1,0.6222610523566211
14729.0,313.48999999999995,0,1,313.48999999999995,0.0,0.0,0,281,0.0,0.0,0,0.0,1,0.6349640328840945
14267.0,1279.0900000000001,110,7,182.72714285714287,18.333333333333332,0.0,0,58,69.0,237.15,4,0.5714285714285714,1,0.28696952262555364
18024.0,236.78000000000003,0,3,78.92666666666668,0.0,0.0,0,60,36.0,153.0,1,0.3333333333333333,1,0.503672445623235
13678.0,232.60000000000005,0,1,232.60000000000005,0.0,0.0,0,59,0.0,0.0,0,0.0,1,0.485935294106798
16996.0,1012.28,251,8,126.535,35.857142857142854,0.0,0,15,10.0,29.500000000000004,2,0.25,0,0.16128263110083546
16175.0,1037.59,146,4,259.3975,48.666666666666664,0.0,0,2,0.0,0.0,0,0.0,1,0.23732719897362486
16038.0,375.87999999999994,24,3,125.29333333333331,12.0,0.0,0,85,3.0,17.45,1,0.3333333333333333,0,0.4616503173836826
12990.0,263.9,125,2,131.95,125.0,0.0,0,93,0.0,0.0,0,0.0,0,0.39700298057995503
12877.0,1059.2300000000002,234,9,117.69222222222226,29.25,0.0,0,32,0.0,0.0,0,0.0,0,0.171353894492946
14625.0,848.48,187,5,169.696,46.75,0.0,0,93,5.0,51.15,3,0.6,1,0.4190090310771182
13420.0,140.35000000000002,36,4,35.087500000000006,12.0,0.0,0,42,13.0,19.5,2,0.5,1,0.4496664786870935
17900.0,0.0,26,4,0.0,8.666666666666666,0.0,0,72,36.0,45.0,1,0.25,1,0.48362987417508463
17375.0,372.5,171,4,93.125,57.0,0.0,0,98,6.0,27.6,1,0.25,1,0.33674366047488546
13301.0,600.19,189,4,150.0475,63.0,0.0,0,11,0.0,0.0,0,0.0,1,0.2519561142589103
18270.0,67.75,26,2,33.875,26.0,0.0,0,148,4.0,44.2,1,0.5,0,0.6899125010435423
17644.0,1516.3700000000001,205,12,126.36416666666668,18.636363636363637,0.0,0,25,48.0,109.25999999999999,5,0.4166666666666667,0,0.299949456678097
13012.0,682.19,146,5,136.43800000000002,36.5,0.0,0,56,136.0,325.0799999999999,1,0.2,0,0.22841728897559008
15187.0,1838.2799999999997,116,6,306.37999999999994,23.2,0.0,0,4,12.0,30.599999999999998,1,0.16666666666666666,0,0.12125025755994297
13933.0,608.79,39,2,304.395,39.0,0.0,0,17,0.0,0.0,0,0.0,1,0.3003942886318755
15630.0,390.9100000000001,4,2,195.45500000000004,4.0,0.0,0,108,1.0,5.95,1,0.5,0,0.5169474321584117
17526.0,399.5000000000001,161,6,66.58333333333336,32.2,0.0,0,112,51.0,473.29999999999995,3,0.5,0,0.5766354200064256
18075.0,1884.7200000000003,254,12,157.06000000000003,23.09090909090909,0.0,0,14,27.0,73.03,4,0.3333333333333333,0,0.14994600955708443
14620.0,393.28,79,3,131.09333333333333,39.5,0.0,0,112,26.0,19.5,1,0.3333333333333333,1,0.4152879999099878
15038.0,517.4499999999998,182,4,129.36249999999995,60.666666666666664,0.0,0,95,0.0,0.0,0,0.0,0,0.38465996109834283
14507.0,909.69,175,5,181.93800000000002,43.75,0.0,0,9,12.0,15.0,1,0.2,0,0.16259293350316587
17601.0,116.01,0,1,116.01,0.0,0.0,0,147,0.0,0.0,0,0.0,1,0.6378175933371352
17142.0,579.0,0,1,579.0,0.0,0.0,0,147,0.0,0.0,0,0.0,1,0.6249510592623015
16806.0,767.14,136,4,191.785,45.333333333333336,0.0,0,11,0.0,0.0,0,0.0,1,0.23936597734294077
14631.0,630.0799999999999,63,2,315.03999999999996,63.0,0.0,0,143,0.0,0.0,0,0.0,0,0.5377332740736479
14386.0,142.4,0,1,142.4,0.0,0.0,0,204,0.0,0.0,0,0.0,1,0.662018502583681
16188.0,744.8299999999999,101,3,248.27666666666664,50.5,0.0,0,49,0.0,0.0,0,0.0,0,0.3193713658562971
14655.0,810.56,0,1,810.56,0.0,0.0,0,130,0.0,0.0,0,0.0,0,0.5786612515414157
12665.0,61.75,7,2,30.875,7.0,0.0,0,232,1.0,1.25,1,0.5,1,0.7256514191194324
14209.0,1870.03,211,6,311.6716666666667,42.2,0.0,0,29,3.0,6.300000000000001,1,0.16666666666666666,0,0.15452738434921287
15174.0,134.2,0,1,134.2,0.0,0.0,0,230,0.0,0.0,0,0.0,1,0.64888055051229
13647.0,803.86,59,2,401.93,59.0,0.0,0,83,0.0,0.0,0,0.0,0,0.43003877330293067
13782.0,487.93,203,3,162.64333333333335,101.5,0.0,0,32,0.0,0.0,0,0.0,0,0.37785188751992305
12601.0,569.5600000000001,143,6,94.92666666666668,28.6,0.0,0,97,1.0,7.5,1,0.16666666666666666,1,0.37871594040319556
17671.0,809.9200000000001,231,5,161.984,57.75,0.0,0,42,113.0,288.63,2,0.4,0,0.20992485269418618
14262.0,855.0,133,3,285.0,66.5,0.0,0,15,0.0,0.0,0,0.0,0,0.28682728783321176
16801.0,867.8300000000005,110,5,173.5660000000001,27.5,0.0,0,71,186.0,751.8999999999997,1,0.2,1,0.31853714751325046
15253.0,173.84999999999997,0,1,173.84999999999997,0.0,0.0,0,77,0.0,0.0,0,0.0,0,0.530789690599373
14117.0,90.0,0,1,90.0,0.0,0.0,0,51,0.0,0.0,0,0.0,1,0.4947259622734434
15316.0,165.0,0,1,165.0,0.0,0.0,0,234,0.0,0.0,0,0.0,1,0.6517852817585035
12350.0,334.40000000000003,0,1,334.40000000000003,0.0,0.0,0,218,0.0,0.0,0,0.0,1,0.6851280068858326
15622.0,2486.0,92,10,248.6,10.222222222222221,0.0,0,98,15.0,101.0,5,0.5,0,0.22106237425939698
13499.0,454.59000000000003,52,3,151.53,26.0,0.0,0,125,6.0,9.2,1,0.3333333333333333,0,0.4515810381521098
13365.0,700.5999999999999,0,1,700.5999999999999,0.0,0.0,0,125,0.0,0.0,0,0.0,0,0.5742457762336108
18227.0,93.75,0,1,93.75,0.0,0.0,0,125,0.0,0.0,0,0.0,1,0.6156436527521771
16832.0,199.15,33,3,66.38333333333334,16.5,0.0,0,92,0.0,0.0,0,0.0,1,0.5419553587928874
14544.0,1121.9200000000003,0,1,1121.9200000000003,0.0,0.0,0,269,0.0,0.0,0,0.0,0,0.8135400222222366
14401.0,3079.3800000000006,264,10,307.93800000000005,29.333333333333332,0.0,0,3,0.0,0.0,0,0.0,0,0.056959098294941536
15578.0,127.1,0,1,127.1,0.0,0.0,0,70,0.0,0.0,0,0.0,1,0.524745017033733
15781.0,199.39999999999998,171,3,66.46666666666665,85.5,0.0,0,42,2.0,11.9,1,0.3333333333333333,0,0.33139627206264244
14032.0,1805.4699999999998,198,11,164.13363636363636,19.8,0.0,0,76,22.0,39.9,5,0.45454545454545453,0,0.5913505935370253
17864.0,208.41000000000003,0,1,208.41000000000003,0.0,0.0,0,183,0.0,0.0,0,0.0,0,0.6639634594563917
13520.0,2811.38,243,7,401.6257142857143,40.5,0.0,0,36,7.0,136.6,2,0.2857142857142857,0,0.12859300401699936
18142.0,894.3599999999999,64,4,223.58999999999997,21.333333333333332,0.0,0,59,2.0,4.2,2,0.5,1,0.25447350716455275
17311.0,556.46,0,1,556.46,0.0,0.0,0,224,0.0,0.0,0,0.0,0,0.7143620913687405
16767.0,4825.500000000002,223,7,689.3571428571431,37.166666666666664,0.0,0,1,0.0,0.0,0,0.0,0,0.2114440276612241
15596.0,1343.34,265,9,149.26,33.125,0.0,0,8,13.0,63.25000000000001,4,0.4444444444444444,1,0.3969620392247583
17515.0,571.37,112,3,190.45666666666668,56.0,0.0,0,114,0.0,0.0,0,0.0,0,0.4078378348376054
17585.0,1133.07,229,4,283.2675,76.33333333333333,0.0,0,17,0.0,0.0,0,0.0,1,0.3070341932918712
17664.0,326.19000000000005,0,1,326.19000000000005,0.0,0.0,0,120,0.0,0.0,0,0.0,0,0.5914407587268511
17994.0,629.6899999999999,169,6,104.94833333333332,33.8,0.0,0,29,24.0,48.8,2,0.3333333333333333,1,0.2532980309904282
12462.0,741.31,9,2,370.655,9.0,0.0,0,202,4.0,20.8,1,0.5,0,0.5245666897971321
13904.0,201.11999999999992,0,1,201.11999999999992,0.0,0.0,0,202,0.0,0.0,0,0.0,0,0.6684542986614963
16532.0,4516.8,203,2,2258.4,203.0,0.0,0,43,0.0,0.0,0,0.0,0,8.198532017136035e-05
14653.0,344.80999999999995,0,1,344.80999999999995,0.0,0.0,0,246,0.0,0.0,0,0.0,0,0.6808090504553652
15266.0,119.30000000000001,0,1,119.30000000000001,0.0,0.0,0,246,0.0,0.0,0,0.0,1,0.6287596975285694
14719.0,488.12,70,2,244.06,70.0,0.0,0,87,0.0,0.0,0,0.0,0,0.4273779060185121
13294.0,873.74,60,2,436.87,60.0,0.0,0,97,0.0,0.0,0,0.0,1,0.46035484453125336
12354.0,1079.4,0,1,1079.4,0.0,0.0,0,140,0.0,0.0,0,0.0,1,0.5889204259189791
17711.0,220.53000000000003,0,1,220.53000000000003,0.0,0.0,0,197,0.0,0.0,0,0.0,0,0.6695997446600642
13557.0,240.68,0,1,240.68,0.0,0.0,0,188,0.0,0.0,0,0.0,0,0.6681533045071064
18092.0,5851.4800000000005,246,8,731.4350000000001,35.142857142857146,0.0,0,27,0.0,0.0,0,0.0,0,0.08117855228415397
12530.0,1183.0,228,4,295.75,76.0,0.0,0,16,13.0,38.650000000000006,1,0.25,0,0.19969532334165627
17120.0,307.46,0,1,307.46,0.0,0.0,0,141,0.0,0.0,0,0.0,1,0.6250608140764107
14162.0,289.36,119,2,144.68,119.0,0.0,0,81,0.0,0.0,0,0.0,1,0.39088886771543907
15234.0,197.0,0,1,197.0,0.0,0.0,0,184,0.0,0.0,0,0.0,1,0.663758158535485
14456.0,633.6899999999991,11,3,211.2299999999997,5.5,0.0,0,39,0.0,0.0,0,0.0,0,0.40324662373415876
15074.0,736.2700000000002,0,1,736.2700000000002,0.0,0.0,0,13,0.0,0.0,0,0.0,1,0.31957412519687683
14448.0,102.35000000000001,0,1,102.35000000000001,0.0,0.0,0,272,0.0,0.0,0,0.0,0,0.5772675736795297
12565.0,131.17,7,2,65.585,7.0,0.0,0,189,5.0,14.75,1,0.5,1,0.7199254873299475
13497.0,321.05,86,3,107.01666666666667,43.0,0.0,0,190,4.0,27.0,1,0.3333333333333333,1,0.4032509540974217
17691.0,290.4,10,2,145.2,10.0,0.0,0,266,0.0,0.0,0,0.0,1,0.7230440744951624
17073.0,452.14,0,1,452.14,0.0,0.0,0,17,0.0,0.0,0,0.0,0,0.36350417206422425
14852.0,2188.4199999999996,156,5,437.6839999999999,39.0,0.0,0,4,0.0,0.0,0,0.0,0,0.22865233548059719
16292.0,280.9,4,2,140.45,4.0,0.0,0,25,3.0,21.349999999999998,1,0.5,1,0.3896030350955496
12814.0,125.92,0,1,125.92,0.0,0.0,0,9,0.0,0.0,0,0.0,1,0.40508338195523097
13716.0,138.28,0,1,138.28,0.0,0.0,0,177,0.0,0.0,0,0.0,1,0.6578419237085048
14100.0,194.9,0,1,194.9,0.0,0.0,0,45,0.0,0.0,0,0.0,1,0.4637359746665894
14859.0,295.15999999999997,4,2,147.57999999999998,4.0,0.0,0,108,2.0,1.7,1,0.5,0,0.5649216596467983
17343.0,193.63999999999996,0,1,193.63999999999996,0.0,0.0,0,263,0.0,0.0,0,0.0,1,0.6250566198353587
13049.0,153.78000000000003,0,1,153.78000000000003,0.0,0.0,0,226,0.0,0.0,0,0.0,0,0.6553725552765453
18146.0,160.35000000000002,80,2,80.17500000000001,80.0,0.0,0,48,0.0,0.0,0,0.0,1,0.34139728744165687
15563.0,663.1200000000002,158,2,331.5600000000001,158.0,0.0,0,108,0.0,0.0,0,0.0,0,0.3767568959123046
13248.0,465.67999999999995,65,2,232.83999999999997,65.0,0.0,0,32,0.0,0.0,0,0.0,1,0.3157159983077397
14632.0,114.55999999999999,0,1,114.55999999999999,0.0,0.0,0,170,0.0,0.0,0,0.0,1,0.6538214277233899
13771.0,1449.5,68,3,483.1666666666667,34.0,0.0,0,87,1.0,2.75,1,0.3333333333333333,0,0.23532733938483555
14353.0,90.6,0,1,90.6,0.0,0.0,0,123,0.0,0.0,0,0.0,1,0.6134338557983491
17436.0,122.39999999999999,0,1,122.39999999999999,0.0,0.0,0,134,0.0,0.0,0,0.0,0,0.624432250351414
16279.0,346.18,157,2,173.09,157.0,0.0,0,84,2.0,12.9,1,0.5,0,0.6270917827995862
17018.0,405.0,0,1,405.0,0.0,0.0,0,233,0.0,0.0,0,0.0,0,0.6955404135040782
17642.0,712.2900000000001,57,2,356.14500000000004,57.0,0.0,0,27,0.0,0.0,0,0.0,1,0.306706056482465
12346.0,0.0,0,2,0.0,0.0,0.0,0,233,74215.0,77183.6,1,0.5,1,2.6166755908612353e-32
14834.0,414.85,120,3,138.28333333333333,60.0,0.0,0,28,2.0,14.45,1,0.3333333333333333,0,0.2831006927763932
17656.0,927.65,22,3,309.21666666666664,11.0,0.0,0,14,0.0,0.0,0,0.0,0,0.3084188386359228
12876.0,713.8300000000003,0,1,713.8300000000003,0.0,0.0,0,104,0.0,0.0,0,0.0,0,0.5245795277872799
12974.0,144.8,0,1,144.8,0.0,0.0,0,105,0.0,0.0,0,0.0,1,0.583358617661233
16812.0,479.3500000000001,0,1,479.3500000000001,0.0,0.0,0,268,0.0,0.0,0,0.0,1,0.6986749013868656
17266.0,113.06,0,1,113.06,0.0,0.0,0,55,0.0,0.0,0,0.0,0,0.4983405969530125
13736.0,349.63,0,2,174.815,0.0,0.0,0,168,4.0,7.9,1,0.5,0,0.6323390537131289
13207.0,197.52000000000004,0,1,197.52000000000004,0.0,0.0,0,58,0.0,0.0,0,0.0,0,0.48971628061000033
12669.0,1607.7300000000002,106,2,803.8650000000001,106.0,0.0,0,58,0.0,0.0,0,0.0,1,0.33027109311540237
16963.0,110.55000000000001,0,1,110.55000000000001,0.0,0.0,0,95,0.0,0.0,0,0.0,1,0.5712434355479391
12559.0,536.2099999999999,9,3,178.73666666666665,4.5,0.0,0,218,2.0,25.5,1,0.3333333333333333,1,0.6245354591613984
14068.0,265.85,0,1,265.85,0.0,0.0,0,228,0.0,0.0,0,0.0,1,0.6737426533948824
18032.0,73.5,0,1,73.5,0.0,0.0,0,242,0.0,0.0,0,0.0,1,0.6226130155695664
17694.0,283.12000000000006,0,1,283.12000000000006,0.0,0.0,0,49,0.0,0.0,0,0.0,1,0.45678354009563354
16031.0,548.9399999999999,155,2,274.46999999999997,155.0,0.0,0,0,0.0,0.0,0,0.0,1,0.34864589456865114
14467.0,131.7,0,1,131.7,0.0,0.0,0,220,0.0,0.0,0,0.0,0,0.6551401757322554
13185.0,71.4,0,1,71.4,0.0,0.0,0,175,0.0,0.0,0,0.0,1,0.6541621198263682
13533.0,266.65000000000003,85,3,88.88333333333334,42.5,0.0,0,90,0.0,0.0,0,0.0,1,0.4309470678923543
15456.0,447.22,76,3,149.07333333333335,38.0,0.0,0,191,0.0,0.0,0,0.0,1,0.5450298743516508
18222.0,443.0,0,1,443.0,0.0,0.0,0,0,0.0,0.0,0,0.0,1,0.3332469861835395
16105.0,303.96,0,1,303.96,0.0,0.0,0,156,0.0,0.0,0,0.0,1,0.644132933186423
15919.0,267.6199999999999,0,1,267.6199999999999,0.0,0.0,0,276,0.0,0.0,0,0.0,0,0.6276599884152274
17860.0,252.79999999999998,0,1,252.79999999999998,0.0,0.0,0,276,0.0,0.0,0,0.0,1,0.6226155367468812
17462.0,463.41,0,1,463.41,0.0,0.0,0,192,0.0,0.0,0,0.0,0,0.6843908036148876
14287.0,57.88,16,3,19.293333333333333,8.0,0.0,0,90,25.0,25.4,1,0.3333333333333333,0,0.5670977480817732
12870.0,-14.899999999999999,0,1,-14.899999999999999,0.0,0.0,0,274,2.0,14.899999999999999,1,1.0,1,0.5070977493557572
16457.0,208.36,0,1,208.36,0.0,0.0,0,126,0.0,0.0,0,0.0,1,0.609283552674626
13045.0,292.68,0,1,292.68,0.0,0.0,0,7,0.0,0.0,0,0.0,1,0.3700500840957327
17122.0,138.32,0,1,138.32,0.0,0.0,0,27,0.0,0.0,0,0.0,1,0.43795900525579606
15562.0,134.55,0,1,134.55,0.0,0.0,0,259,0.0,0.0,0,0.0,1,0.6136196799624242
13922.0,172.24999999999997,0,1,172.24999999999997,0.0,0.0,0,259,0.0,0.0,0,0.0,1,0.6248375172223146
15460.0,216.76,0,1,216.76,0.0,0.0,0,262,0.0,0.0,0,0.0,1,0.6334689718939308
16097.0,185.05,0,1,185.05,0.0,0.0,0,148,0.0,0.0,0,0.0,1,0.6372591747367784
16670.0,3172.7200000000007,252,11,288.429090909091,25.2,0.0,0,14,19.0,54.65,3,0.2727272727272727,0,0.07381390712475269
18118.0,4007.910000000001,222,23,174.25695652173917,10.090909090909092,0.0,0,55,5.0,58.05,5,0.21739130434782608,0,0.6137875840237365
13148.0,2424.4799999999996,257,15,161.63199999999998,18.357142857142858,0.0,0,15,147.0,358.64,4,0.26666666666666666,0,0.04142305575314726
16499.0,319.09999999999997,5,5,63.81999999999999,1.25,0.0,0,268,5.0,46.349999999999994,2,0.4,1,0.5520736031691118
17912.0,295.61000000000007,54,6,49.268333333333345,10.8,0.0,0,218,2.0,15.399999999999999,1,0.16666666666666666,1,0.8477129129494891
14256.0,922.4599999999999,110,3,307.4866666666666,55.0,0.0,0,162,4.0,34.0,1,0.3333333333333333,1,0.29661035363994154
12782.0,2021.0699999999997,208,5,404.21399999999994,52.0,0.0,0,57,16.0,57.6,1,0.2,0,0.15339784869830397
14409.0,1792.53,246,6,298.755,49.2,0.0,0,30,72.0,151.20000000000002,1,0.16666666666666666,0,0.10849995733099878
18245.0,1613.31,206,7,230.47285714285712,34.333333333333336,0.0,0,57,7.0,59.5,1,0.14285714285714285,0,0.1785757942147463
16701.0,3740.350000000001,232,15,249.3566666666667,16.571428571428573,0.0,0,37,182.0,248.03,5,0.3333333333333333,0,0.11721128006018867
16316.0,2039.5100000000002,229,10,203.95100000000002,25.444444444444443,0.0,0,37,11.0,173.29999999999998,3,0.3,0,0.1922109160553204
15024.0,845.6199999999999,254,5,169.12399999999997,63.5,0.0,0,21,0.0,0.0,0,0.0,0,0.23548924388195758
18121.0,673.1000000000001,5,2,336.55000000000007,5.0,0.0,0,57,0.0,0.0,0,0.0,1,0.4376822320703143
15674.0,677.0800000000002,39,5,135.41600000000003,9.75,0.0,0,123,199.0,367.86999999999995,2,0.4,0,0.4984387814614469
13988.0,1916.85,92,4,479.2125,30.666666666666668,0.0,0,70,1.0,6.65,1,0.25,0,0.17072397905846173
15841.0,588.3,148,3,196.1,74.0,0.0,0,98,12.0,9.959999999999999,1,0.3333333333333333,0,0.3201346296988199
17719.0,4449.160000000001,149,15,296.6106666666667,10.642857142857142,0.0,0,14,11.0,28.240000000000002,3,0.2,0,0.023697156489165663
16788.0,593.7300000000002,131,2,296.8650000000001,131.0,0.0,0,31,0.0,0.0,0,0.0,1,0.3381539498499603
16422.0,86232.90000000001,270,48,1796.5187500000002,5.74468085106383,33917.99999999998,2,7,120.0,373.4,9,0.1875,0,7.507170913068536e-20
16401.0,2426.1400000000003,229,13,186.62615384615387,19.083333333333332,0.0,0,6,18.0,29.28,5,0.38461538461538464,0,0.09987227597888519
14342.0,358.89,73,4,89.7225,24.333333333333332,0.0,0,45,10.0,60.85000000000001,1,0.25,0,0.29792352935131733
16672.0,6896.59,167,19,362.9784210526316,9.277777777777779,2662.2000000000007,1,7,2.0,15.25,2,0.10526315789473684,0,0.002179294033161923
13098.0,14984.769999999999,223,27,554.9914814814814,8.576923076923077,0.0,0,2,36.0,184.69,8,0.2962962962962963,0,6.728389323290472e-06
16187.0,5345.6,186,13,411.20000000000005,15.5,0.0,0,6,36.0,30.599999999999998,1,0.07692307692307693,0,0.03204129153248508
18172.0,5571.6799999999985,195,14,397.9771428571427,15.0,0.0,0,7,11.0,63.599999999999994,3,0.21428571428571427,0,0.016667454551773826
17848.0,821.6,230,8,102.7,32.857142857142854,0.0,0,36,0.0,0.0,0,0.0,0,0.20545504579102083
12704.0,1100.92,64,3,366.97333333333336,32.0,0.0,0,13,0.0,0.0,0,0.0,0,0.2697498603428121
13791.0,1516.0,41,2,758.0,41.0,0.0,0,35,0.0,0.0,0,0.0,0,0.3144646222662646
16531.0,679.4899999999999,233,4,169.87249999999997,77.66666666666667,0.0,0,35,0.0,0.0,0,0.0,0,0.3192639603000528
14778.0,718.2599999999998,181,2,359.1299999999999,181.0,0.0,0,35,0.0,0.0,0,0.0,1,0.376170289657674
17068.0,3512.24,274,17,206.60235294117646,17.125,0.0,0,2,10.0,20.8,1,0.058823529411764705,0,0.0051105998797898195
17017.0,5326.349999999999,215,20,266.3175,11.31578947368421,0.0,0,65,47.0,104.93,5,0.25,0,0.4385090175465736
13756.0,2972.33,274,8,371.54125,39.142857142857146,0.0,0,1,0.0,0.0,0,0.0,0,0.10358024732428517
13963.0,664.54,59,4,166.135,19.666666666666668,0.0,0,216,0.0,0.0,0,0.0,1,0.7054927696771229
14049.0,3233.23,159,4,808.3075,53.0,0.0,0,66,10.0,11.600000000000001,1,0.25,0,0.09646369480606147
17243.0,4389.06,277,20,219.45300000000003,14.578947368421053,0.0,0,0,8.0,48.3,4,0.2,0,0.0019201746394887096
16985.0,3576.0400000000004,201,8,447.00500000000005,28.714285714285715,0.0,0,65,2.0,2.5,1,0.125,0,0.09012437168689946
13373.0,2055.5800000000004,118,2,1027.7900000000002,118.0,0.0,0,66,0.0,0.0,0,0.0,0,0.29320490761539086
18265.0,473.55000000000007,0,1,473.55000000000007,0.0,0.0,0,66,0.0,0.0,0,0.0,0,0.46452337820704026
14532.0,932.85,116,4,233.2125,38.666666666666664,0.0,0,144,0.0,0.0,0,0.0,1,0.3930137430728648
14766.0,1481.0200000000004,204,6,246.83666666666673,40.8,0.0,0,76,26.0,50.3,2,0.3333333333333333,0,0.2662981550912378
14901.0,811.6200000000001,271,6,135.27,54.2,0.0,0,9,2.0,6.3,1,0.16666666666666666,0,0.15801362065060373
16042.0,410.3799999999999,265,4,102.59499999999997,88.33333333333333,0.0,0,15,10.0,49.9,2,0.5,0,0.41982157900517103
14466.0,1580.45,257,5,316.09000000000003,64.25,0.0,0,23,0.0,0.0,0,0.0,0,0.24753685198228143
16274.0,337.74999999999994,0,1,337.74999999999994,0.0,0.0,0,281,0.0,0.0,0,0.0,1,0.643264166541822
16244.0,1512.5499999999995,161,2,756.2749999999997,161.0,0.0,0,119,0.0,0.0,0,0.0,1,0.30755128173488094
12839.0,3094.0899999999997,275,10,309.409,30.555555555555557,0.0,0,0,2.0,3.3,1,0.1,0,0.04349390180920428
17092.0,633.07,151,2,316.535,151.0,0.0,0,34,0.0,0.0,0,0.0,0,0.35894965619297897
12614.0,315.59999999999997,0,1,315.59999999999997,0.0,0.0,0,185,0.0,0.0,0,0.0,1,0.6708502517307291
13993.0,2228.16,230,7,318.3085714285714,38.333333333333336,0.0,0,8,1.0,4.25,1,0.14285714285714285,0,0.11488040491041006
12639.0,486.1,0,1,486.1,0.0,0.0,0,146,0.0,0.0,0,0.0,1,0.6262703947818307
18213.0,232.48000000000002,0,1,232.48000000000002,0.0,0.0,0,144,0.0,0.0,0,0.0,1,0.6315545786675083
18221.0,698.5600000000001,96,4,174.64000000000001,32.0,0.0,0,23,2.0,8.3,1,0.25,0,0.21447475691729634
13277.0,125.9,17,2,62.95,17.0,0.0,0,24,0.0,0.0,0,0.0,0,0.3785402141871641
16266.0,761.12,91,6,126.85333333333334,18.2,0.0,0,23,0.0,0.0,0,0.0,0,0.253311630896191
15291.0,3553.7300000000005,279,16,222.10812500000003,18.6,0.0,0,2,29.0,71.78999999999999,4,0.25,0,0.012897884320053826
13199.0,4712.0,274,22,214.1818181818182,13.047619047619047,0.0,0,0,4.0,13.16,1,0.045454545454545456,0,0.0009951291549552814
17227.0,473.75,196,3,157.91666666666666,98.0,0.0,0,80,0.0,0.0,0,0.0,0,0.40873432476301497
13343.0,303.93,5,2,151.965,5.0,0.0,0,80,9.0,49.5,1,0.5,1,0.5068058644990618
13813.0,371.69,8,2,185.845,8.0,0.0,0,34,2.0,13.45,1,0.5,0,0.36479177628656323
13218.0,62.64,0,1,62.64,0.0,0.0,0,35,0.0,0.0,0,0.0,1,0.46875675588835203
12494.0,819.9100000000001,208,10,81.99100000000001,23.11111111111111,0.0,0,65,12.0,48.95,4,0.4,0,0.6218956077759978
15044.0,5136.7300000000005,226,17,302.16058823529414,14.125,0.0,0,44,8.0,60.9,4,0.23529411764705882,0,0.08583750271101749
12654.0,337.75,98,3,112.58333333333333,49.0,0.0,0,105,0.0,0.0,0,0.0,0,0.43676453628369655
12635.0,683.6399999999998,0,1,683.6399999999998,0.0,0.0,0,62,0.0,0.0,0,0.0,0,0.4279308018424804
15053.0,478.59999999999997,125,2,239.29999999999998,125.0,0.0,0,64,0.0,0.0,0,0.0,0,0.3773432698086658
14002.0,529.73,22,2,264.865,22.0,0.0,0,42,0.0,0.0,0,0.0,1,0.3825622145610154
13583.0,781.0300000000002,0,1,781.0300000000002,0.0,0.0,0,63,0.0,0.0,0,0.0,1,0.41881907225926124
14410.0,727.1500000000002,213,14,51.93928571428573,16.384615384615383,0.0,0,0,230.0,376.92,4,0.2857142857142857,0,0.034875356830353685
13037.0,881.0699999999999,118,3,293.69,59.0,0.0,0,46,0.0,0.0,0,0.0,1,0.31339232643398346
15100.0,635.0999999999999,43,6,105.84999999999998,8.6,0.0,0,238,22.0,240.89999999999995,3,0.5,1,0.2828177592991041
16014.0,525.2799999999999,139,2,262.63999999999993,139.0,0.0,0,60,0.0,0.0,0,0.0,0,0.3786608030358515
15755.0,1144.83,186,3,381.60999999999996,93.0,0.0,0,16,0.0,0.0,0,0.0,0,0.3533405066403155
13826.0,174.65,18,2,87.325,18.0,0.0,0,66,2.0,14.85,1,0.5,1,0.5409032525664332
13593.0,1990.28,228,6,331.7133333333333,45.6,0.0,0,16,24.0,46.8,1,0.16666666666666666,1,0.1348002416649713
16040.0,876.1800000000001,120,2,438.09000000000003,120.0,0.0,0,56,0.0,0.0,0,0.0,0,0.3545030983882542
17259.0,603.37,220,2,301.685,220.0,0.0,0,56,0.0,0.0,0,0.0,1,0.41754801383941714
14735.0,3337.71,259,25,133.5084,10.791666666666666,0.0,0,7,104.0,258.0,2,0.08,0,0.000965158861168923
16389.0,670.17,78,2,335.085,78.0,0.0,0,113,0.0,0.0,0,0.0,0,0.47230702023317683
12524.0,3122.4799999999996,171,6,520.4133333333333,34.2,0.0,0,70,0.0,0.0,0,0.0,0,0.126838444446656
16647.0,214.06,35,2,107.03,35.0,0.0,0,77,0.0,0.0,0,0.0,1,0.4568802329772463
14896.0,468.77,161,2,234.385,161.0,0.0,0,112,0.0,0.0,0,0.0,1,0.3754559062690083
17871.0,155.89999999999998,0,1,155.89999999999998,0.0,0.0,0,112,0.0,0.0,0,0.0,1,0.5930297103281509
16709.0,1984.5900000000001,82,4,496.14750000000004,27.333333333333332,0.0,0,107,0.0,0.0,0,0.0,0,0.2559024986082789
12356.0,2753.0800000000004,80,2,1376.5400000000002,80.0,0.0,0,153,0.0,0.0,0,0.0,0,0.5416838485716536
16045.0,1340.7000000000003,171,4,335.17500000000007,57.0,0.0,0,27,0.0,0.0,0,0.0,1,0.272030281955494
16889.0,1578.67,142,3,526.2233333333334,71.0,0.0,0,102,0.0,0.0,0,0.0,1,0.28151010756563327
14870.0,327.24999999999994,0,1,327.24999999999994,0.0,0.0,0,169,0.0,0.0,0,0.0,1,0.6580296027148326
13772.0,686.22,143,2,343.11,143.0,0.0,0,4,0.0,0.0,0,0.0,0,0.311377179292937
16520.0,1034.9399999999998,179,4,258.73499999999996,59.666666666666664,0.0,0,94,1.0,9.95,1,0.25,1,0.2540472589233664
17362.0,312.23,70,2,156.115,70.0,0.0,0,147,0.0,0.0,0,0.0,1,0.5117992190716923
17095.0,534.0100000000001,35,3,178.00333333333336,17.5,0.0,0,207,1.0,9.95,1,0.3333333333333333,0,0.5150611458567257
16333.0,15256.720000000001,211,18,847.5955555555556,12.411764705882353,0.0,0,6,0.0,0.0,0,0.0,0,0.017031908306016662
14431.0,397.76,4,2,198.88,4.0,0.0,0,206,8.0,72.6,1,0.5,1,0.648880350675472
17472.0,710.29,108,3,236.76333333333332,54.0,0.0,0,99,0.0,0.0,0,0.0,1,0.38142354810022877
16084.0,436.17999999999995,0,1,436.17999999999995,0.0,0.0,0,207,0.0,0.0,0,0.0,1,0.6929346503850239
15370.0,1487.96,198,5,297.592,49.5,0.0,0,42,2.0,25.5,1,0.2,0,0.1881193963060643
18127.0,139.6,0,1,139.6,0.0,0.0,0,41,0.0,0.0,0,0.0,0,0.4657529913589006
14499.0,370.96000000000004,145,2,185.48000000000002,145.0,0.0,0,41,0.0,0.0,0,0.0,0,0.3807018830869835
18268.0,0.0,0,2,0.0,0.0,0.0,0,42,2.0,25.5,1,0.5,1,0.5933509487149646
14973.0,1314.45,118,3,438.15000000000003,59.0,0.0,0,15,0.0,0.0,0,0.0,1,0.284277373057059
14489.0,463.38000000000005,0,1,463.38000000000005,0.0,0.0,0,115,0.0,0.0,0,0.0,1,0.5710983874563854
14400.0,559.7,8,2,279.85,8.0,0.0,0,49,4.0,15.0,1,0.5,1,0.30810815328610197
12428.0,6917.659999999999,175,10,691.7659999999998,19.444444444444443,0.0,0,16,33.0,79.26,3,0.3,0,0.023512423632418858
13700.0,1651.26,235,8,206.4075,33.57142857142857,0.0,0,0,0.0,0.0,0,0.0,0,0.09291782784527873
15780.0,475.28,174,3,158.42666666666665,87.0,0.0,0,91,0.0,0.0,0,0.0,1,0.3967620809928371
14669.0,1269.9900000000002,91,3,423.3300000000001,45.5,0.0,0,149,0.0,0.0,0,0.0,1,0.3463544528709952
12821.0,92.72,0,1,92.72,0.0,0.0,0,122,0.0,0.0,0,0.0,1,0.6120446904813338
15281.0,2086.98,197,11,189.72545454545454,19.7,0.0,0,44,18.0,92.2,3,0.2727272727272727,0,0.18522091082364606
13929.0,802.8499999999999,157,3,267.6166666666666,78.5,0.0,0,77,4.0,39.8,1,0.3333333333333333,1,0.2882157688452556
18069.0,985.6200000000001,147,4,246.40500000000003,49.0,0.0,0,88,1.0,4.95,1,0.25,0,0.2556568224279136
16969.0,478.96,57,2,239.48,57.0,0.0,0,42,0.0,0.0,0,0.0,0,0.34126702074556803
14479.0,316.25,112,2,158.125,112.0,0.0,0,161,0.0,0.0,0,0.0,1,0.4183713904417394
12872.0,599.97,39,2,299.985,39.0,0.0,0,234,0.0,0.0,0,0.0,1,0.6482414485821368
16321.0,155.7,18,4,38.925,6.0,0.0,0,213,21.0,67.95,1,0.25,0,0.7245102346174541
16892.0,68.32999999999998,140,2,34.16499999999999,140.0,0.0,0,91,1.0,15.95,1,0.5,0,0.6034794305075823
16395.0,944.94,162,3,314.98,81.0,0.0,0,76,0.0,0.0,0,0.0,0,0.3491976617719473
18170.0,655.5099999999999,105,2,327.75499999999994,105.0,0.0,0,20,0.0,0.0,0,0.0,0,0.2976165583957654
16444.0,532.45,169,4,133.1125,56.333333333333336,0.0,0,3,1.0,8.95,1,0.25,0,0.19767181640983594
12426.0,582.7299999999999,0,1,582.7299999999999,0.0,0.0,0,102,0.0,0.0,0,0.0,1,0.5325062028409064
16567.0,865.5999999999999,142,2,432.79999999999995,142.0,0.0,0,102,0.0,0.0,0,0.0,1,0.39158606232268417
14290.0,770.36,45,2,385.18,45.0,0.0,0,224,2.0,7.2,1,0.5,0,0.5683654678853678
17969.0,228.2,195,2,114.1,195.0,0.0,0,74,0.0,0.0,0,0.0,1,0.4537660520254864
12424.0,1760.9599999999998,0,2,880.4799999999999,0.0,0.0,0,70,0.0,0.0,0,0.0,1,0.3501695350086972
15118.0,244.8,0,1,244.8,0.0,0.0,0,42,0.0,0.0,0,0.0,1,0.448743979871442
15703.0,211.5,0,1,211.5,0.0,0.0,0,172,0.0,0.0,0,0.0,1,0.6578410253380396
17134.0,424.99999999999994,158,2,212.49999999999997,158.0,0.0,0,14,0.0,0.0,0,0.0,1,0.38472367384857636
17795.0,350.39000000000004,85,2,175.19500000000002,85.0,0.0,0,87,0.0,0.0,0,0.0,1,0.4114841182368132
13014.0,1962.2300000000002,168,9,218.02555555555557,21.0,0.0,0,21,13.0,60.25,4,0.4444444444444444,0,0.1758630104181828
18218.0,626.3800000000001,75,4,156.59500000000003,25.0,0.0,0,114,38.0,35.7,2,0.5,1,0.3758441139399172
13899.0,298.50000000000006,0,1,298.50000000000006,0.0,0.0,0,182,0.0,0.0,0,0.0,0,0.6679626725941651
16778.0,93.18,0,1,93.18,0.0,0.0,0,182,0.0,0.0,0,0.0,0,0.656997982019958
17736.0,307.4899999999999,0,1,307.4899999999999,0.0,0.0,0,21,0.0,0.0,0,0.0,0,0.3947816226694033
12680.0,311.7799999999999,0,1,311.7799999999999,0.0,0.0,0,21,0.0,0.0,0,0.0,0,0.3940432773480652
16214.0,1062.75,99,3,354.25,49.5,0.0,0,78,0.0,0.0,0,0.0,1,0.33583404473077144
16652.0,4409.910000000001,173,8,551.2387500000001,24.714285714285715,0.0,0,8,15.0,115.96000000000001,2,0.25,0,0.06143647435817341
17164.0,1270.42,122,3,423.47333333333336,61.0,0.0,0,59,0.0,0.0,0,0.0,0,0.31057624931094113
13404.0,217.80999999999997,0,1,217.80999999999997,0.0,0.0,0,120,0.0,0.0,0,0.0,0,0.5998331443052467
14920.0,977.77,0,2,488.885,0.0,0.0,0,120,0.0,0.0,0,0.0,1,0.542049612115943
14312.0,854.5900000000001,151,4,213.64750000000004,50.333333333333336,0.0,0,94,0.0,0.0,0,0.0,0,0.3403044776994912
16693.0,157.56,0,1,157.56,0.0,0.0,0,179,0.0,0.0,0,0.0,0,0.659571477116636
16099.0,592.1,88,2,296.05,88.0,0.0,0,45,0.0,0.0,0,0.0,0,0.3384824831490277
17573.0,174.71,0,1,174.71,0.0,0.0,0,1,0.0,0.0,0,0.0,0,0.38029728653335276
16182.0,4844.0,164,3,1614.6666666666667,82.0,0.0,0,38,0.0,0.0,0,0.0,0,0.2006767517389871
17631.0,413.59999999999997,95,2,206.79999999999998,95.0,0.0,0,45,0.0,0.0,0,0.0,0,0.33955529046944405
15047.0,343.62,0,1,343.62,0.0,0.0,0,177,0.0,0.0,0,0.0,1,0.6658533421404172
18211.0,268.70000000000005,142,2,134.35000000000002,142.0,0.0,0,44,0.0,0.0,0,0.0,0,0.38414906217757505
14670.0,411.5300000000001,0,2,205.76500000000004,0.0,0.0,0,188,0.0,0.0,0,0.0,1,0.7257486058740276
16671.0,1382.8799999999999,0,1,1382.8799999999999,0.0,0.0,0,72,0.0,0.0,0,0.0,0,0.38889676076845686
17621.0,857.98,163,3,285.99333333333334,81.5,0.0,0,99,4.0,43.8,1,0.3333333333333333,0,0.2831467894878768
13334.0,2731.84,115,2,1365.92,115.0,0.0,0,98,0.0,0.0,0,0.0,0,0.306594465148849
13455.0,641.9499999999999,166,3,213.98333333333332,83.0,0.0,0,108,9.0,50.99000000000001,2,0.6666666666666666,0,0.39708337598709614
14148.0,157.2,0,1,157.2,0.0,0.0,0,141,0.0,0.0,0,0.0,1,0.6306690786268228
15944.0,325.1,0,1,325.1,0.0,0.0,0,184,0.0,0.0,0,0.0,1,0.6706429604836713
16917.0,391.5200000000001,0,1,391.5200000000001,0.0,0.0,0,184,0.0,0.0,0,0.0,1,0.6737942259394835
16484.0,364.4,17,3,121.46666666666665,8.5,0.0,0,81,6.0,24.900000000000002,1,0.3333333333333333,1,0.47289765268168726
14586.0,134.15999999999997,49,3,44.71999999999999,24.5,0.0,0,135,208.0,103.19999999999999,2,0.6666666666666666,1,0.6353833414207369
17183.0,329.6700000000001,0,1,329.6700000000001,0.0,0.0,0,13,0.0,0.0,0,0.0,0,0.37522979489714586
17189.0,384.4,253,2,192.2,253.0,0.0,0,14,0.0,0.0,0,0.0,1,0.7166131442294599
15415.0,572.8099999999998,0,1,572.8099999999998,0.0,0.0,0,221,0.0,0.0,0,0.0,1,0.7145966931109246
12834.0,312.38,0,1,312.38,0.0,0.0,0,190,0.0,0.0,0,0.0,1,0.6737756703417206
12967.0,1630.95,69,3,543.65,34.5,0.0,0,210,1.0,29.95,1,0.3333333333333333,0,0.24653099575586374
16609.0,2694.14,130,6,449.0233333333333,26.0,0.0,0,30,2.0,3.3,1,0.16666666666666666,0,0.120033813323538
16960.0,199.57999999999998,0,1,199.57999999999998,0.0,0.0,0,160,0.0,0.0,0,0.0,0,0.6484523143901378
17193.0,440.26,4,3,146.75333333333333,2.0,0.0,0,80,2.0,8.3,1,0.3333333333333333,0,0.4809671496615164
14960.0,88.3,0,1,88.3,0.0,0.0,0,79,0.0,0.0,0,0.0,0,0.547127561437316
17552.0,298.52,0,2,149.26,0.0,0.0,0,280,0.0,0.0,0,0.0,0,0.7456051681668235
17135.0,500.55000000000007,82,2,250.27500000000003,82.0,0.0,0,197,0.0,0.0,0,0.0,0,0.5177763211785351
14213.0,-1192.2000000000003,0,1,-1192.2000000000003,0.0,0.0,0,279,244.0,1192.2000000000003,1,1.0,1,0.9999853659859216
14679.0,-2.55,0,1,-2.55,0.0,0.0,0,279,1.0,2.55,1,1.0,1,0.47710539158081755
14019.0,787.93,40,2,393.965,40.0,0.0,0,6,0.0,0.0,0,0.0,0,0.2739225244899549
12375.0,230.30000000000004,0,1,230.30000000000004,0.0,0.0,0,6,0.0,0.0,0,0.0,0,0.3792745389903196
17166.0,110.73999999999998,7,2,55.36999999999999,7.0,0.0,0,104,3.0,16.85,1,0.5,0,0.6457761668744156
13405.0,557.45,113,2,278.725,113.0,0.0,0,112,0.0,0.0,0,0.0,0,0.4284478180117391
17486.0,396.87000000000006,0,1,396.87000000000006,0.0,0.0,0,169,0.0,0.0,0,0.0,1,0.6591090549278901
13391.0,59.8,0,1,59.8,0.0,0.0,0,111,0.0,0.0,0,0.0,1,0.6006009123904995
14130.0,483.85999999999996,0,1,483.85999999999996,0.0,0.0,0,227,0.0,0.0,0,0.0,1,0.7064155481239608
13079.0,23.8,0,1,23.8,0.0,0.0,0,48,0.0,0.0,0,0.0,0,0.5014239474665604
13029.0,773.2,215,2,386.6,215.0,0.0,0,46,0.0,0.0,0,0.0,0,0.37045622005474393
13116.0,485.19000000000005,21,2,242.59500000000003,21.0,0.0,0,25,1.0,15.95,1,0.5,1,0.31299717510759056
17265.0,535.3499999999997,42,2,267.67499999999984,42.0,0.0,0,46,0.0,0.0,0,0.0,1,0.3629351548918909
18224.0,148.75000000000003,0,1,148.75000000000003,0.0,0.0,0,171,0.0,0.0,0,0.0,1,0.6553631592966571
14436.0,89.06,0,1,89.06,0.0,0.0,0,6,0.0,0.0,0,0.0,1,0.4068616167304105
15850.0,112.58000000000004,0,1,112.58000000000004,0.0,0.0,0,76,0.0,0.0,0,0.0,0,0.5381113206447816
17521.0,159.55999999999997,0,1,159.55999999999997,0.0,0.0,0,107,0.0,0.0,0,0.0,0,0.5849817385176003
13427.0,464.86,95,2,232.43,95.0,0.0,0,28,0.0,0.0,0,0.0,0,0.30962700833389867
15786.0,3061.240000000003,14,2,1530.6200000000015,14.0,0.0,0,8,28.0,67.2,1,0.5,0,0.0024408561406019636
14722.0,187.91999999999996,0,1,187.91999999999996,0.0,0.0,0,55,0.0,0.0,0,0.0,1,0.4852825573745845
17881.0,133.35000000000002,0,1,133.35000000000002,0.0,0.0,0,212,0.0,0.0,0,0.0,1,0.6589512962748975
16769.0,380.3899999999999,0,1,380.3899999999999,0.0,0.0,0,168,0.0,0.0,0,0.0,1,0.6577771821116307
13682.0,59.5,0,1,59.5,0.0,0.0,0,95,0.0,0.0,0,0.0,1,0.5775402733233993
18193.0,212.96000000000006,216,3,70.9866666666667,108.0,0.0,0,58,4.0,30.8,2,0.6666666666666666,1,0.6245249929099909
15820.0,206.98000000000002,0,1,206.98000000000002,0.0,0.0,0,227,0.0,0.0,0,0.0,1,0.6641484299814707
16469.0,276.88000000000005,0,2,138.44000000000003,0.0,0.0,0,154,0.0,0.0,0,0.0,0,0.7018851494899477
16383.0,309.46,0,1,309.46,0.0,0.0,0,176,0.0,0.0,0,0.0,0,0.6638767329316984
12808.0,281.35,184,2,140.675,184.0,0.0,0,92,0.0,0.0,0,0.0,0,0.4018072048890385
12732.0,236.2600000000001,0,1,236.2600000000001,0.0,0.0,0,87,0.0,0.0,0,0.0,1,0.5410737563191942
15709.0,133.25,0,1,133.25,0.0,0.0,0,191,0.0,0.0,0,0.0,1,0.6612411867888072
15263.0,151.46999999999997,0,1,151.46999999999997,0.0,0.0,0,14,0.0,0.0,0,0.0,1,0.40969337523633664
14305.0,978.25,22,4,244.5625,7.333333333333333,0.0,0,21,20.0,55.20000000000001,2,0.5,0,0.2123673098812509
12397.0,1214.81,0,1,1214.81,0.0,0.0,0,43,0.0,0.0,0,0.0,0,0.3359885616941874
16447.0,259.0099999999998,0,1,259.0099999999998,0.0,0.0,0,43,0.0,0.0,0,0.0,1,0.4483469165233185
15347.0,201.59999999999997,0,1,201.59999999999997,0.0,0.0,0,274,0.0,0.0,0,0.0,1,0.608584324293072
17978.0,300.91999999999996,0,1,300.91999999999996,0.0,0.0,0,273,0.0,0.0,0,0.0,1,0.6432602810258998
18259.0,376.30000000000007,0,1,376.30000000000007,0.0,0.0,0,274,0.0,0.0,0,0.0,0,0.6651021952059234
17499.0,622.88,0,1,622.88,0.0,0.0,0,197,0.0,0.0,0,0.0,1,0.6984069660632234
12943.0,-3.75,0,1,-3.75,0.0,0.0,0,209,1.0,3.75,1,1.0,1,0.37338300306141753
18159.0,517.5500000000002,0,1,517.5500000000002,0.0,0.0,0,209,0.0,0.0,0,0.0,1,0.7015321640028618
13165.0,354.64,0,1,354.64,0.0,0.0,0,259,0.0,0.0,0,0.0,0,0.6742441673710075
12734.0,110.39999999999999,0,1,110.39999999999999,0.0,0.0,0,260,0.0,0.0,0,0.0,1,0.6044627432654744
13102.0,4864.9,232,22,221.13181818181818,11.047619047619047,0.0,0,41,44.0,87.8,3,0.13636363636363635,0,0.13228560999670635
14667.0,6056.769999999999,274,20,302.83849999999995,14.421052631578947,0.0,0,2,3.0,10.0,2,0.1,0,0.001738976936555139
14543.0,2707.2400000000002,256,16,169.20250000000001,17.066666666666666,0.0,0,16,54.0,488.40999999999997,3,0.1875,0,0.019397283973301874
17076.0,334.2,91,2,167.1,91.0,0.0,0,181,0.0,0.0,0,0.0,0,0.471483127699991
12919.0,425.75,53,4,106.4375,17.666666666666668,0.0,0,24,2.0,15.9,1,0.25,0,0.2650774822971935
12935.0,1531.09,210,5,306.21799999999996,52.5,0.0,0,17,1.0,4.25,1,0.2,0,0.18077714956033367
15795.0,610.0100000000001,0,1,610.0100000000001,0.0,0.0,0,57,0.0,0.0,0,0.0,1,0.4257777428856987
16450.0,311.92,0,1,311.92,0.0,0.0,0,57,0.0,0.0,0,0.0,1,0.46896254364792284
16945.0,2994.120000000001,260,13,230.31692307692313,21.666666666666668,0.0,0,6,0.0,0.0,0,0.0,0,0.029216044987407597
17133.0,2478.79,76,3,826.2633333333333,38.0,0.0,0,98,0.0,0.0,0,0.0,0,0.23332779545358848
17213.0,1739.8600000000004,225,9,193.31777777777782,28.125,0.0,0,49,9.0,40.150000000000006,4,0.4444444444444444,0,0.4268301491619293
14583.0,787.6399999999998,61,4,196.90999999999994,20.333333333333332,0.0,0,52,0.0,0.0,0,0.0,0,0.35070390351530834
17139.0,6797.92,166,9,755.3244444444445,20.75,0.0,0,30,4.0,28.8,2,0.2222222222222222,0,0.034492937199732863
15129.0,2710.33,185,10,271.033,20.555555555555557,0.0,0,14,0.0,0.0,0,0.0,0,0.10677812267741747
17504.0,2745.28,116,10,274.528,12.88888888888889,0.0,0,114,208.0,251.75,1,0.1,1,0.568787389688229
15379.0,3631.8900000000003,189,8,453.98625000000004,27.0,0.0,0,77,12.0,71.4,1,0.125,1,0.08628462760441795
12647.0,2833.81,243,10,283.381,27.0,0.0,0,34,12.0,52.900000000000006,1,0.1,0,0.08460276818621862
12586.0,-17.0,0,1,-17.0,0.0,0.0,0,276,2.0,17.0,1,1.0,0,0.5136216807688685
18156.0,206.23000000000002,0,1,206.23000000000002,0.0,0.0,0,277,0.0,0.0,0,0.0,0,0.604372037597178
13694.0,43782.689999999995,273,45,972.9486666666666,6.204545454545454,29120.0,1,8,1312.0,2040.64,6,0.13333333333333333,0,3.769236467015582e-14
18099.0,168.31000000000003,0,1,168.31000000000003,0.0,0.0,0,35,0.0,0.0,0,0.0,1,0.44828603941272815
12567.0,7563.64,273,10,756.364,30.333333333333332,0.0,0,4,216.0,286.34,1,0.1,0,0.026918022202050168
17019.0,995.9300000000001,107,3,331.9766666666667,53.5,0.0,0,169,0.0,0.0,0,0.0,0,0.35496086112676045
17884.0,602.8399999999999,60,3,200.94666666666663,30.0,0.0,0,219,0.0,0.0,0,0.0,0,0.5709546206936962
17869.0,425.08000000000004,261,5,85.016,65.25,0.0,0,15,0.0,0.0,0,0.0,1,0.2129598370693615
18171.0,971.51,234,6,161.91833333333332,46.8,0.0,0,7,4.0,22.8,2,0.3333333333333333,0,0.22599466883309774
18177.0,1010.5699999999999,98,6,168.4283333333333,19.6,0.0,0,65,5.0,27.25,1,0.16666666666666666,0,0.2580351512947233
15939.0,5832.5,224,14,416.60714285714283,17.23076923076923,0.0,0,15,3.0,12.75,1,0.07142857142857142,0,0.026883069899674497
16493.0,765.13,223,4,191.2825,74.33333333333333,0.0,0,14,40.0,17.16,1,0.25,0,0.1726619733582451
16992.0,959.8999999999999,212,4,239.97499999999997,70.66666666666667,0.0,0,6,3.0,12.45,1,0.25,0,0.2119620882115586
16458.0,2151.5,254,11,195.5909090909091,25.4,0.0,0,14,0.0,0.0,0,0.0,0,0.06322173322886869
15601.0,5578.259999999999,250,13,429.096923076923,20.833333333333332,0.0,0,30,2.0,7.2,2,0.15384615384615385,0,0.03461215162369554
17235.0,341.9,0,1,341.9,0.0,0.0,0,280,0.0,0.0,0,0.0,0,0.6461920126106793
13093.0,7741.469999999999,106,13,595.4976923076922,8.833333333333334,0.0,0,175,18.0,91.0,3,0.23076923076923078,1,0.26082239615017744
16638.0,1546.6899999999998,269,10,154.66899999999998,29.88888888888889,0.0,0,7,1.0,4.25,1,0.1,0,0.050333956882297214
12712.0,3783.5800000000004,265,14,270.2557142857143,20.384615384615383,0.0,0,14,17.0,129.5,3,0.21428571428571427,0,0.028857014890164828
18257.0,1490.6200000000003,182,9,165.6244444444445,22.75,0.0,0,22,31.0,72.25,4,0.4444444444444444,0,0.25344119962326306
17162.0,1455.4100000000003,174,10,145.54100000000003,19.333333333333332,0.0,0,39,1.0,8.25,1,0.1,0,0.16756190479923783
17572.0,196.0,274,3,65.33333333333333,137.0,0.0,0,7,0.0,0.0,0,0.0,0,0.4675705343629633
15410.0,3089.41,162,7,441.3442857142857,27.0,0.0,0,7,0.0,0.0,0,0.0,0,0.16547546008085554
14403.0,1426.31,117,5,285.262,29.25,0.0,0,38,6.0,49.5,1,0.2,1,0.1764861112342526
16617.0,151.85000000000002,0,1,151.85000000000002,0.0,0.0,0,143,0.0,0.0,0,0.0,1,0.6329737463444081
16523.0,5191.15,220,15,346.07666666666665,15.714285714285714,0.0,0,3,4.0,54.8,2,0.13333333333333333,0,0.01210311544535437
16488.0,347.96999999999997,34,3,115.99,17.0,0.0,0,22,4.0,6.6,1,0.3333333333333333,0,0.3289443921783555
12619.0,1697.7799999999997,137,4,424.44499999999994,45.666666666666664,0.0,0,24,0.0,0.0,0,0.0,0,0.2557372634242996
13189.0,127.0,0,1,127.0,0.0,0.0,0,23,0.0,0.0,0,0.0,0,0.432234557102073
16241.0,1752.1399999999996,273,9,194.68222222222218,34.125,0.0,0,4,0.0,0.0,0,0.0,0,0.06423709799859555
15002.0,1629.1600000000003,252,4,407.2900000000001,84.0,0.0,0,23,0.0,0.0,0,0.0,1,0.3417892321014356
13470.0,165.0,16,2,82.5,16.0,0.0,0,7,0.0,0.0,0,0.0,1,0.33929668127648377
18223.0,3934.9300000000003,262,20,196.74650000000003,13.789473684210526,0.0,0,4,37.0,101.41,7,0.35,0,0.011006419363421959
15921.0,336.03000000000003,0,1,336.03000000000003,0.0,0.0,0,80,0.0,0.0,0,0.0,1,0.5138044597470462
12643.0,3344.6400000000003,204,6,557.44,40.8,0.0,0,36,0.0,0.0,0,0.0,1,0.15613403589956448
12662.0,2620.96,266,8,327.62,38.0,0.0,0,15,18.0,32.699999999999996,1,0.125,0,0.08907873536224178
14713.0,1978.01,266,10,197.801,29.555555555555557,0.0,0,7,2.0,2.1,1,0.1,0,0.05083308279533873
12610.0,1244.7,20,3,414.90000000000003,10.0,0.0,0,14,13.0,11.55,1,0.3333333333333333,0,0.17992095554056636
17377.0,1854.88,247,10,185.488,27.444444444444443,0.0,0,34,1.0,175.0,1,0.1,0,0.08913002694582521
14497.0,457.46999999999997,8,2,228.73499999999999,8.0,0.0,0,209,2.0,17.9,1,0.5,1,0.6214234130040667
13510.0,891.41,88,3,297.13666666666666,44.0,0.0,0,3,4.0,6.4,1,0.3333333333333333,0,0.20014275462119668
17007.0,562.94,202,6,93.82333333333334,40.4,0.0,0,63,10.0,12.5,1,0.16666666666666666,0,0.28584482948481743
13599.0,2233.87,216,17,131.40411764705883,13.5,0.0,0,58,99.0,79.97,7,0.4117647058823529,0,0.7141202165191028
16942.0,1419.5600000000002,91,8,177.44500000000002,13.0,0.0,0,44,4.0,26.479999999999997,1,0.125,0,0.205308976372864
13804.0,1543.4099999999999,193,4,385.85249999999996,64.33333333333333,0.0,0,4,0.0,0.0,0,0.0,0,0.29090195466307633
12957.0,1679.6399999999999,153,6,279.94,30.6,0.0,0,94,11.0,15.85,2,0.3333333333333333,0,0.22181656360410631
14871.0,354.75,182,3,118.25,91.0,0.0,0,86,0.0,0.0,0,0.0,0,0.4091490960216596
15083.0,88.19999999999999,0,1,88.19999999999999,0.0,0.0,0,164,0.0,0.0,0,0.0,1,0.650140490473353
12791.0,192.60000000000002,0,1,192.60000000000002,0.0,0.0,0,281,0.0,0.0,0,0.0,1,0.5909134677596004
16583.0,233.45000000000002,0,1,233.45000000000002,0.0,0.0,0,281,0.0,0.0,0,0.0,1,0.606292246275843
15615.0,7328.15,254,23,318.6152173913043,11.545454545454545,0.0,0,13,15.0,39.7,4,0.17391304347826086,0,0.0020755005660366486
15679.0,260.26,28,2,130.13,28.0,0.0,0,62,0.0,0.0,0,0.0,0,0.43429272338311886
13064.0,659.2499999999999,175,2,329.62499999999994,175.0,0.0,0,60,0.0,0.0,0,0.0,0,0.3815783624160381
17758.0,1435.7800000000007,98,4,358.94500000000016,32.666666666666664,0.0,0,60,0.0,0.0,0,0.0,0,0.28118294546890005
16866.0,207.74,21,3,69.24666666666667,10.5,0.0,0,48,0.0,0.0,0,0.0,1,0.4431683098026138
12994.0,562.77,161,4,140.6925,53.666666666666664,0.0,0,15,18.0,70.10000000000001,2,0.5,0,0.30575807566919
17242.0,1135.04,72,2,567.52,72.0,0.0,0,16,0.0,0.0,0,0.0,1,0.2746606389709012
15640.0,8837.019999999999,251,13,679.7707692307691,20.916666666666668,0.0,0,29,35.0,82.32000000000001,2,0.15384615384615385,0,0.014471230100968915
16081.0,992.37,181,3,330.79,90.5,0.0,0,93,0.0,0.0,0,0.0,0,0.35130390505247655
17707.0,152.4,151,2,76.2,151.0,0.0,0,93,0.0,0.0,0,0.0,1,0.39548091653988415
16150.0,1300.3000000000002,255,6,216.7166666666667,51.0,0.0,0,25,30.0,108.39999999999999,3,0.5,0,0.385549938148988
17364.0,2603.38,194,7,371.9114285714286,32.333333333333336,0.0,0,45,21.0,25.45,1,0.14285714285714285,0,0.12293078546871836
13606.0,250.41999999999996,68,2,125.20999999999998,68.0,0.0,0,151,0.0,0.0,0,0.0,0,0.5157213678600768
17796.0,622.0,56,3,207.33333333333334,28.0,0.0,0,221,0.0,0.0,0,0.0,0,0.5839919791929925
17733.0,216.95,0,1,216.95,0.0,0.0,0,169,0.0,0.0,0,0.0,0,0.6558632525048734
17071.0,1383.7199999999998,175,8,172.96499999999997,25.0,0.0,0,42,8.0,18.700000000000003,2,0.25,0,0.18763329516542696
12637.0,4290.15,230,8,536.26875,32.857142857142854,0.0,0,1,12.0,68.65,2,0.25,0,0.07539501291657685
14206.0,308.25999999999993,121,2,154.12999999999997,121.0,0.0,0,147,2.0,19.9,1,0.5,1,0.5161435292032928
12582.0,511.3599999999999,50,2,255.67999999999995,50.0,0.0,0,146,0.0,0.0,0,0.0,1,0.5607574374606485
17591.0,1852.2199999999998,245,7,264.6028571428571,40.833333333333336,0.0,0,30,1.0,10.95,1,0.14285714285714285,0,0.14238430055868806
16979.0,545.6999999999999,150,3,181.89999999999998,75.0,0.0,0,55,1.0,9.95,1,0.3333333333333333,0,0.3119999781029537
17255.0,112.46000000000002,0,1,112.46000000000002,0.0,0.0,0,207,0.0,0.0,0,0.0,0,0.6577875845182029
12901.0,10607.069999999998,170,24,441.9612499999999,7.391304347826087,691.2000000000003,1,8,1416.0,1032.3999999999999,5,0.20833333333333334,0,2.658995454245769e-06
17483.0,274.74,49,2,137.37,49.0,0.0,0,42,0.0,0.0,0,0.0,0,0.35067279881339225
12743.0,546.4299999999997,0,2,273.21499999999986,0.0,0.0,0,42,0.0,0.0,0,0.0,1,0.42972131286288384
14309.0,1600.85,265,8,200.10625,37.857142857142854,0.0,0,1,14.0,32.85,1,0.125,0,0.07269330459600092
16509.0,363.7,0,1,363.7,0.0,0.0,0,204,0.0,0.0,0,0.0,1,0.684796030615076
12463.0,974.3900000000002,66,5,194.87800000000004,16.5,0.0,0,83,6.0,11.4,2,0.4,0,0.28807616040955575
15910.0,663.3600000000001,217,5,132.67200000000003,54.25,0.0,0,7,0.0,0.0,0,0.0,0,0.1979647376771298
17898.0,99.83999999999999,0,1,99.83999999999999,0.0,0.0,0,115,0.0,0.0,0,0.0,0,0.6023557233869329
14888.0,369.2,0,1,369.2,0.0,0.0,0,115,0.0,0.0,0,0.0,1,0.5790890314633993
14542.0,103.25000000000001,0,1,103.25000000000001,0.0,0.0,0,93,0.0,0.0,0,0.0,1,0.5688818040773668
14628.0,331.58,0,1,331.58,0.0,0.0,0,150,0.0,0.0,0,0.0,0,0.6363882964818078
14111.0,295.5,146,3,98.5,73.0,0.0,0,3,0.0,0.0,0,0.0,0,0.26021461549190894
14311.0,229.70999999999998,17,2,114.85499999999999,17.0,0.0,0,133,21.0,80.55,1,0.5,1,0.649390638062168
17972.0,136.04,0,1,136.04,0.0,0.0,0,149,0.0,0.0,0,0.0,1,0.6392173351742358
14514.0,403.11,130,2,201.555,130.0,0.0,0,109,0.0,0.0,0,0.0,0,0.4041542888765371
17629.0,768.3799999999999,239,6,128.0633333333333,47.8,0.0,0,28,8.0,30.0,1,0.16666666666666666,0,0.18376504840261582
16387.0,94.36,0,1,94.36,0.0,0.0,0,230,0.0,0.0,0,0.0,1,0.641013966983101
16730.0,426.11999999999995,85,3,142.04,42.5,0.0,0,142,96.0,40.32,1,0.3333333333333333,0,0.45262710268500356
16034.0,437.7,136,3,145.9,68.0,0.0,0,104,0.0,0.0,0,0.0,1,0.4020574610533581
14272.0,132.09,0,1,132.09,0.0,0.0,0,162,0.0,0.0,0,0.0,0,0.6495285354042503
14597.0,165.1,0,1,165.1,0.0,0.0,0,99,0.0,0.0,0,0.0,0,0.5713767245150221
14828.0,2139.76,140,3,713.2533333333334,70.0,0.0,0,104,0.0,0.0,0,0.0,1,0.22389652419705144
15528.0,155.83,0,1,155.83,0.0,0.0,0,162,0.0,0.0,0,0.0,1,0.6497632396063145
13060.0,307.53000000000003,0,1,307.53000000000003,0.0,0.0,0,161,0.0,0.0,0,0.0,1,0.6496564926987196
16748.0,910.2,117,3,303.40000000000003,58.5,0.0,0,125,0.0,0.0,0,0.0,0,0.3654960497798016
14639.0,1957.08,241,6,326.18,48.2,0.0,0,28,3.0,32.15,2,0.3333333333333333,0,0.20566855449187563
15689.0,254.1,242,2,127.05,242.0,0.0,0,27,0.0,0.0,0,0.0,1,0.7013695169070844
15105.0,520.3799999999999,0,1,520.3799999999999,0.0,0.0,0,42,0.0,0.0,0,0.0,0,0.40487231030348586
17856.0,1118.39,48,5,223.67800000000003,12.0,0.0,0,141,16.0,24.240000000000002,1,0.2,0,0.440317136542573
15298.0,2368.22,274,8,296.0275,39.142857142857146,0.0,0,0,360.0,990.0,1,0.125,0,0.0035917670988674217
16503.0,1421.4299999999998,254,5,284.28599999999994,63.5,0.0,0,14,2.0,10.5,1,0.2,1,0.202418606416625
13008.0,178.47000000000003,37,2,89.23500000000001,37.0,0.0,0,231,60.0,51.0,1,0.5,1,0.6681745284810444
13693.0,-32.0,0,2,-16.0,0.0,0.0,0,233,6.0,32.0,1,0.5,1,0.7737328041053251
14090.0,76.32000000000001,0,1,76.32000000000001,0.0,0.0,0,232,0.0,0.0,0,0.0,1,0.6353168975186361
13592.0,205.51,59,3,68.50333333333333,29.5,0.0,0,113,0.0,0.0,0,0.0,0,0.5308372285235744
15701.0,857.0000000000001,0,1,857.0000000000001,0.0,0.0,0,18,0.0,0.0,0,0.0,0,0.316505591441314
12968.0,101.14999999999999,0,1,101.14999999999999,0.0,0.0,0,20,0.0,0.0,0,0.0,1,0.43149774604299973
17716.0,4136.66,173,7,590.9514285714286,28.833333333333332,0.0,0,2,0.0,0.0,0,0.0,0,0.18399697105348994
13744.0,1131.3600000000001,197,2,565.6800000000001,197.0,0.0,0,3,0.0,0.0,0,0.0,1,0.2591272945245138
13849.0,593.5799999999998,0,1,593.5799999999998,0.0,0.0,0,78,0.0,0.0,0,0.0,0,0.47622441686117123
13780.0,116.28000000000002,0,1,116.28000000000002,0.0,0.0,0,78,0.0,0.0,0,0.0,0,0.5411792976476912
16768.0,274.74,168,3,91.58,84.0,0.0,0,11,3.0,11.75,1,0.3333333333333333,0,0.27920839692936933
14913.0,906.95,176,3,302.31666666666666,88.0,0.0,0,91,0.0,0.0,0,0.0,0,0.35824263708117493
16766.0,1095.2,0,2,547.6,0.0,0.0,0,181,0.0,0.0,0,0.0,1,0.6264378490709028
14962.0,126.70000000000002,0,1,126.70000000000002,0.0,0.0,0,178,0.0,0.0,0,0.0,1,0.6576881201242597
16592.0,2190.4299999999994,151,12,182.53583333333327,13.727272727272727,0.0,0,44,11.0,23.9,2,0.16666666666666666,0,0.15693624733741723
17991.0,93.35,1,2,46.675,1.0,0.0,0,133,0.0,0.0,0,0.0,1,0.6894436263510347
13936.0,361.28,8,2,180.64,8.0,0.0,0,79,6.0,15.299999999999999,1,0.5,1,0.4746233081161008
18068.0,101.69999999999999,0,1,101.69999999999999,0.0,0.0,0,197,0.0,0.0,0,0.0,1,0.6584932675798293
15388.0,140.54,0,1,140.54,0.0,0.0,0,178,0.0,0.0,0,0.0,1,0.6583486639381583
16200.0,550.5699999999999,0,1,550.5699999999999,0.0,0.0,0,72,0.0,0.0,0,0.0,0,0.46778312667313526
14383.0,242.09000000000006,0,1,242.09000000000006,0.0,0.0,0,71,0.0,0.0,0,0.0,0,0.5088493599858265
16545.0,339.3,0,1,339.3,0.0,0.0,0,72,0.0,0.0,0,0.0,1,0.49658625406815626
17391.0,508.8,1,2,254.4,1.0,0.0,0,71,0.0,0.0,0,0.0,1,0.4993841708437029
17408.0,32.65,0,1,32.65,0.0,0.0,0,71,0.0,0.0,0,0.0,1,0.5417879803329584
17879.0,178.51999999999998,0,1,178.51999999999998,0.0,0.0,0,81,0.0,0.0,0,0.0,1,0.5376413786821204
14673.0,373.49,0,1,373.49,0.0,0.0,0,275,0.0,0.0,0,0.0,0,0.6630547708012482
15965.0,156.19000000000003,0,1,156.19000000000003,0.0,0.0,0,275,0.0,0.0,0,0.0,0,0.590344857135868
12365.0,320.69,0,1,320.69,0.0,0.0,0,199,0.0,0.0,0,0.0,1,0.678873856115832
16349.0,53.5,0,1,53.5,0.0,0.0,0,198,0.0,0.0,0,0.0,1,0.6533754563540431
16913.0,113.44000000000001,0,1,113.44000000000001,0.0,0.0,0,198,0.0,0.0,0,0.0,1,0.6595748368747815
15179.0,1438.6200000000003,131,4,359.6550000000001,43.666666666666664,0.0,0,141,30.0,16.5,1,0.25,0,0.20739821894410754
17734.0,522.8100000000001,97,2,261.40500000000003,97.0,0.0,0,44,0.0,0.0,0,0.0,0,0.33821991274671037
17588.0,1240.2,132,3,413.40000000000003,66.0,0.0,0,8,0.0,0.0,0,0.0,1,0.28913927470077555
17838.0,1667.5400000000004,80,3,555.8466666666668,40.0,0.0,0,200,0.0,0.0,0,0.0,0,0.26718168722725394
17817.0,269.7,0,2,134.85,0.0,0.0,0,185,0.0,0.0,0,0.0,0,0.7397851275342379
16271.0,884.9799999999999,232,4,221.24499999999998,77.33333333333333,0.0,0,34,1.0,5.95,1,0.25,0,0.26843810685802916
16149.0,163.68000000000004,0,1,163.68000000000004,0.0,0.0,0,50,0.0,0.0,0,0.0,0,0.4794354162241244
12875.0,343.2300000000001,219,2,171.61500000000004,219.0,0.0,0,51,0.0,0.0,0,0.0,1,0.5236167472539475
14618.0,196.95000000000002,29,2,98.47500000000001,29.0,0.0,0,245,3.0,14.850000000000001,1,0.5,0,0.6155837855668425
12386.0,401.90000000000003,29,2,200.95000000000002,29.0,0.0,0,245,0.0,0.0,0,0.0,1,0.6686310166870527
15669.0,558.89,160,4,139.7225,53.333333333333336,0.0,0,11,3.0,6.65,1,0.25,0,0.20595089743701597
12753.0,16332.460000000001,254,9,1814.7177777777779,31.75,0.0,0,16,122.0,288.45,4,0.4444444444444444,0,0.0003804978792589861
16565.0,173.7,0,1,173.7,0.0,0.0,0,272,0.0,0.0,0,0.0,1,0.6027419267748171
15847.0,180.68,0,1,180.68,0.0,0.0,0,196,0.0,0.0,0,0.0,0,0.6658920592429387
14470.0,297.64,0,1,297.64,0.0,0.0,0,195,0.0,0.0,0,0.0,0,0.6752848041158221
17171.0,224.90999999999997,0,1,224.90999999999997,0.0,0.0,0,197,0.0,0.0,0,0.0,1,0.6699848353792278
15543.0,127.85999999999999,0,1,127.85999999999999,0.0,0.0,0,196,0.0,0.0,0,0.0,1,0.6610621609991827
15574.0,702.25,195,4,175.5625,65.0,0.0,0,85,0.0,0.0,0,0.0,1,0.3496638918013596
15204.0,316.58000000000004,0,1,316.58000000000004,0.0,0.0,0,265,0.0,0.0,0,0.0,1,0.6582765956438691
15801.0,137.22,0,1,137.22,0.0,0.0,0,17,0.0,0.0,0,0.0,0,0.418376637673542
15796.0,1571.7700000000002,193,6,261.9616666666667,38.6,3570.0,1,17,1.0,2.95,1,0.16666666666666666,0,0.013906162517930403
15045.0,633.66,106,3,211.22,53.0,0.0,0,59,8.0,102.0,1,0.3333333333333333,1,0.29558045884775225
15280.0,113.12,0,1,113.12,0.0,0.0,0,80,0.0,0.0,0,0.0,1,0.545237557250987
13588.0,1388.5300000000002,156,6,231.4216666666667,31.2,0.0,0,7,7.0,22.110000000000003,1,0.16666666666666666,0,0.12914973353997689
12794.0,316.99999999999994,0,1,316.99999999999994,0.0,0.0,0,6,0.0,0.0,0,0.0,0,0.36400466860707276
12832.0,257.6,0,1,257.6,0.0,0.0,0,6,0.0,0.0,0,0.0,0,0.3743300719902349
13296.0,87.4,0,1,87.4,0.0,0.0,0,45,0.0,0.0,0,0.0,1,0.48351345711803057
17980.0,811.4499999999999,194,3,270.4833333333333,97.0,0.0,0,73,0.0,0.0,0,0.0,1,0.3813465932912541
16096.0,320.62,0,1,320.62,0.0,0.0,0,172,0.0,0.0,0,0.0,1,0.6607294967816069
13885.0,506.8000000000001,11,2,253.40000000000006,11.0,0.0,0,97,0.0,0.0,0,0.0,1,0.5370986316278392
17763.0,15.0,0,1,15.0,0.0,0.0,0,171,0.0,0.0,0,0.0,1,0.6508355266805562
17058.0,819.6600000000001,40,2,409.83000000000004,40.0,0.0,0,107,0.0,0.0,0,0.0,0,0.49852543541935856
14096.0,125.06000000000003,3,2,62.530000000000015,3.0,0.0,0,6,0.0,0.0,0,0.0,0,0.38425249285851926
15145.0,711.43,21,2,355.715,21.0,0.0,0,135,0.0,0.0,0,0.0,0,0.582139642888277
12809.0,484.36,9,2,242.18,9.0,0.0,0,76,1.0,4.95,1,0.5,1,0.405461461126968
14321.0,900.65,217,3,300.21666666666664,108.5,0.0,0,24,0.0,0.0,0,0.0,0,0.39936174379433254
16852.0,113.06000000000002,0,1,113.06000000000002,0.0,0.0,0,84,0.0,0.0,0,0.0,0,0.552313389348693
14233.0,959.1000000000001,106,3,319.70000000000005,53.0,0.0,0,119,0.0,0.0,0,0.0,0,0.3679313285788816
12591.0,452.84999999999985,0,1,452.84999999999985,0.0,0.0,0,225,0.0,0.0,0,0.0,1,0.7017874573551762
14332.0,119.04,0,1,119.04,0.0,0.0,0,55,0.0,0.0,0,0.0,0,0.497280349781908
15063.0,370.79999999999995,0,1,370.79999999999995,0.0,0.0,0,121,0.0,0.0,0,0.0,1,0.5897704317932448
16833.0,671.29,75,3,223.76333333333332,37.5,0.0,0,167,0.0,0.0,0,0.0,0,0.49354227699217046
14761.0,97.5,0,1,97.5,0.0,0.0,0,242,0.0,0.0,0,0.0,0,0.6285099881596027
14259.0,120.0,0,1,120.0,0.0,0.0,0,49,0.0,0.0,0,0.0,1,0.4853151329718196
13187.0,236.01999999999995,0,1,236.01999999999995,0.0,0.0,0,245,0.0,0.0,0,0.0,1,0.6578665804308772
15800.0,699.0799999999999,139,2,349.53999999999996,139.0,0.0,0,15,0.0,0.0,0,0.0,1,0.3180269951805703
14981.0,102.11999999999998,0,1,102.11999999999998,0.0,0.0,0,154,0.0,0.0,0,0.0,1,0.6437826420486602
18210.0,142.39999999999998,0,1,142.39999999999998,0.0,0.0,0,175,0.0,0.0,0,0.0,0,0.6571503129519128
16377.0,676.2,0,1,676.2,0.0,0.0,0,175,0.0,0.0,0,0.0,1,0.6709740343734165
12666.0,-227.44,0,1,-227.44,0.0,0.0,0,267,56.0,227.44,1,1.0,1,0.903616292796985
13829.0,-102.0,0,1,-102.0,0.0,0.0,0,267,12.0,102.0,1,1.0,1,0.7162678930614773
18050.0,74.4,0,1,74.4,0.0,0.0,0,267,0.0,0.0,0,0.0,1,0.5784632878223036
17409.0,771.8500000000001,64,2,385.92500000000007,64.0,0.0,0,92,0.0,0.0,0,0.0,1,0.4462830085692439
15917.0,123.10000000000001,0,1,123.10000000000001,0.0,0.0,0,155,0.0,0.0,0,0.0,1,0.6444261078412584
17674.0,300.66,0,1,300.66,0.0,0.0,0,276,0.0,0.0,0,0.0,0,0.6386743543794328
12844.0,174.88000000000002,0,1,174.88000000000002,0.0,0.0,0,38,0.0,0.0,0,0.0,0,0.45313494779662655
12534.0,1089.18,0,1,1089.18,0.0,0.0,0,38,0.0,0.0,0,0.0,1,0.3346788616177891
14314.0,120.0,0,1,120.0,0.0,0.0,0,14,0.0,0.0,0,0.0,1,0.41595205032775695
15680.0,478.88999999999993,0,1,478.88999999999993,0.0,0.0,0,274,0.0,0.0,0,0.0,0,0.6942094466871709
13147.0,118.80000000000001,0,1,118.80000000000001,0.0,0.0,0,7,0.0,0.0,0,0.0,0,0.4026830109467318
12688.0,4873.810000000005,0,1,4873.810000000005,0.0,0.0,0,21,0.0,0.0,0,0.0,1,0.9538256415371856
13894.0,150.95,8,2,75.475,8.0,0.0,0,210,6.0,9.899999999999999,1,0.5,0,0.7126797720018374
15411.0,382.21000000000004,58,2,191.10500000000002,58.0,0.0,0,32,0.0,0.0,0,0.0,0,0.31971855303163144
16727.0,272.81999999999994,0,1,272.81999999999994,0.0,0.0,0,272,0.0,0.0,0,0.0,1,0.6358191541837378
16133.0,10469.86,218,33,317.2684848484849,6.8125,0.0,0,8,79.0,149.41,10,0.30303030303030304,0,5.3448635758112195e-06
12682.0,8219.92,271,20,410.996,14.263157894736842,0.0,0,8,0.0,0.0,0,0.0,0,0.005452928799958375
14498.0,1281.7899999999995,245,4,320.4474999999999,81.66666666666667,0.0,0,24,0.0,0.0,0,0.0,0,0.3272224648464917
12644.0,477.9100000000001,0,1,477.9100000000001,0.0,0.0,0,37,0.0,0.0,0,0.0,1,0.4003849739973789
16949.0,768.7499999999999,137,5,153.74999999999997,34.25,0.0,0,87,1.0,125.0,1,0.2,0,0.28261505346513477
14810.0,1869.33,266,10,186.933,29.555555555555557,0.0,0,11,0.0,0.0,0,0.0,0,0.06364834586663187
15527.0,1313.94,210,6,218.99,42.0,0.0,0,52,3.0,16.85,1,0.16666666666666666,0,0.20017307835333217
16875.0,1078.9499999999998,198,7,154.13571428571427,33.0,0.0,0,49,18.0,59.25000000000001,3,0.42857142857142855,0,0.3745098355210608
16342.0,283.71000000000004,72,3,94.57000000000001,36.0,0.0,0,15,0.0,0.0,0,0.0,0,0.27658173511852
15498.0,27293.760000000002,246,21,1299.7028571428573,12.3,194622.42000000007,2,28,3.0,28.45,2,0.09523809523809523,0,5.992040516500276e-08
14689.0,112.80000000000001,0,1,112.80000000000001,0.0,0.0,0,116,0.0,0.0,0,0.0,1,0.602604649066135
15953.0,807.2399999999999,158,5,161.44799999999998,39.5,0.0,0,119,2.0,18.9,1,0.2,0,0.315284129815349
13174.0,2104.27,53,2,1052.135,53.0,0.0,0,224,0.0,0.0,0,0.0,0,0.6705343378166053
12763.0,494.08,231,2,247.04,231.0,0.0,0,46,0.0,0.0,0,0.0,1,0.49992692393682575
17659.0,1622.43,272,10,162.243,30.22222222222222,0.0,0,8,36.0,30.599999999999998,1,0.1,0,0.04696022235243136
12705.0,4117.17,214,7,588.1671428571428,35.666666666666664,0.0,0,51,20.0,45.35,3,0.42857142857142855,0,0.07119944844570913
12557.0,9000.96,213,4,2250.24,71.0,0.0,0,66,0.0,0.0,0,0.0,0,0.006034575036472026
17024.0,56.25,58,2,28.125,58.0,0.0,0,7,0.0,0.0,0,0.0,0,0.27117582957072645
16103.0,1156.4,76,4,289.1,25.333333333333332,0.0,0,65,0.0,0.0,0,0.0,0,0.32744945004201076
14211.0,1100.88,199,9,122.32000000000001,24.875,0.0,0,4,9.0,29.05,3,0.3333333333333333,0,0.145454400051963
14227.0,2389.0200000000004,99,11,217.1836363636364,9.9,0.0,0,93,6.0,10.5,4,0.36363636363636365,0,0.30959972685145637
12509.0,176.5,0,1,176.5,0.0,0.0,0,192,0.0,0.0,0,0.0,1,0.6648527158427385
14388.0,1821.6599999999999,251,6,303.60999999999996,50.2,0.0,0,29,3.0,13.45,1,0.16666666666666666,0,0.16709078966370253
17287.0,702.41,229,5,140.482,57.25,0.0,0,51,0.0,0.0,0,0.0,0,0.2915941909177886
12915.0,363.65,224,2,181.825,224.0,0.0,0,56,0.0,0.0,0,0.0,1,0.5117361664469993
13881.0,9175.16,216,12,764.5966666666667,19.636363636363637,0.0,0,3,16.0,68.0,1,0.08333333333333333,0,0.03441903532756146
13092.0,421.75,148,5,84.35,37.0,0.0,0,119,8.0,18.0,1,0.2,0,0.3955952317563587
14817.0,1110.3400000000001,77,2,555.1700000000001,77.0,0.0,0,108,0.0,0.0,0,0.0,1,0.4737769176019492
13516.0,146.0,0,1,146.0,0.0,0.0,0,146,0.0,0.0,0,0.0,0,0.636169335639876
16085.0,325.03999999999996,84,2,162.51999999999998,84.0,0.0,0,144,0.0,0.0,0,0.0,0,0.4803547076790729
15985.0,1037.42,113,3,345.8066666666667,56.5,0.0,0,31,250.0,105.0,1,0.3333333333333333,1,0.1261597054383521
17097.0,623.0300000000001,265,7,89.00428571428573,44.166666666666664,0.0,0,8,2.0,16.5,1,0.14285714285714285,0,0.11415745290235486
12421.0,628.5600000000001,205,3,209.52,102.5,0.0,0,22,0.0,0.0,0,0.0,0,0.3724483476233425
15624.0,588.13,140,4,147.0325,46.666666666666664,0.0,0,24,0.0,0.0,0,0.0,1,0.26012119050070603
16551.0,922.1200000000001,241,3,307.3733333333334,120.5,0.0,0,3,0.0,0.0,0,0.0,1,0.4345808503120347
17299.0,268.19000000000005,73,2,134.09500000000003,73.0,0.0,0,8,0.0,0.0,0,0.0,0,0.268146309359657
17738.0,1555.7899999999995,139,4,388.9474999999999,46.333333333333336,0.0,0,51,2.0,15.7,1,0.25,0,0.1873748623797647
17676.0,726.43,260,5,145.286,65.0,0.0,0,14,1.0,4.41,1,0.2,0,0.2139990396528933
17779.0,323.09000000000003,0,1,323.09000000000003,0.0,0.0,0,51,0.0,0.0,0,0.0,0,0.45444070267935055
13435.0,1088.12,79,3,362.70666666666665,39.5,0.0,0,18,0.0,0.0,0,0.0,0,0.2735350598400538
14083.0,545.9699999999999,245,7,77.99571428571427,40.833333333333336,0.0,0,34,0.0,0.0,0,0.0,0,0.2069803764727021
17892.0,142.10000000000002,0,1,142.10000000000002,0.0,0.0,0,63,0.0,0.0,0,0.0,0,0.5089052424704633
13699.0,308.58,0,1,308.58,0.0,0.0,0,63,0.0,0.0,0,0.0,1,0.4821668971402225
12648.0,318.05,0,1,318.05,0.0,0.0,0,62,0.0,0.0,0,0.0,1,0.47859312552989475
17341.0,766.8599999999999,210,2,383.42999999999995,210.0,0.0,0,64,0.0,0.0,0,0.0,1,0.3484333213363223
18226.0,4236.58,217,10,423.658,24.11111111111111,0.0,0,28,1.0,4.25,1,0.1,0,0.06533725760626814
13803.0,277.07000000000005,0,1,277.07000000000005,0.0,0.0,0,163,0.0,0.0,0,0.0,1,0.6515818053688733
14961.0,3856.2800000000007,206,9,428.4755555555556,25.75,0.0,0,62,16.0,38.099999999999994,3,0.3333333333333333,0,0.10910208645202445
18230.0,2065.36,271,7,295.0514285714286,45.166666666666664,0.0,0,2,12.0,81.0,2,0.2857142857142857,0,0.14268616006236523
18147.0,98.88000000000001,0,1,98.88000000000001,0.0,0.0,0,16,0.0,0.0,0,0.0,0,0.4241314544297063
17339.0,243.36,271,2,121.68,271.0,0.0,0,2,0.0,0.0,0,0.0,1,0.8729990375723186
18165.0,302.46000000000004,0,1,302.46000000000004,0.0,0.0,0,85,0.0,0.0,0,0.0,1,0.5284851393094627
14483.0,129.20000000000002,132,2,64.60000000000001,132.0,0.0,0,57,2.0,7.9,1,0.5,1,0.6525620715801279
15349.0,473.8099999999999,29,2,236.90499999999994,29.0,0.0,0,66,0.0,0.0,0,0.0,1,0.430822251220166
15032.0,4464.0999999999985,110,5,892.8199999999997,27.5,0.0,0,164,300.0,495.0,1,0.2,1,0.06149496983045384
14716.0,188.56,0,1,188.56,0.0,0.0,0,56,0.0,0.0,0,0.0,0,0.48719226174826186
16906.0,394.94000000000005,62,3,131.64666666666668,31.0,0.0,0,94,0.0,0.0,0,0.0,0,0.45904029216776726
16008.0,139.15,0,1,139.15,0.0,0.0,0,112,0.0,0.0,0,0.0,0,0.5945776167924328
13450.0,1175.2199999999998,94,4,293.80499999999995,31.333333333333332,0.0,0,32,0.0,0.0,0,0.0,0,0.2682585048894497
14463.0,514.62,107,3,171.54,53.5,0.0,0,6,0.0,0.0,0,0.0,1,0.25467822038150656
12949.0,3425.22,138,9,380.58,17.25,0.0,0,22,18.0,24.2,2,0.2222222222222222,0,0.07126468080046235
15815.0,1874.6999999999998,119,4,468.67499999999995,39.666666666666664,0.0,0,48,0.0,0.0,0,0.0,0,0.24576827315187316
13562.0,1209.73,104,2,604.865,104.0,0.0,0,49,0.0,0.0,0,0.0,0,0.33246558400560766
17035.0,388.33000000000004,66,3,129.44333333333336,33.0,0.0,0,153,28.0,45.2,1,0.3333333333333333,1,0.4718094215495148
16217.0,259.39,47,4,64.8475,15.666666666666666,0.0,0,143,15.0,44.86,2,0.5,1,0.4721889986483137
14210.0,1905.8400000000001,266,6,317.64000000000004,53.2,0.0,0,13,0.0,0.0,0,0.0,0,0.18471405838988747
16926.0,230.25000000000003,0,1,230.25000000000003,0.0,0.0,0,279,0.0,0.0,0,0.0,1,0.6090982622898367
16394.0,921.28,118,4,230.32,39.333333333333336,0.0,0,79,22.0,11.819999999999999,1,0.25,0,0.26207737283152244
18198.0,4322.49,236,17,254.2641176470588,14.75,0.0,0,8,91.0,104.9,3,0.17647058823529413,0,0.008446453384616082
13989.0,896.67,0,1,896.67,0.0,0.0,0,147,0.0,0.0,0,0.0,0,0.6137656681584264
15122.0,1614.23,183,5,322.846,45.75,0.0,0,22,11.0,19.55,2,0.4,0,0.18553927648111182
16434.0,906.34,203,4,226.585,67.66666666666667,0.0,0,4,0.0,0.0,0,0.0,0,0.26443819332605384
17667.0,1751.0100000000002,137,4,437.75250000000005,45.666666666666664,0.0,0,69,0.0,0.0,0,0.0,0,0.24457361786538584
13893.0,821.1,0,1,821.1,0.0,0.0,0,205,0.0,0.0,0,0.0,1,0.7193231160386289
14854.0,2291.6900000000005,141,7,327.3842857142858,23.5,0.0,0,41,10.0,9.939999999999998,1,0.14285714285714285,0,0.13585219669621987
12407.0,1407.3600000000001,130,4,351.84000000000003,43.333333333333336,0.0,0,42,0.0,0.0,0,0.0,0,0.26413692123531013
16147.0,375.0,0,1,375.0,0.0,0.0,0,41,0.0,0.0,0,0.0,1,0.4247973712513126
16494.0,826.5299999999999,0,1,826.5299999999999,0.0,0.0,0,204,0.0,0.0,0,0.0,1,0.718287856993923
17252.0,353.8599999999999,70,2,176.92999999999995,70.0,0.0,0,24,0.0,0.0,0,0.0,1,0.29841031917364824
16256.0,732.6300000000002,9,2,366.3150000000001,9.0,0.0,0,165,4.0,19.8,1,0.5,1,0.47994137243134677
15655.0,511.31999999999994,10,2,255.65999999999997,10.0,0.0,0,141,5.0,49.35,1,0.5,1,0.5364191132743785
14326.0,166.85,8,2,83.425,8.0,0.0,0,142,4.0,17.0,1,0.5,1,0.6739866283939986
17574.0,185.64999999999998,0,1,185.64999999999998,0.0,0.0,0,150,0.0,0.0,0,0.0,1,0.6392729597354287
18239.0,1561.61,154,5,312.322,38.5,0.0,0,126,0.0,0.0,0,0.0,1,0.25732654945417344
17449.0,1494.5500000000002,265,4,373.63750000000005,88.33333333333333,0.0,0,2,0.0,0.0,0,0.0,0,0.3657958819843956
17739.0,1065.4699999999998,169,4,266.36749999999995,56.333333333333336,0.0,0,99,5.0,5.300000000000001,1,0.25,0,0.2490345518524033
13672.0,1.4210854715202004e-14,32,5,2.842170943040401e-15,8.0,0.0,0,209,57.0,186.39,2,0.4,1,0.5990409605274176
13109.0,364.90000000000003,23,2,182.45000000000002,23.0,0.0,0,42,1.0,4.95,1,0.5,0,0.40442073186459443
18203.0,160.42000000000002,0,1,160.42000000000002,0.0,0.0,0,65,0.0,0.0,0,0.0,1,0.5097780272086332
15916.0,830.2299999999999,175,6,138.37166666666664,35.0,0.0,0,99,2.0,18.3,1,0.16666666666666666,0,0.3333796252775398
12955.0,1800.06,175,9,200.00666666666666,21.875,0.0,0,0,22.0,22.9,3,0.3333333333333333,0,0.09597664840237355
17609.0,526.8899999999998,25,3,175.6299999999999,12.5,0.0,0,210,2.0,8.3,1,0.3333333333333333,0,0.5554892222690431
17064.0,461.30000000000007,145,2,230.65000000000003,145.0,0.0,0,90,0.0,0.0,0,0.0,0,0.3949431440024453
12673.0,220.9,0,1,220.9,0.0,0.0,0,234,0.0,0.0,0,0.0,0,0.66282288142732
13502.0,189.16,49,2,94.58,49.0,0.0,0,182,0.0,0.0,0,0.0,0,0.5894485762190489
14784.0,114.68,0,1,114.68,0.0,0.0,0,231,0.0,0.0,0,0.0,0,0.6441821327379685
17862.0,330.9,0,1,330.9,0.0,0.0,0,231,0.0,0.0,0,0.0,1,0.6837436164070981
13867.0,138.85000000000002,0,1,138.85000000000002,0.0,0.0,0,126,0.0,0.0,0,0.0,0,0.6138767157808152
17624.0,400.29999999999995,0,1,400.29999999999995,0.0,0.0,0,126,0.0,0.0,0,0.0,0,0.5964856195595543
16319.0,404.40000000000003,0,1,404.40000000000003,0.0,0.0,0,125,0.0,0.0,0,0.0,1,0.5944406471235969
15361.0,418.9200000000001,0,1,418.9200000000001,0.0,0.0,0,269,0.0,0.0,0,0.0,1,0.6823043112831465
14364.0,3717.3500000000004,103,8,464.66875000000005,14.714285714285714,0.0,0,16,0.0,0.0,0,0.0,1,0.16466781319835805
14367.0,5364.700000000001,139,12,447.0583333333334,12.636363636363637,0.0,0,45,25.0,83.75,2,0.16666666666666666,0,0.06506614109506755
14185.0,197.65,0,1,197.65,0.0,0.0,0,239,0.0,0.0,0,0.0,1,0.6544944477116159
12888.0,313.77,41,4,78.4425,13.666666666666666,0.0,0,122,8.0,40.349999999999994,2,0.5,1,0.46095157701161044
15384.0,635.7599999999999,203,3,211.91999999999996,101.5,0.0,0,77,3.0,6.65,1,0.3333333333333333,1,0.33225104778159015
14853.0,214.5,0,1,214.5,0.0,0.0,0,119,0.0,0.0,0,0.0,0,0.5985778213432618
14656.0,291.05000000000007,114,2,145.52500000000003,114.0,0.0,0,77,0.0,0.0,0,0.0,1,0.38703264065903936
16642.0,299.23,1,2,149.615,1.0,0.0,0,114,1.0,8.5,1,0.5,0,0.5744604132147054
13246.0,1860.9900000000002,154,5,372.19800000000004,38.5,0.0,0,84,0.0,0.0,0,0.0,0,0.2212001088530652
13242.0,270.4,101,3,90.13333333333333,50.5,0.0,0,20,0.0,0.0,0,0.0,1,0.27616664913997047
14772.0,139.26,0,1,139.26,0.0,0.0,0,20,0.0,0.0,0,0.0,1,0.42387915301717816
18196.0,689.1299999999999,195,2,344.56499999999994,195.0,0.0,0,3,0.0,0.0,0,0.0,1,0.41057554735068985
15453.0,712.8,95,4,178.2,31.666666666666668,0.0,0,0,0.0,0.0,0,0.0,0,0.22374137278119643
15550.0,433.28,195,3,144.42666666666665,97.5,0.0,0,14,0.0,0.0,0,0.0,0,0.33959039996919693
16247.0,114.56,0,1,114.56,0.0,0.0,0,78,0.0,0.0,0,0.0,1,0.5414356263546598
14883.0,358.48,48,2,179.24,48.0,0.0,0,71,0.0,0.0,0,0.0,0,0.4166827073577468
15729.0,62.0,14,2,31.0,14.0,0.0,0,106,4.0,23.0,1,0.5,1,0.6632247373378791
15376.0,989.0200000000002,105,2,494.5100000000001,105.0,0.0,0,25,0.0,0.0,0,0.0,0,0.2946355374248701
13210.0,353.47999999999996,0,1,353.47999999999996,0.0,0.0,0,1,0.0,0.0,0,0.0,1,0.34874389457527294
16765.0,34.0,0,1,34.0,0.0,0.0,0,202,0.0,0.0,0,0.0,1,0.6498686859600766
15464.0,1046.7500000000007,0,1,1046.7500000000007,0.0,0.0,0,246,0.0,0.0,0,0.0,1,0.7850501350079024
12434.0,245.3,111,3,81.76666666666667,55.5,0.0,0,157,21.0,40.949999999999996,2,0.6666666666666666,0,0.43588509185053986
15289.0,693.3000000000001,114,3,231.10000000000002,57.0,0.0,0,43,12.0,4.68,1,0.3333333333333333,0,0.27001778975588636
16518.0,187.3,14,2,93.65,14.0,0.0,0,178,2.0,3.4,1,0.5,0,0.685533273347998
16392.0,221.19000000000005,0,1,221.19000000000005,0.0,0.0,0,177,0.0,0.0,0,0.0,1,0.6613697255051205
13959.0,337.44,81,2,168.72,81.0,0.0,0,189,0.0,0.0,0,0.0,0,0.5012789241557248
16473.0,314.86,172,4,78.715,57.333333333333336,0.0,0,72,1.0,1.25,1,0.25,1,0.324966341499113
16573.0,282.37999999999994,8,2,141.18999999999997,8.0,0.0,0,190,5.0,10.25,1,0.5,0,0.6707511826683433
18077.0,1670.94,263,7,238.7057142857143,43.833333333333336,0.0,0,11,0.0,0.0,0,0.0,0,0.13230209459381434
14684.0,519.2600000000002,147,2,259.6300000000001,147.0,0.0,0,123,0.0,0.0,0,0.0,0,0.3858942913248132
18056.0,363.65,0,1,363.65,0.0,0.0,0,196,0.0,0.0,0,0.0,1,0.680760577138933
16072.0,584.3199999999999,0,1,584.3199999999999,0.0,0.0,0,196,0.0,0.0,0,0.0,1,0.6951500193568526
18269.0,138.89999999999998,8,2,69.44999999999999,8.0,0.0,0,266,6.0,29.700000000000003,1,0.5,1,0.6686156194439771
12551.0,168.0,0,1,168.0,0.0,0.0,0,265,0.0,0.0,0,0.0,1,0.6137738288745068
13124.0,2574.1200000000003,107,2,1287.0600000000002,107.0,0.0,0,160,0.0,0.0,0,0.0,0,0.5064797238536815
16162.0,37.4,0,1,37.4,0.0,0.0,0,160,0.0,0.0,0,0.0,1,0.6474058817090528
12929.0,105.10000000000001,189,2,52.550000000000004,189.0,0.0,0,30,1.0,12.75,1,0.5,1,0.813591347073207
15095.0,1364.7,100,5,272.94,25.0,0.0,0,11,2.0,5.9,1,0.2,1,0.15168074300058676
17490.0,286.45,4,2,143.225,4.0,0.0,0,80,5.0,18.75,1,0.5,0,0.5128470979254867
13121.0,254.7299999999999,0,2,127.36499999999995,0.0,0.0,0,177,25.0,29.0,1,0.5,1,0.6797879408453622
13439.0,283.71,0,1,283.71,0.0,0.0,0,163,0.0,0.0,0,0.0,1,0.6516246374937574
17040.0,449.7299999999999,0,1,449.7299999999999,0.0,0.0,0,45,0.0,0.0,0,0.0,1,0.4217360166369111
12353.0,89.0,0,1,89.0,0.0,0.0,0,112,0.0,0.0,0,0.0,1,0.5992220933505122
15312.0,791.0500000000001,251,4,197.76250000000002,83.66666666666667,0.0,0,11,3.0,3.75,1,0.25,0,0.25179397278771076
13369.0,263.75,11,2,131.875,11.0,0.0,0,262,22.0,44.53,1,0.5,1,0.6497639352534541
14257.0,2725.84,195,4,681.46,65.0,0.0,0,31,0.0,0.0,0,0.0,0,0.27432371207799605
16757.0,106.83,0,1,106.83,0.0,0.0,0,226,0.0,0.0,0,0.0,1,0.6468464171659467
12864.0,147.12,0,1,147.12,0.0,0.0,0,46,0.0,0.0,0,0.0,1,0.4743882402468475
13934.0,901.7999999999997,0,1,901.7999999999997,0.0,0.0,0,171,0.0,0.0,0,0.0,1,0.6650296229398219
17263.0,63.440000000000005,0,1,63.440000000000005,0.0,0.0,0,116,0.0,0.0,0,0.0,1,0.6068065098738945
16739.0,312.55000000000007,4,2,156.27500000000003,4.0,0.0,0,80,3.0,10.45,1,0.5,1,0.49807750364754483
14647.0,243.21999999999994,0,1,243.21999999999994,0.0,0.0,0,109,0.0,0.0,0,0.0,1,0.5799663842586767
13869.0,3090.249999999998,234,4,772.5624999999995,78.0,0.0,0,31,0.0,0.0,0,0.0,1,0.3023026893607535
16113.0,161.38,0,1,161.38,0.0,0.0,0,91,0.0,0.0,0,0.0,1,0.5580972018633646
13492.0,1269.8399999999997,78,3,423.2799999999999,39.0,0.0,0,44,0.0,0.0,0,0.0,1,0.2981784697368049
12908.0,360.0,136,3,120.0,68.0,0.0,0,84,600.0,390.0,1,0.3333333333333333,0,0.026702483585043815
18233.0,440.0,0,1,440.0,0.0,0.0,0,233,0.0,0.0,0,0.0,1,0.7010421716399804
16863.0,162.8,6,2,81.4,6.0,0.0,0,268,1.0,1.45,1,0.5,0,0.6615797375130343
15970.0,314.1,0,1,314.1,0.0,0.0,0,211,0.0,0.0,0,0.0,1,0.6817870772337303
16094.0,215.69999999999993,124,3,71.89999999999998,62.0,0.0,0,121,14.0,36.4,2,0.6666666666666666,0,0.4931332897526391
17698.0,154.95000000000002,0,1,154.95000000000002,0.0,0.0,0,168,0.0,0.0,0,0.0,1,0.6537815444485019
12556.0,312.89999999999986,0,1,312.89999999999986,0.0,0.0,0,59,0.0,0.0,0,0.0,0,0.4730429658678395
12358.0,484.85999999999996,0,1,484.85999999999996,0.0,0.0,0,58,0.0,0.0,0,0.0,0,0.44510242209906037
17405.0,393.3100000000002,0,1,393.3100000000002,0.0,0.0,0,58,0.0,0.0,0,0.0,0,0.45851497853562395
14552.0,165.07000000000005,0,1,165.07000000000005,0.0,0.0,0,59,0.0,0.0,0,0.0,1,0.49718768459669027
12651.0,114.00000000000003,0,1,114.00000000000003,0.0,0.0,0,242,0.0,0.0,0,0.0,1,0.6324977735819198
14889.0,135.9,0,1,135.9,0.0,0.0,0,244,0.0,0.0,0,0.0,1,0.6353872923336646
14536.0,171.8,0,1,171.8,0.0,0.0,0,167,0.0,0.0,0,0.0,1,0.6534980131409268
12865.0,961.2199999999996,236,2,480.6099999999998,236.0,0.0,0,31,48.0,20.16,1,0.5,0,0.004155963308903733
12797.0,194.18,5,3,64.72666666666667,2.5,0.0,0,268,39.0,59.85,1,0.3333333333333333,1,0.668773021905371
15028.0,185.97,0,1,185.97,0.0,0.0,0,276,0.0,0.0,0,0.0,0,0.5990779359668557
16205.0,105.75,0,1,105.75,0.0,0.0,0,87,0.0,0.0,0,0.0,0,0.5585072417575065
13589.0,144.1,0,1,144.1,0.0,0.0,0,87,0.0,0.0,0,0.0,0,0.5533207042378788
14050.0,485.98,0,1,485.98,0.0,0.0,0,14,0.0,0.0,0,0.0,0,0.3527342528137336
13379.0,136.29,0,1,136.29,0.0,0.0,0,44,0.0,0.0,0,0.0,0,0.47237630942013986
13270.0,590.0,0,1,590.0,0.0,0.0,0,274,0.0,0.0,0,0.0,1,0.7224333115236864
14437.0,63.0,0,1,63.0,0.0,0.0,0,273,0.0,0.0,0,0.0,1,0.560176233695029
14932.0,363.53,0,1,363.53,0.0,0.0,0,273,0.0,0.0,0,0.0,1,0.6624850944710408
14340.0,134.7,0,1,134.7,0.0,0.0,0,126,0.0,0.0,0,0.0,1,0.6141499171066167
13711.0,252.06000000000003,0,2,126.03000000000002,0.0,0.0,0,126,0.0,0.0,0,0.0,1,0.6587155280700425
14821.0,48.800000000000004,0,1,48.800000000000004,0.0,0.0,0,274,0.0,0.0,0,0.0,1,0.5521660814477918
18281.0,80.82,0,1,80.82,0.0,0.0,0,88,0.0,0.0,0,0.0,1,0.5635680109826653
12515.0,383.7,0,1,383.7,0.0,0.0,0,261,0.0,0.0,0,0.0,1,0.6798617871266976
14462.0,1499.93,219,11,136.35727272727274,21.9,0.0,0,28,29.0,29.17,2,0.18181818181818182,0,0.11266037311572404
15561.0,371.81999999999994,119,4,92.95499999999998,39.666666666666664,0.0,0,4,11.0,77.85000000000001,1,0.25,0,0.1979283856602805
12678.0,8216.86,253,10,821.686,28.11111111111111,0.0,0,8,12.0,15.0,1,0.1,0,0.05136521185343369
14502.0,1077.7599999999998,164,9,119.75111111111109,20.5,0.0,0,57,11.0,98.25,2,0.2222222222222222,0,0.2606144420679128
15125.0,10634.449999999999,157,18,590.8027777777777,9.235294117647058,0.0,0,21,90.0,161.03,6,0.3333333333333333,0,0.0018380628470074927
18236.0,641.19,111,4,160.2975,37.0,0.0,0,37,0.0,0.0,0,0.0,0,0.28740944067125934
13078.0,6742.569999999999,266,27,249.72481481481478,10.23076923076923,0.0,0,8,35.0,144.57999999999998,10,0.37037037037037035,0,0.0005703608524278368
17652.0,2694.330000000001,174,9,299.3700000000001,21.75,0.0,0,15,17.0,19.240000000000002,3,0.3333333333333333,0,0.09061650122035103
17863.0,1785.2799999999997,224,4,446.31999999999994,74.66666666666667,0.0,0,53,0.0,0.0,0,0.0,0,0.275692560843509
16657.0,446.1100000000001,106,2,223.05500000000006,106.0,0.0,0,56,0.0,0.0,0,0.0,0,0.3606706563617376
17389.0,8987.880000000003,244,33,272.36000000000007,7.625,0.0,0,3,170.0,516.2,8,0.24242424242424243,0,4.909756032362876e-06
14038.0,1080.52,63,3,360.17333333333335,31.5,0.0,0,52,2.0,5.9,1,0.3333333333333333,0,0.24157181815633427
13654.0,1704.0699999999997,128,4,426.0174999999999,42.666666666666664,0.0,0,53,0.0,0.0,0,0.0,0,0.25279902377932895
12589.0,131.5,0,1,131.5,0.0,0.0,0,52,0.0,0.0,0,0.0,0,0.4891645727128175
13821.0,385.63999999999993,117,2,192.81999999999996,117.0,0.0,0,52,0.0,0.0,0,0.0,1,0.36045016144961506
12471.0,10287.6,280,33,311.74545454545455,8.75,0.0,0,0,160.0,798.8,15,0.45454545454545453,0,3.808331756171071e-07
14404.0,1307.92,261,6,217.98666666666668,52.2,0.0,0,16,8.0,39.6,1,0.16666666666666666,0,0.15260852727927443
12747.0,2769.3999999999996,260,8,346.17499999999995,37.142857142857146,0.0,0,17,0.0,0.0,0,0.0,0,0.11192065586493752
15808.0,3720.120000000001,63,5,744.0240000000001,15.75,0.0,0,214,2.0,10.2,1,0.2,1,0.06346223075161106
16098.0,1712.49,245,6,285.415,49.0,0.0,0,36,0.0,0.0,0,0.0,0,0.1968730773457053
13468.0,4705.95,281,31,151.80483870967743,9.366666666666667,0.0,0,0,5.0,18.37,2,0.06451612903225806,0,4.201090072534045e-05
17920.0,2394.920000000001,268,9,266.10222222222234,33.5,0.0,0,13,0.0,0.0,0,0.0,0,0.08249949083338697
16385.0,274.85,208,2,137.425,208.0,0.0,0,66,0.0,0.0,0,0.0,0,0.48297213286652063
14156.0,96064.89,279,46,2088.3671739130436,6.2,0.0,0,1,775.0,2706.25,4,0.08695652173913043,0,1.2765581586603923e-14
17516.0,608.8500000000001,166,4,152.21250000000003,55.333333333333336,0.0,0,27,0.0,0.0,0,0.0,0,0.2702461330530373
15547.0,2770.71,252,8,346.33875,36.0,0.0,0,18,0.0,0.0,0,0.0,0,0.11541412616063272
17894.0,982.0300000000001,270,7,140.29000000000002,45.0,0.0,0,4,0.0,0.0,0,0.0,0,0.10649085343698593
16667.0,203.35000000000002,0,1,203.35000000000002,0.0,0.0,0,192,0.0,0.0,0,0.0,0,0.6669512017473147
14616.0,406.08000000000004,75,3,135.36,37.5,0.0,0,150,0.0,0.0,0,0.0,1,0.5275139242857664
13675.0,486.82,133,2,243.41,133.0,0.0,0,59,0.0,0.0,0,0.0,1,0.37603583137725277
13715.0,1053.94,91,8,131.7425,13.0,0.0,0,189,8.0,25.4,3,0.375,1,0.5280902926137921
12484.0,3614.05,236,5,722.8100000000001,59.0,0.0,0,8,5.0,36.5,1,0.2,0,0.17241885633148843
16770.0,631.2800000000001,136,5,126.25600000000001,34.0,0.0,0,144,12.0,25.200000000000003,1,0.2,0,0.38891280514059656
12413.0,499.95000000000005,101,4,124.98750000000001,33.666666666666664,0.0,0,144,4.0,63.95,2,0.5,0,0.377471986923975
15172.0,886.74,101,3,295.58,50.5,0.0,0,43,0.0,0.0,0,0.0,0,0.30709346858272063
12656.0,2760.7200000000003,126,5,552.144,31.5,0.0,0,24,13.0,59.949999999999996,2,0.4,0,0.08194580366204829
15140.0,1723.8600000000001,149,6,287.31,29.8,0.0,0,23,5.0,4.25,1,0.16666666666666666,0,0.14130525418699472
14057.0,4741.42,260,14,338.67285714285714,20.0,0.0,0,8,168.0,70.56,1,0.07142857142857142,0,0.014967234986748203
13743.0,910.6699999999998,152,6,151.7783333333333,30.4,0.0,0,15,1.0,1.45,1,0.16666666666666666,0,0.14869379404180483
17651.0,1114.5600000000002,34,6,185.76000000000002,6.8,0.0,0,51,7.0,33.45,2,0.3333333333333333,0,0.2539928676683251
18282.0,98.75999999999999,4,2,49.379999999999995,4.0,0.0,0,30,5.0,1.45,1,0.5,0,0.5052409811961415
13984.0,386.85,240,5,77.37,60.0,0.0,0,34,408.0,432.48,1,0.2,0,0.013458436249384116
13167.0,417.55000000000007,13,2,208.77500000000003,13.0,0.0,0,38,0.0,0.0,0,0.0,0,0.40020925857521317
16764.0,782.5500000000002,44,4,195.63750000000005,14.666666666666666,0.0,0,7,0.0,0.0,0,0.0,0,0.26934290304914055
17457.0,1737.6999999999998,213,5,347.53999999999996,53.25,0.0,0,34,0.0,0.0,0,0.0,1,0.23343675056465954
17954.0,1852.8599999999997,248,14,132.34714285714284,19.076923076923077,0.0,0,31,5.0,37.349999999999994,4,0.2857142857142857,0,0.19505340817276348
14298.0,41099.40999999998,261,37,1110.7948648648644,7.25,0.0,0,7,0.0,0.0,0,0.0,0,5.2250289675053485e-05
17507.0,605.5799999999999,48,2,302.78999999999996,48.0,0.0,0,169,0.0,0.0,0,0.0,1,0.5964692158597279
14657.0,610.0899999999999,171,4,152.52249999999998,57.0,0.0,0,63,1.0,9.95,1,0.25,0,0.27999656399913764
13013.0,3662.1400000000012,279,11,332.9218181818183,27.9,0.0,0,0,7.0,23.95,2,0.18181818181818182,0,0.035995510629118925
12583.0,4214.21,267,10,421.421,29.666666666666668,0.0,0,14,1.0,18.0,1,0.1,0,0.05168713528010857
16091.0,315.06,44,2,157.53,44.0,0.0,0,62,0.0,0.0,0,0.0,1,0.40245750726083085
13198.0,2985.6300000000006,241,6,497.6050000000001,48.2,0.0,0,28,1.0,10.95,1,0.16666666666666666,0,0.13713273614567575
17705.0,925.5999999999999,201,7,132.22857142857143,33.5,0.0,0,8,6.0,42.400000000000006,1,0.14285714285714285,0,0.11045576633795526
14217.0,1161.6799999999998,267,13,89.35999999999999,22.25,0.0,0,7,8.0,49.82000000000001,3,0.23076923076923078,0,0.05198859359715059
15673.0,2104.3900000000012,171,3,701.4633333333337,85.5,0.0,0,64,0.0,0.0,0,0.0,0,0.28474150390602776
14730.0,904.2099999999999,169,5,180.84199999999998,42.25,0.0,0,15,0.0,0.0,0,0.0,0,0.2156024507034265
18044.0,1105.53,194,7,157.93285714285713,32.333333333333336,0.0,0,74,0.0,0.0,0,0.0,0,0.35351093163404923
12792.0,400.53999999999996,0,1,400.53999999999996,0.0,0.0,0,164,0.0,0.0,0,0.0,1,0.653312978123744
17931.0,408.36,121,2,204.18,121.0,0.0,0,42,0.0,0.0,0,0.0,1,0.35057822422557205
16955.0,493.66999999999996,189,5,98.734,47.25,0.0,0,92,20.0,25.0,1,0.2,1,0.33629300636264625
18085.0,689.95,43,2,344.975,43.0,0.0,0,238,0.0,0.0,0,0.0,1,0.6411429041312384
12868.0,1594.46,188,6,265.74333333333334,37.6,0.0,0,93,0.0,0.0,0,0.0,1,0.26741389814038463
14708.0,671.48,214,3,223.82666666666668,107.0,0.0,0,62,6.0,29.700000000000003,1,0.3333333333333333,0,0.2935995426472708
16877.0,188.98000000000005,56,2,94.49000000000002,56.0,0.0,0,60,0.0,0.0,0,0.0,0,0.38262473825769006
13939.0,378.40999999999997,203,3,126.13666666666666,101.5,0.0,0,16,4.0,11.8,1,0.3333333333333333,0,0.29403843191050877
14329.0,3443.7799999999997,221,8,430.47249999999997,31.571428571428573,0.0,0,16,12.0,41.25,4,0.5,0,0.09949765359940706
16308.0,1600.0,154,3,533.3333333333334,77.0,0.0,0,15,0.0,0.0,0,0.0,0,0.3220546468163738
15646.0,422.24,215,4,105.56,71.66666666666667,0.0,0,65,6.0,22.5,1,0.25,1,0.3095778118806304
17464.0,289.96000000000004,0,1,289.96000000000004,0.0,0.0,0,66,0.0,0.0,0,0.0,1,0.4913155859762367
17048.0,864.3199999999999,216,6,144.0533333333333,43.2,0.0,0,23,11.0,61.03,3,0.5,1,0.4051477238319813
15861.0,1127.8999999999999,133,3,375.96666666666664,66.5,0.0,0,42,0.0,0.0,0,0.0,0,0.3110631069193404
14066.0,152.55,0,1,152.55,0.0,0.0,0,174,0.0,0.0,0,0.0,1,0.6570625849957984
14755.0,2822.78,222,8,352.8475,31.714285714285715,0.0,0,20,2.0,44.900000000000006,1,0.125,0,0.09293628370162897
17047.0,749.4300000000001,0,2,374.71500000000003,0.0,0.0,0,113,0.0,0.0,0,0.0,0,0.5611076372354625
15116.0,790.97,70,2,395.485,70.0,0.0,0,42,0.0,0.0,0,0.0,0,0.33356739459200585
17114.0,542.19,196,8,67.77375,28.0,0.0,0,46,9.0,61.4,2,0.25,0,0.2788144117277678
13548.0,682.4099999999999,147,2,341.2049999999999,147.0,0.0,0,4,0.0,0.0,0,0.0,1,0.3179291109232413
12613.0,1462.5200000000004,65,4,365.6300000000001,21.666666666666668,0.0,0,105,0.0,0.0,0,0.0,0,0.36130845382321425
15866.0,228.42999999999995,0,1,228.42999999999995,0.0,0.0,0,9,0.0,0.0,0,0.0,1,0.3853463902915019
13475.0,1431.7800000000002,107,4,357.94500000000005,35.666666666666664,0.0,0,99,0.0,0.0,0,0.0,1,0.2956133806937208
13239.0,329.56,0,1,329.56,0.0,0.0,0,169,0.0,0.0,0,0.0,1,0.6580689218700154
14461.0,2102.25,113,3,700.75,56.5,0.0,0,56,0.0,0.0,0,0.0,1,0.2707717829265693
17930.0,694.14,77,2,347.07,77.0,0.0,0,70,0.0,0.0,0,0.0,0,0.3912270607409062
13952.0,3158.2909999999997,27,3,1052.7636666666665,13.5,0.0,0,119,6.0,4.9799999999999995,1,0.3333333333333333,1,0.10789880868796269
17937.0,3614.52,248,5,722.904,62.0,0.0,0,22,0.0,0.0,0,0.0,0,0.2589703436994482
12993.0,372.40000000000003,178,3,124.13333333333334,89.0,0.0,0,28,0.0,0.0,0,0.0,0,0.33650493814084487
16255.0,2163.78,270,9,240.42000000000002,33.75,0.0,0,3,7.0,10.61,2,0.2222222222222222,0,0.08564584721441122
13875.0,1424.8,168,4,356.2,56.0,0.0,0,41,0.0,0.0,0,0.0,0,0.2715324023685921
18081.0,208.05,21,2,104.025,21.0,0.0,0,20,0.0,0.0,0,0.0,0,0.3527427706606005
13388.0,627.15,10,3,209.04999999999998,5.0,0.0,0,29,1.0,49.95,1,0.3333333333333333,1,0.3203608190639905
13414.0,1390.5,163,3,463.5,81.5,0.0,0,41,0.0,0.0,0,0.0,1,0.32902449881250867
14744.0,916.5799999999999,85,7,130.94,14.166666666666666,0.0,0,189,2.0,11.45,2,0.2857142857142857,0,0.5658750193912745
17175.0,1119.8799999999999,159,4,279.96999999999997,53.0,0.0,0,45,1.0,12.75,1,0.25,0,0.21824417265474857
16126.0,3706.7,195,3,1235.5666666666666,97.5,0.0,0,9,0.0,0.0,0,0.0,0,0.3955005076937022
17190.0,0.0,21,2,0.0,21.0,0.0,0,94,1.0,195.0,1,0.5,0,0.6794629788398232
12380.0,607.5500000000001,0,1,607.5500000000001,0.0,0.0,0,93,0.0,0.0,0,0.0,0,0.5094100158720061
16716.0,319.8000000000001,45,3,106.60000000000004,22.5,0.0,0,174,76.0,581.4,1,0.3333333333333333,1,0.654139378070316
14513.0,438.49000000000007,188,4,109.62250000000002,62.666666666666664,0.0,0,8,6.0,17.1,1,0.25,1,0.20712999442372843
13956.0,680.27,133,3,226.75666666666666,66.5,0.0,0,46,0.0,0.0,0,0.0,0,0.3234856714889295
13055.0,344.85999999999996,0,1,344.85999999999996,0.0,0.0,0,121,0.0,0.0,0,0.0,0,0.591728321524753
18242.0,694.0799999999999,17,2,347.03999999999996,17.0,0.0,0,104,0.0,0.0,0,0.0,0,0.5242714465863777
15594.0,783.9699999999998,141,3,261.32333333333327,70.5,0.0,0,1,1.0,4.25,1,0.3333333333333333,0,0.22724687330361557
13184.0,1450.94,160,11,131.90363636363637,16.0,0.0,0,38,30.0,52.5,2,0.18181818181818182,0,0.15545506373275597
14662.0,524.8600000000001,82,3,174.95333333333338,41.0,0.0,0,142,0.0,0.0,0,0.0,0,0.48334733344295255
16571.0,832.48,124,3,277.49333333333334,62.0,0.0,0,65,36.0,37.96,1,0.3333333333333333,0,0.26101821947366016
13225.0,3918.76,218,6,653.1266666666667,43.6,0.0,0,51,64.0,380.8,1,0.16666666666666666,0,0.04877752042658851
16386.0,61.10000000000001,0,1,61.10000000000001,0.0,0.0,0,161,0.0,0.0,0,0.0,0,0.6481636649263117
17709.0,137.45,0,1,137.45,0.0,0.0,0,77,0.0,0.0,0,0.0,1,0.5361949872524905
17630.0,503.5999999999999,63,2,251.79999999999995,63.0,0.0,0,77,0.0,0.0,0,0.0,1,0.41317520926121204
14443.0,972.2,234,6,162.03333333333333,46.8,0.0,0,46,7.0,19.32,2,0.3333333333333333,0,0.32651521374200065
12820.0,170.46000000000004,0,1,170.46000000000004,0.0,0.0,0,234,0.0,0.0,0,0.0,0,0.6528872038959307
12625.0,2614.3199999999997,108,3,871.4399999999999,54.0,0.0,0,119,35.0,69.49999999999999,1,0.3333333333333333,1,0.1378748965367098
12683.0,6434.97,273,16,402.185625,18.2,0.0,0,0,62.0,187.21999999999997,4,0.25,0,0.005637226974238519
12394.0,381.08,0,1,381.08,0.0,0.0,0,125,0.0,0.0,0,0.0,0,0.5960406486764867
12787.0,158.1,0,1,158.1,0.0,0.0,0,100,0.0,0.0,0,0.0,0,0.5738405335347648
15163.0,155.00000000000003,0,1,155.00000000000003,0.0,0.0,0,100,0.0,0.0,0,0.0,0,0.5741919760789362
17524.0,145.0,0,1,145.0,0.0,0.0,0,269,0.0,0.0,0,0.0,1,0.5987512441194262
12674.0,946.8,45,3,315.59999999999997,22.5,0.0,0,70,24.0,30.0,1,0.3333333333333333,0,0.3046782887635408
18237.0,566.59,15,2,283.295,15.0,0.0,0,27,0.0,0.0,0,0.0,0,0.35934636690113625
17649.0,861.74,4,2,430.87,4.0,0.0,0,42,1.0,6.75,1,0.5,1,0.16861670503400292
16951.0,1257.7100000000007,181,4,314.4275000000002,60.333333333333336,0.0,0,31,12.0,15.0,1,0.25,1,0.20218023977418545
16306.0,591.4499999999999,154,7,84.49285714285713,25.666666666666668,0.0,0,121,4.0,10.2,1,0.14285714285714285,1,0.5465856861668575
16043.0,671.45,106,3,223.8166666666667,53.0,0.0,0,119,0.0,0.0,0,0.0,0,0.40489069715148346
13601.0,373.2,0,1,373.2,0.0,0.0,0,119,0.0,0.0,0,0.0,0,0.5860215192929572
12412.0,890.74,32,2,445.37,32.0,0.0,0,45,0.0,0.0,0,0.0,0,0.3590085713503821
16496.0,1142.7,125,3,380.90000000000003,62.5,0.0,0,99,20.0,37.3,1,0.3333333333333333,0,0.26107853864080904
16080.0,89.70000000000002,11,2,44.85000000000001,11.0,0.0,0,171,24.0,40.56,1,0.5,0,0.7277074941523444
14731.0,251.01999999999992,7,2,125.50999999999996,7.0,0.0,0,113,0.0,0.0,0,0.0,0,0.6115759801738763
16330.0,39.260000000000005,2,3,13.086666666666668,1.0,0.0,0,18,2.0,9.7,1,0.3333333333333333,0,0.45937121603717995
14500.0,335.85,77,2,167.925,77.0,0.0,0,20,0.0,0.0,0,0.0,0,0.29036016676297804
16400.0,303.93,0,1,303.93,0.0,0.0,0,2,0.0,0.0,0,0.0,1,0.35877145979082464
18155.0,242.76,126,3,80.92,63.0,0.0,0,73,8.0,23.799999999999997,1,0.3333333333333333,0,0.3516376010046063
16114.0,123.15000000000002,0,1,123.15000000000002,0.0,0.0,0,78,0.0,0.0,0,0.0,1,0.5401568301137392
16229.0,358.20000000000005,0,1,358.20000000000005,0.0,0.0,0,120,0.0,0.0,0,0.0,0,0.588968398811218
13452.0,590.0,11,2,295.0,11.0,0.0,0,167,0.0,0.0,0,0.0,1,0.6599762623892835
16227.0,308.32000000000005,6,2,154.16000000000003,6.0,0.0,0,127,2.0,5.9,1,0.5,1,0.5931518372019229
15143.0,259.45,0,1,259.45,0.0,0.0,0,133,0.0,0.0,0,0.0,1,0.6160986504939571
14022.0,434.96,0,1,434.96,0.0,0.0,0,133,0.0,0.0,0,0.0,1,0.606577408300382
15210.0,331.18,0,1,331.18,0.0,0.0,0,133,0.0,0.0,0,0.0,1,0.6122419069252982
17718.0,139.35,0,1,139.35,0.0,0.0,0,140,0.0,0.0,0,0.0,1,0.6302507353719707
12547.0,207.8,83,2,103.9,83.0,0.0,0,105,0.0,0.0,0,0.0,1,0.4332784400245517
16824.0,222.9,0,1,222.9,0.0,0.0,0,72,0.0,0.0,0,0.0,0,0.5137495187370287
15510.0,250.0,0,1,250.0,0.0,0.0,0,238,0.0,0.0,0,0.0,1,0.6660479176501942
15192.0,1044.32,246,3,348.1066666666666,123.0,0.0,0,27,0.0,0.0,0,0.0,1,0.450694825149858
14829.0,493.73,188,5,98.74600000000001,47.0,0.0,0,92,26.0,37.9,2,0.4,0,0.4414892462624798
16358.0,459.6000000000001,2,2,229.80000000000004,2.0,0.0,0,90,1.0,2.55,1,0.5,0,0.43965873486152635
16441.0,211.0,0,1,211.0,0.0,0.0,0,199,0.0,0.0,0,0.0,0,0.6691013515137253
14520.0,165.0,0,1,165.0,0.0,0.0,0,198,0.0,0.0,0,0.0,0,0.6646336582834093
12733.0,379.75000000000006,0,1,379.75000000000006,0.0,0.0,0,142,0.0,0.0,0,0.0,1,0.6237292166458562
12707.0,603.42,0,1,603.42,0.0,0.0,0,199,0.0,0.0,0,0.0,1,0.6993915496935327
17820.0,-24.05,168,2,-12.025,168.0,0.0,0,99,5.0,24.05,2,1.0,1,0.9881804769843888
12510.0,982.57,183,2,491.285,183.0,0.0,0,50,0.0,0.0,0,0.0,1,0.31690656727970606
13994.0,419.55999999999995,43,2,209.77999999999997,43.0,0.0,0,13,0.0,0.0,0,0.0,0,0.29196904151546565
14866.0,1163.9,261,4,290.975,87.0,0.0,0,13,0.0,0.0,0,0.0,0,0.33725492745309754
12624.0,631.05,71,2,315.525,71.0,0.0,0,14,0.0,0.0,0,0.0,1,0.27732344226952904
18016.0,488.76,178,3,162.92,89.0,0.0,0,94,0.0,0.0,0,0.0,0,0.3988587592672
16124.0,187.15,1,2,93.575,1.0,0.0,0,224,7.0,61.849999999999994,1,0.5,1,0.7180686735469463
12501.0,2089.6799999999994,21,2,1044.8399999999997,21.0,0.0,0,223,61.0,79.71000000000001,1,0.5,1,0.3137278794174691
14413.0,122.7,0,1,122.7,0.0,0.0,0,270,0.0,0.0,0,0.0,1,0.588966922796983
16665.0,135.4,0,1,135.4,0.0,0.0,0,270,0.0,0.0,0,0.0,1,0.5934192587660669
17034.0,141.79999999999998,0,1,141.79999999999998,0.0,0.0,0,195,0.0,0.0,0,0.0,0,0.6623157306700616
15031.0,261.78999999999996,172,2,130.89499999999998,172.0,0.0,0,18,0.0,0.0,0,0.0,0,0.4533796376443996
17412.0,709.82,176,4,177.455,58.666666666666664,0.0,0,104,0.0,0.0,0,0.0,0,0.36126325765590483
14948.0,639.2299999999998,121,4,159.80749999999995,40.333333333333336,0.0,0,6,0.0,0.0,0,0.0,0,0.2283533714313025
13841.0,85.0,0,1,85.0,0.0,0.0,0,160,0.0,0.0,0,0.0,1,0.6478242382733745
13919.0,213.14999999999998,0,1,213.14999999999998,0.0,0.0,0,29,0.0,0.0,0,0.0,0,0.42778901897504973
17866.0,325.7,0,2,162.85,0.0,0.0,0,50,1.0,3.95,1,0.5,1,0.4187390312058885
13983.0,1681.0600000000004,179,8,210.13250000000005,25.571428571428573,0.0,0,95,0.0,0.0,0,0.0,0,0.4285946451677406
16320.0,1003.4200000000003,41,2,501.71000000000015,41.0,0.0,0,80,0.0,0.0,0,0.0,1,0.4303338563459039
16526.0,290.35999999999996,0,1,290.35999999999996,0.0,0.0,0,79,0.0,0.0,0,0.0,1,0.5180176009535747
15793.0,306.64,0,1,306.64,0.0,0.0,0,176,0.0,0.0,0,0.0,0,0.6637836983239195
16519.0,103.7,0,1,103.7,0.0,0.0,0,273,0.0,0.0,0,0.0,0,0.5754733762094462
15211.0,383.0700000000001,0,1,383.0700000000001,0.0,0.0,0,273,0.0,0.0,0,0.0,0,0.6682562760468378
16795.0,414.88,0,1,414.88,0.0,0.0,0,273,0.0,0.0,0,0.0,1,0.6774200396322821
17547.0,-11.8,0,1,-11.8,0.0,0.0,0,280,4.0,11.8,1,1.0,1,0.5019601969196902
17967.0,123.07000000000002,0,1,123.07000000000002,0.0,0.0,0,279,0.0,0.0,0,0.0,1,0.5686033865523672
16706.0,409.45000000000005,16,2,204.72500000000002,16.0,0.0,0,6,0.0,0.0,0,0.0,0,0.32221465343160094
16674.0,122.20000000000003,0,1,122.20000000000003,0.0,0.0,0,6,0.0,0.0,0,0.0,0,0.4000871427608733
16027.0,776.22,165,5,155.244,41.25,0.0,0,45,0.0,0.0,0,0.0,0,0.27665425315859654
13837.0,271.24,106,2,135.62,106.0,0.0,0,119,0.0,0.0,0,0.0,1,0.42341790709559707
15408.0,267.17999999999995,0,1,267.17999999999995,0.0,0.0,0,172,0.0,0.0,0,0.0,1,0.6593902425642753
13099.0,207.35999999999999,0,1,207.35999999999999,0.0,0.0,0,7,0.0,0.0,0,0.0,1,0.3854312437644347
17979.0,484.64000000000004,91,4,121.16000000000001,30.333333333333332,0.0,0,76,2.0,19.9,1,0.25,0,0.31931676283506594
17704.0,885.19,71,2,442.595,71.0,0.0,0,76,0.0,0.0,0,0.0,1,0.4076187440867553
18189.0,609.8,4,2,304.9,4.0,0.0,0,171,2.0,5.9,1,0.5,0,0.5265055088069458
16135.0,517.5499999999998,0,1,517.5499999999998,0.0,0.0,0,170,0.0,0.0,0,0.0,1,0.6618295129854039
17715.0,326.4,0,1,326.4,0.0,0.0,0,108,0.0,0.0,0,0.0,1,0.5701293619866221
15117.0,675.7299999999999,95,2,337.86499999999995,95.0,0.0,0,28,0.0,0.0,0,0.0,0,0.30684462803030105
16007.0,733.45,35,2,366.725,35.0,0.0,0,88,0.0,0.0,0,0.0,0,0.46303603522015674
13642.0,354.7999999999999,0,1,354.7999999999999,0.0,0.0,0,123,0.0,0.0,0,0.0,1,0.594435409020033
13637.0,683.5999999999999,39,2,341.79999999999995,39.0,0.0,0,95,0.0,0.0,0,0.0,0,0.4765578511610679
16823.0,358.37999999999994,0,1,358.37999999999994,0.0,0.0,0,135,0.0,0.0,0,0.0,1,0.6139248138130208
13856.0,363.4,35,5,72.67999999999999,8.75,0.0,0,76,10.0,25.1,1,0.2,1,0.4168653306349714
15252.0,300.55,0,1,300.55,0.0,0.0,0,91,0.0,0.0,0,0.0,0,0.5406252148622717
13482.0,184.64,0,1,184.64,0.0,0.0,0,140,0.0,0.0,0,0.0,1,0.6285298831200227
14660.0,128.95,0,1,128.95,0.0,0.0,0,8,0.0,0.0,0,0.0,0,0.4025545419272754
17777.0,194.70000000000005,0,1,194.70000000000005,0.0,0.0,0,8,0.0,0.0,0,0.0,0,0.38973035242325527
15374.0,168.0,0,1,168.0,0.0,0.0,0,36,0.0,0.0,0,0.0,1,0.45036561406657827
16805.0,460.59,187,2,230.295,187.0,0.0,0,81,0.0,0.0,0,0.0,1,0.39853817605380343
16275.0,559.8699999999999,0,1,559.8699999999999,0.0,0.0,0,104,0.0,0.0,0,0.0,1,0.5392039324010194
14293.0,735.0899999999999,221,3,245.02999999999997,110.5,0.0,0,55,0.0,0.0,0,0.0,0,0.41669882603749575
12815.0,1063.4599999999998,51,2,531.7299999999999,51.0,0.0,0,55,0.0,0.0,0,0.0,1,0.3660661464489234
15843.0,118.95,0,1,118.95,0.0,0.0,0,211,0.0,0.0,0,0.0,1,0.6573292638466711
17250.0,162.65000000000003,0,1,162.65000000000003,0.0,0.0,0,169,0.0,0.0,0,0.0,0,0.6545826673679946
13778.0,178.7,0,1,178.7,0.0,0.0,0,11,0.0,0.0,0,0.0,1,0.39856661611296784
14439.0,2661.24,0,1,2661.24,0.0,0.0,0,227,0.0,0.0,0,0.0,1,0.7925737467059181
14795.0,131.45,0,1,131.45,0.0,0.0,0,74,0.0,0.0,0,0.0,1,0.5315482522978829
16850.0,332.40999999999997,0,1,332.40999999999997,0.0,0.0,0,241,0.0,0.0,0,0.0,1,0.6807376350109522
13950.0,179.31,0,1,179.31,0.0,0.0,0,154,0.0,0.0,0,0.0,0,0.6431858811563005
14627.0,-21.849999999999998,0,1,-21.849999999999998,0.0,0.0,0,219,5.0,21.849999999999998,1,1.0,1,0.4457030047463921
12514.0,1017.6800000000002,0,1,1017.6800000000002,0.0,0.0,0,175,0.0,0.0,0,0.0,1,0.6730256530025872
15618.0,419.04100000000005,44,3,139.68033333333335,22.0,0.0,0,0,0.0,0.0,0,0.0,0,0.2694728664865012
15244.0,297.94,0,1,297.94,0.0,0.0,0,156,0.0,0.0,0,0.0,0,0.6441859972692011
17941.0,304.56,0,1,304.56,0.0,0.0,0,38,0.0,0.0,0,0.0,1,0.4301153726008639
17955.0,557.3,21,4,139.325,7.0,0.0,0,106,0.0,0.0,0,0.0,1,0.6306052836236461
16448.0,188.89,0,1,188.89,0.0,0.0,0,106,0.0,0.0,0,0.0,1,0.5803865343119142
15945.0,181.0,0,1,181.0,0.0,0.0,0,273,0.0,0.0,0,0.0,1,0.6033264613271122
14697.0,188.60999999999996,0,2,94.30499999999998,0.0,0.0,0,126,0.0,0.0,0,0.0,1,0.6675559248870369
15638.0,-94.0,0,1,-94.0,0.0,0.0,0,209,52.0,94.0,1,1.0,1,0.6242837636155767
12561.0,238.85,0,1,238.85,0.0,0.0,0,210,0.0,0.0,0,0.0,1,0.6728906586230068
13725.0,1828.1,139,9,203.1222222222222,17.375,0.0,0,77,8.0,37.6,2,0.2222222222222222,0,0.2612386951701361
13309.0,546.64,102,2,273.32,102.0,0.0,0,114,0.0,0.0,0,0.0,0,0.44169404221748965
,894216.4000000127,0,0,0.0,0.0,0.0,0,0,0.0,0.0,0,0.0,1,0.9999999950677647
15723.0,203.1,0,1,203.1,0.0,0.0,0,272,0.0,0.0,0,0.0,1,0.6128378603343051
15493.0,1284.1999999999998,121,5,256.84,30.25,0.0,0,57,5.0,34.55,2,0.4,0,0.21772532430252306
16156.0,1386.87,161,7,198.1242857142857,26.833333333333332,0.0,0,57,16.0,58.3,2,0.2857142857142857,0,0.22240688761211994
14221.0,2612.06,226,8,326.5075,32.285714285714285,0.0,0,21,1.0,4.95,1,0.125,0,0.10058980508772371
15271.0,1596.62,271,10,159.66199999999998,30.11111111111111,0.0,0,2,0.0,0.0,0,0.0,0,0.044965018049161164
17553.0,1487.6,0,1,1487.6,0.0,0.0,0,37,0.0,0.0,0,0.0,1,0.3128858420072808
12378.0,3996.0200000000013,0,1,3996.0200000000013,0.0,0.0,0,37,0.0,0.0,0,0.0,1,0.6999080736696621
14076.0,122.46999999999997,0,1,122.46999999999997,0.0,0.0,0,37,0.0,0.0,0,0.0,1,0.46099675429467335
16928.0,2329.5,279,17,137.02941176470588,17.4375,0.0,0,2,20.0,66.1,2,0.11764705882352941,0,0.004759393068939569
15555.0,2773.27,266,12,231.10583333333332,24.181818181818183,0.0,0,11,14.0,29.97,2,0.16666666666666666,0,0.038976749740114905
17231.0,1888.6200000000001,235,9,209.8466666666667,29.375,0.0,0,34,4.0,35.599999999999994,2,0.2222222222222222,0,0.14862815786638725
12823.0,1224.0,169,4,306.0,56.333333333333336,0.0,0,35,0.0,0.0,0,0.0,0,0.27511675255962803
17929.0,707.0,196,3,235.66666666666666,98.0,0.0,0,20,0.0,0.0,0,0.0,0,0.35867759719111264
18179.0,1103.16,84,4,275.79,28.0,0.0,0,160,0.0,0.0,0,0.0,0,0.437690848084526
13720.0,784.8999999999999,138,4,196.22499999999997,46.0,0.0,0,24,0.0,0.0,0,0.0,1,0.2594573861690833
14291.0,2345.5899999999997,162,8,293.19874999999996,23.142857142857142,0.0,0,21,1.0,9.95,1,0.125,0,0.10519879993327678
17655.0,1836.1299999999997,250,6,306.0216666666666,50.0,0.0,0,24,160.0,67.2,1,0.16666666666666666,0,0.09543935049460624
15826.0,720.0000000000001,0,1,720.0000000000001,0.0,0.0,0,118,0.0,0.0,0,0.0,0,0.5569487968777197
13629.0,5718.360000000001,239,8,714.7950000000001,34.142857142857146,0.0,0,7,0.0,0.0,0,0.0,0,0.14553846808897383
15164.0,368.17999999999995,131,2,184.08999999999997,131.0,0.0,0,116,0.0,0.0,0,0.0,0,0.4019241830015629
12857.0,1106.4,92,2,553.2,92.0,0.0,0,118,0.0,0.0,0,0.0,1,0.4788054289019807
17765.0,371.8799999999998,98,3,123.95999999999994,49.0,0.0,0,66,0.0,0.0,0,0.0,1,0.36526820192685605
16411.0,131.5,0,1,131.5,0.0,0.0,0,277,0.0,0.0,0,0.0,0,0.5766462280262958
17402.0,1732.45,268,8,216.55625,38.285714285714285,0.0,0,9,0.0,0.0,0,0.0,0,0.09668699384736221
15221.0,114.10000000000002,3,2,57.05000000000001,3.0,0.0,0,274,18.0,289.15,1,0.5,1,0.7153596733418232
17811.0,4824.789999999999,241,31,155.63838709677415,8.033333333333333,0.0,0,0,8.0,32.67,7,0.22580645161290322,0,3.9938698371668434e-05
12455.0,2176.3599999999997,169,5,435.27199999999993,42.25,0.0,0,35,0.0,0.0,0,0.0,0,0.2163389378663167
15018.0,251.39,119,3,83.79666666666667,59.5,0.0,0,156,1.0,39.95,1,0.3333333333333333,0,0.37496220670096136
17720.0,887.6000000000003,254,3,295.86666666666673,127.0,0.0,0,21,0.0,0.0,0,0.0,0,0.46503093512101745
14850.0,278.15,56,2,139.075,56.0,0.0,0,219,8.0,47.6,1,0.5,1,0.5696402940916399
15708.0,2665.9100000000003,235,10,266.591,26.11111111111111,0.0,0,42,9.0,34.519999999999996,4,0.4,0,0.2625126668797218
14157.0,241.77000000000004,0,1,241.77000000000004,0.0,0.0,0,193,0.0,0.0,0,0.0,0,0.6702120861830692
15227.0,876.8199999999999,102,3,292.2733333333333,51.0,0.0,0,123,0.0,0.0,0,0.0,0,0.384671934084421
15111.0,288.49999999999994,0,1,288.49999999999994,0.0,0.0,0,280,0.0,0.0,0,0.0,0,0.6279789555039719
14060.0,4102.78,264,14,293.05571428571426,20.307692307692307,0.0,0,16,0.0,0.0,0,0.0,0,0.03435143474072216
17964.0,261.76000000000005,0,1,261.76000000000005,0.0,0.0,0,280,0.0,0.0,0,0.0,0,0.618530838104
13065.0,205.85999999999999,0,1,205.85999999999999,0.0,0.0,0,281,0.0,0.0,0,0.0,1,0.5959594839414659
15903.0,641.2200000000001,68,3,213.74000000000004,34.0,0.0,0,135,1.0,0.42,1,0.3333333333333333,0,0.39636139387162583
17571.0,561.1999999999999,153,3,187.06666666666663,76.5,0.0,0,53,0.0,0.0,0,0.0,0,0.346117166104504
14524.0,1052.7199999999998,182,5,210.54399999999995,45.5,0.0,0,86,0.0,0.0,0,0.0,0,0.31229318693901775
16947.0,406.48000000000013,0,1,406.48000000000013,0.0,0.0,0,143,0.0,0.0,0,0.0,1,0.6242533967816031
14175.0,1127.8899999999999,214,5,225.57799999999997,53.5,0.0,0,23,45.0,78.1,2,0.4,0,0.23558626810197628
13069.0,3460.3599999999997,270,22,157.2890909090909,12.857142857142858,0.0,0,7,254.0,414.34000000000003,2,0.09090909090909091,0,0.0009605349763425066
16112.0,195.74,195,4,48.935,65.0,0.0,0,51,0.0,0.0,0,0.0,1,0.33922650572167895
12410.0,681.0799999999999,7,3,227.02666666666664,3.5,0.0,0,209,2.0,12.25,1,0.3333333333333333,1,0.6043453931497343
13151.0,1240.2200000000005,92,2,620.1100000000002,92.0,0.0,0,111,2.0,7.5,1,0.5,1,0.5297903272932667
13158.0,1190.98,224,4,297.745,74.66666666666667,0.0,0,2,0.0,0.0,0,0.0,1,0.297940107496506
13760.0,132.14,0,1,132.14,0.0,0.0,0,164,0.0,0.0,0,0.0,0,0.6508400122519957
14127.0,706.8100000000001,188,3,235.60333333333335,94.0,0.0,0,30,0.0,0.0,0,0.0,1,0.35688582740187497
14849.0,5772.79,278,19,303.8310526315789,15.444444444444445,0.0,0,3,2.0,6.7,2,0.10526315789473684,0,0.0025173965127534737
15525.0,313.9299999999999,0,1,313.9299999999999,0.0,0.0,0,281,0.0,0.0,0,0.0,0,0.6351162004398018
15157.0,1438.8,235,4,359.7,78.33333333333333,0.0,0,31,150.0,66.57,2,0.5,0,0.0933475854113182
14163.0,1659.3899999999999,87,3,553.13,43.5,0.0,0,60,0.0,0.0,0,0.0,0,0.29028224102283945
14936.0,5072.88,167,3,1690.96,83.5,0.0,0,16,0.0,0.0,0,0.0,0,0.3049966832681989
18018.0,122.13999999999999,91,2,61.06999999999999,91.0,0.0,0,16,0.0,0.0,0,0.0,1,0.2885747966576447
15462.0,234.6,93,3,78.2,46.5,0.0,0,2,0.0,0.0,0,0.0,1,0.24175515364690597
15864.0,943.9600000000002,218,4,235.99000000000004,72.66666666666667,0.0,0,6,4.0,13.899999999999999,1,0.25,0,0.21351110505236337
17015.0,524.5,0,1,524.5,0.0,0.0,0,93,0.0,0.0,0,0.0,0,0.5185238978232285
16763.0,594.9000000000001,13,2,297.45000000000005,13.0,0.0,0,93,1.0,16.95,1,0.5,1,0.40177081849370655
16302.0,212.82,19,2,106.41,19.0,0.0,0,15,24.0,20.4,1,0.5,1,0.42244569046602654
12830.0,4892.96,37,4,1223.24,12.333333333333334,1656.0,1,42,0.0,0.0,0,0.0,0,0.025570157836978732
12653.0,2209.85,148,2,1104.925,148.0,0.0,0,56,0.0,0.0,0,0.0,1,0.17675514187390579
16987.0,629.4499999999999,35,3,209.81666666666663,17.5,0.0,0,78,0.0,0.0,0,0.0,0,0.44841033134920394
16813.0,1185.96,108,7,169.42285714285714,18.0,0.0,0,4,0.0,0.0,0,0.0,0,0.16944111016088112
14009.0,673.3299999999999,7,3,224.4433333333333,3.5,0.0,0,106,4.0,9.680000000000001,1,0.3333333333333333,1,0.4719125229812573
14565.0,3073.7700000000004,266,6,512.2950000000001,53.2,0.0,0,3,8.0,25.35,2,0.3333333333333333,1,0.15851024499607633
13846.0,646.4800000000001,118,3,215.49333333333337,59.0,0.0,0,150,5.0,17.45,1,0.3333333333333333,0,0.33099067721970227
12408.0,2103.07,162,7,300.43857142857144,27.0,0.0,0,6,9.0,30.98,3,0.42857142857142855,0,0.12134825647328477
14619.0,379.50999999999993,6,2,189.75499999999997,6.0,0.0,0,147,7.0,14.93,1,0.5,1,0.5947040453133406
16623.0,129.45,0,1,129.45,0.0,0.0,0,153,0.0,0.0,0,0.0,1,0.6427773891388546
18129.0,112.55,0,1,112.55,0.0,0.0,0,151,0.0,0.0,0,0.0,1,0.6413225591841222
12600.0,1918.56,259,9,213.17333333333332,32.375,0.0,0,20,1.0,18.0,1,0.1111111111111111,0,0.0873973958549682
16140.0,124.14,0,1,124.14,0.0,0.0,0,279,0.0,0.0,0,0.0,0,0.5690235341278623
15332.0,1661.06,3,4,415.265,1.0,0.0,0,274,0.0,0.0,0,0.0,1,0.7847689436475088
16948.0,435.0200000000001,187,3,145.0066666666667,93.5,0.0,0,46,0.0,0.0,0,0.0,1,0.372641669711686
16735.0,1962.9500000000003,241,6,327.15833333333336,48.2,0.0,0,1,19.0,31.349999999999998,2,0.3333333333333333,0,0.16645886669328908
16249.0,1440.7700000000002,127,4,360.19250000000005,42.333333333333336,0.0,0,20,0.0,0.0,0,0.0,0,0.2524855644065291
13157.0,853.55,157,4,213.3875,52.333333333333336,0.0,0,49,9.0,19.65,1,0.25,0,0.2353713450678948
12867.0,3005.92,264,8,375.74,37.714285714285715,0.0,0,4,14.0,17.3,2,0.25,0,0.10454032253504346
17085.0,1555.0500000000002,239,6,259.175,47.8,0.0,0,31,2.0,11.6,1,0.16666666666666666,1,0.17337502768264298
18093.0,2083.42,209,5,416.684,52.25,0.0,0,1,11.0,23.1,1,0.2,1,0.15929821099975064
15149.0,520.8,0,1,520.8,0.0,0.0,0,41,0.0,0.0,0,0.0,1,0.40265965701616707
17730.0,3039.3200000000006,220,9,337.7022222222223,27.5,0.0,0,14,5.0,6.25,1,0.1111111111111111,0,0.07590117884033372
15059.0,996.7,227,9,110.74444444444445,28.375,0.0,0,15,2.0,11.9,2,0.2222222222222222,0,0.12277137530947443
14035.0,822.26,190,3,274.08666666666664,95.0,0.0,0,15,0.0,0.0,0,0.0,0,0.3487347983390973
15606.0,2439.38,205,8,304.9225,29.285714285714285,0.0,0,27,0.0,0.0,0,0.0,0,0.14558895406471672
15737.0,825.33,95,8,103.16625,13.571428571428571,0.0,0,55,10.0,72.6,2,0.25,0,0.26199673521277084
14379.0,110.98,0,1,110.98,0.0,0.0,0,203,0.0,0.0,0,0.0,0,0.6585945380175486
14320.0,325.4700000000001,126,3,108.49000000000002,63.0,0.0,0,114,86.0,134.67999999999998,1,0.3333333333333333,1,0.313050102498609
15214.0,651.6300000000001,59,2,325.81500000000005,59.0,0.0,0,91,0.0,0.0,0,0.0,0,0.4476082847200571
13634.0,783.7699999999999,221,3,261.2566666666666,110.5,0.0,0,14,0.0,0.0,0,0.0,0,0.39727241663273055
16172.0,1140.21,146,5,228.042,36.5,0.0,0,3,0.0,0.0,0,0.0,1,0.20135029976691463
16554.0,221.01000000000005,127,5,44.20200000000001,31.75,0.0,0,112,28.0,93.1,3,0.6,0,0.4936896134945456
17889.0,203.87,110,2,101.935,110.0,0.0,0,120,0.0,0.0,0,0.0,1,0.41368427307949496
14242.0,280.54999999999995,91,2,140.27499999999998,91.0,0.0,0,142,0.0,0.0,0,0.0,1,0.4607932250302537
15717.0,150.3,0,1,150.3,0.0,0.0,0,142,0.0,0.0,0,0.0,1,0.6319773095703736
14295.0,-11.5,0,1,-11.5,0.0,0.0,0,240,2.0,11.5,1,1.0,0,0.45924642962146833
15806.0,521.88,119,2,260.94,119.0,0.0,0,65,0.0,0.0,0,0.0,0,0.3762397506356682
16616.0,210.10000000000002,0,1,210.10000000000002,0.0,0.0,0,65,0.0,0.0,0,0.0,0,0.5017559668269416
13043.0,471.57000000000005,20,2,235.78500000000003,20.0,0.0,0,161,3.0,44.849999999999994,1,0.5,1,0.589097657076348
13539.0,290.15,70,3,96.71666666666665,35.0,0.0,0,147,6.0,25.5,1,0.3333333333333333,0,0.46198183531089576
13527.0,1366.42,221,4,341.605,73.66666666666667,0.0,0,13,0.0,0.0,0,0.0,0,0.30793591660916836
12414.0,562.4100000000001,93,3,187.47000000000003,46.5,0.0,0,125,0.0,0.0,0,0.0,1,0.4408602519224055
13819.0,1140.35,18,3,380.1166666666666,9.0,0.0,0,209,0.0,0.0,0,0.0,1,0.6439891733413976
15552.0,90.12,0,1,90.12,0.0,0.0,0,125,0.0,0.0,0,0.0,1,0.6158886221666204
18204.0,1352.9199999999996,86,3,450.9733333333332,43.0,0.0,0,14,2.0,14.4,1,0.3333333333333333,0,0.17226761530179963
13505.0,2489.1199999999994,103,6,414.85333333333324,20.6,0.0,0,37,20.0,94.0,3,0.5,0,0.08315971725394479
16483.0,139.35000000000002,0,1,139.35000000000002,0.0,0.0,0,100,0.0,0.0,0,0.0,1,0.5759690738449977
15247.0,321.2,0,1,321.2,0.0,0.0,0,30,0.0,0.0,0,0.0,1,0.41070152782018676
14415.0,3727.5900000000006,262,13,286.7376923076923,21.833333333333332,0.0,0,6,32.0,74.09,4,0.3076923076923077,0,0.04477570793101865
14428.0,326.38,93,3,108.79333333333334,46.5,0.0,0,140,4.0,4.24,1,0.3333333333333333,0,0.41177312753795736
17759.0,165.9,0,2,82.95,0.0,0.0,0,77,0.0,0.0,0,0.0,0,0.5650790471268009
12645.0,1291.0600000000002,217,4,322.76500000000004,72.33333333333333,0.0,0,7,12.0,19.799999999999997,1,0.25,0,0.1963566288510709
12370.0,2806.41,86,3,935.4699999999999,43.0,0.0,0,182,0.0,0.0,0,0.0,0,0.11571441031525434
14727.0,268.58,0,1,268.58,0.0,0.0,0,182,0.0,0.0,0,0.0,1,0.6665351445543038
12560.0,1403.69,43,3,467.8966666666667,21.5,0.0,0,8,32.0,32.62,1,0.3333333333333333,0,0.156914199623735
14712.0,115.72,0,1,115.72,0.0,0.0,0,20,0.0,0.0,0,0.0,0,0.42856034897723366
16828.0,128.5,19,2,64.25,19.0,0.0,0,1,0.0,0.0,0,0.0,1,0.3199475107209622
15041.0,179.10000000000002,0,1,179.10000000000002,0.0,0.0,0,78,0.0,0.0,0,0.0,1,0.5319127086565312
17888.0,178.77999999999994,196,5,35.755999999999986,49.0,0.0,0,69,349.0,128.27,1,0.2,0,0.21509699542589983
15106.0,1025.99,133,4,256.4975,44.333333333333336,0.0,0,44,36.0,6.84,1,0.25,0,0.21264358903242828
14395.0,1956.2700000000004,195,7,279.4671428571429,32.5,0.0,0,85,1.0,9.95,1,0.14285714285714285,0,0.19317210932491094
14240.0,226.85000000000002,0,1,226.85000000000002,0.0,0.0,0,133,0.0,0.0,0,0.0,0,0.6178330627739227
12685.0,1606.42,1,2,803.21,1.0,0.0,0,0,0.0,0.0,0,0.0,0,0.2739936079774989
12527.0,284.92,31,2,142.46,31.0,0.0,0,202,0.0,0.0,0,0.0,0,0.6609296279697724
14553.0,312.31999999999994,121,2,156.15999999999997,121.0,0.0,0,126,0.0,0.0,0,0.0,0,0.4095395335782806
17463.0,1230.59,141,4,307.6475,47.0,0.0,0,80,5.0,15.05,1,0.25,0,0.22525448505936388
12347.0,2790.8599999999997,238,5,558.1719999999999,59.5,0.0,0,37,0.0,0.0,0,0.0,0,0.20969329800338232
13421.0,812.44,0,2,406.22,0.0,0.0,0,198,1.0,2.1,1,0.5,0,0.4662394295430396
18114.0,220.1,0,1,220.1,0.0,0.0,0,198,0.0,0.0,0,0.0,1,0.6697677875525349
16185.0,334.99999999999994,0,1,334.99999999999994,0.0,0.0,0,140,0.0,0.0,0,0.0,0,0.6225434788039823
13485.0,454.24,0,1,454.24,0.0,0.0,0,141,0.0,0.0,0,0.0,1,0.6191950585950592
15517.0,267.03000000000003,0,1,267.03000000000003,0.0,0.0,0,141,0.0,0.0,0,0.0,1,0.6266120823608249
15819.0,1572.8699999999997,145,3,524.2899999999998,72.5,0.0,0,39,0.0,0.0,0,0.0,0,0.3103143527438684
13644.0,851.0900000000005,0,1,851.0900000000005,0.0,0.0,0,13,0.0,0.0,0,0.0,0,0.30832234112671525
17431.0,403.30000000000007,0,1,403.30000000000007,0.0,0.0,0,221,0.0,0.0,0,0.0,1,0.6944536872117809
16367.0,170.91000000000003,0,1,170.91000000000003,0.0,0.0,0,270,0.0,0.0,0,0.0,0,0.605641605072476
15087.0,306.94,0,1,306.94,0.0,0.0,0,189,0.0,0.0,0,0.0,1,0.6728571208338797
16159.0,348.2000000000001,0,1,348.2000000000001,0.0,0.0,0,189,0.0,0.0,0,0.0,1,0.6753562524121587
17789.0,225.9,0,1,225.9,0.0,0.0,0,189,0.0,0.0,0,0.0,1,0.6675903563116312
12348.0,1487.24,110,3,495.74666666666667,55.0,0.0,0,156,0.0,0.0,0,0.0,0,0.27573628322830046
15160.0,158.16000000000003,0,1,158.16000000000003,0.0,0.0,0,265,0.0,0.0,0,0.0,1,0.6106243096668699
16555.0,151.98,0,1,151.98,0.0,0.0,0,17,0.0,0.0,0,0.0,0,0.41546838848470535
17816.0,21.31,96,2,10.655,96.0,0.0,0,177,0.0,0.0,0,0.0,0,0.4104315341965677
14636.0,300.19,0,1,300.19,0.0,0.0,0,176,0.0,0.0,0,0.0,0,0.6635692802538662
16152.0,1829.04,0,1,1829.04,0.0,0.0,0,176,0.0,0.0,0,0.0,1,0.6652786606579597
14449.0,401.29999999999995,126,2,200.64999999999998,126.0,0.0,0,154,0.0,0.0,0,0.0,0,0.39891264311925423
18168.0,1135.74,196,9,126.19333333333333,24.5,0.0,0,84,8.0,34.2,3,0.3333333333333333,1,0.4901298321713618
12668.0,2889.67,107,4,722.4175,35.666666666666664,0.0,0,156,24.0,34.8,1,0.25,0,0.08297628902914914
14548.0,652.8,167,2,326.4,167.0,0.0,0,58,0.0,0.0,0,0.0,1,0.38006336468198937
16107.0,1494.1200000000001,80,3,498.04,40.0,0.0,0,11,0.0,0.0,0,0.0,0,0.2663799390048307
17678.0,298.10999999999996,0,1,298.10999999999996,0.0,0.0,0,171,0.0,0.0,0,0.0,1,0.6593099479794996
17693.0,187.02,1,3,62.34,0.5,0.0,0,44,2.0,13.45,1,0.3333333333333333,1,0.47674607179146594
16341.0,792.2100000000002,5,2,396.1050000000001,5.0,0.0,0,104,5.0,5.44,1,0.5,0,0.31811818538027753
18017.0,344.0,141,2,172.0,141.0,0.0,0,77,0.0,0.0,0,0.0,0,0.3943186465348389
14875.0,1461.4199999999996,155,3,487.1399999999999,77.5,0.0,0,15,2.0,3.9,1,0.3333333333333333,0,0.20819661405337309
13196.0,512.1300000000001,0,1,512.1300000000001,0.0,0.0,0,170,0.0,0.0,0,0.0,0,0.6617708078358533
13507.0,2022.7899999999997,47,3,674.2633333333332,23.5,0.0,0,6,0.0,0.0,0,0.0,0,0.2585156907443965
14965.0,598.9999999999999,0,2,299.49999999999994,0.0,0.0,0,4,0.0,0.0,0,0.0,1,0.3450634041579703
16965.0,192.06999999999996,0,1,192.06999999999996,0.0,0.0,0,134,0.0,0.0,0,0.0,1,0.6209400976513695
14222.0,683.17,0,1,683.17,0.0,0.0,0,85,0.0,0.0,0,0.0,1,0.48230329426094243
17105.0,663.26,147,2,331.63,147.0,0.0,0,67,0.0,0.0,0,0.0,1,0.3779431465122606
12956.0,108.07,0,1,108.07,0.0,0.0,0,214,0.0,0.0,0,0.0,1,0.6545330409914992
17786.0,114.85000000000004,0,1,114.85000000000004,0.0,0.0,0,225,0.0,0.0,0,0.0,0,0.6490688018098301
15909.0,191.93999999999997,0,1,191.93999999999997,0.0,0.0,0,81,0.0,0.0,0,0.0,1,0.5357406591906623
12942.0,683.8999999999999,234,3,227.9666666666666,117.0,0.0,0,39,0.0,0.0,0,0.0,1,0.4341489867105742
17966.0,594.43,110,4,148.6075,36.666666666666664,0.0,0,59,0.0,0.0,0,0.0,0,0.33547559439738706
15651.0,227.32000000000002,0,1,227.32000000000002,0.0,0.0,0,168,0.0,0.0,0,0.0,0,0.6553206641346657
16063.0,335.32000000000005,0,1,335.32000000000005,0.0,0.0,0,168,0.0,0.0,0,0.0,1,0.6571630044945481
14348.0,409.57,0,1,409.57,0.0,0.0,0,168,0.0,0.0,0,0.0,1,0.6581278153765344
16515.0,987.6099999999997,161,3,329.2033333333332,80.5,0.0,0,58,0.0,0.0,0,0.0,0,0.341651846987138
18122.0,119.19000000000003,0,1,119.19000000000003,0.0,0.0,0,58,0.0,0.0,0,0.0,0,0.5030978180529383
16589.0,214.68,55,2,107.34,55.0,0.0,0,14,0.0,0.0,0,0.0,0,0.2859009958279492
17899.0,155.79999999999998,0,1,155.79999999999998,0.0,0.0,0,67,0.0,0.0,0,0.0,1,0.514416394617122
14964.0,206.21,0,1,206.21,0.0,0.0,0,155,0.0,0.0,0,0.0,1,0.6438970682796751
17906.0,72.9,0,1,72.9,0.0,0.0,0,155,0.0,0.0,0,0.0,1,0.6446288985521323
14476.0,215.7,0,1,215.7,0.0,0.0,0,165,0.0,0.0,0,0.0,1,0.6527493105455492
17551.0,289.8399999999999,0,1,289.8399999999999,0.0,0.0,0,267,0.0,0.0,0,0.0,1,0.6481428125632204
17492.0,374.57,0,1,374.57,0.0,0.0,0,156,0.0,0.0,0,0.0,1,0.6434240141070919
17443.0,534.24,0,1,534.24,0.0,0.0,0,127,0.0,0.0,0,0.0,1,0.589497729845021
13023.0,336.40000000000003,0,1,336.40000000000003,0.0,0.0,0,37,0.0,0.0,0,0.0,0,0.42267422991990183
16252.0,-295.09000000000003,0,1,-295.09000000000003,0.0,0.0,0,274,158.0,295.09000000000003,1,1.0,1,0.9509136972949518
14355.0,174.4,0,1,174.4,0.0,0.0,0,273,0.0,0.0,0,0.0,1,0.6010115939728485
17384.0,227.65,0,1,227.65,0.0,0.0,0,127,0.0,0.0,0,0.0,0,0.6094445539074609
17248.0,318.65000000000003,0,1,318.65000000000003,0.0,0.0,0,28,0.0,0.0,0,0.0,1,0.407033513395662
17070.0,312.13999999999993,0,1,312.13999999999993,0.0,0.0,0,22,0.0,0.0,0,0.0,1,0.39598591575935516
14984.0,110.18,0,1,110.18,0.0,0.0,0,88,0.0,0.0,0,0.0,0,0.5596151145349041
14658.0,123.14,0,1,123.14,0.0,0.0,0,25,0.0,0.0,0,0.0,0,0.4369624834417858
17376.0,105.85000000000001,0,1,105.85000000000001,0.0,0.0,0,219,0.0,0.0,0,0.0,0,0.6515113770174247
17331.0,175.2,0,1,175.2,0.0,0.0,0,31,0.0,0.0,0,0.0,1,0.43891106666814456
16270.0,1141.2399999999996,0,1,1141.2399999999996,0.0,0.0,0,261,0.0,0.0,0,0.0,1,0.8090775048326189
18065.0,1374.2000000000003,181,9,152.68888888888893,22.625,0.0,0,91,3.0,12.75,1,0.1111111111111111,0,0.4310967334486382
14082.0,182.24999999999997,0,1,182.24999999999997,0.0,0.0,0,272,0.0,0.0,0,0.0,1,0.6057024848268122
17576.0,2238.8,266,16,139.925,17.733333333333334,0.0,0,7,9.0,68.15,2,0.125,0,0.011071370182092068
12576.0,912.6999999999999,209,5,182.54,52.25,0.0,0,3,3.0,8.850000000000001,1,0.2,0,0.1671492825842292
16779.0,6297.0599999999995,260,20,314.85299999999995,13.68421052631579,0.0,0,14,65.0,97.67,4,0.2,0,0.004565811279222557
12528.0,1276.1699999999998,200,6,212.69499999999996,40.0,0.0,0,20,6.0,11.2,2,0.3333333333333333,0,0.20606118445718913
12633.0,1925.4,158,4,481.35,52.666666666666664,0.0,0,37,13.0,23.35,1,0.25,0,0.1649762712656498
16607.0,1958.54,251,12,163.21166666666667,22.818181818181817,0.0,0,15,37.0,309.04,2,0.16666666666666666,0,0.038680682384188564
16365.0,862.5600000000001,244,7,123.22285714285715,40.666666666666664,0.0,0,31,0.0,0.0,0,0.0,0,0.18698576745324455
16899.0,510.17999999999995,211,3,170.05999999999997,105.5,0.0,0,57,0.0,0.0,0,0.0,0,0.41241113797093776
14397.0,1036.12,120,10,103.612,13.333333333333334,0.0,0,1,0.0,0.0,0,0.0,0,0.10776113511551667
16712.0,2499.8599999999997,181,8,312.48249999999996,25.857142857142858,0.0,0,3,0.0,0.0,0,0.0,0,0.12575646034102678
12593.0,418.1,110,3,139.36666666666667,55.0,0.0,0,16,0.0,0.0,0,0.0,1,0.2703464067670658
13308.0,797.0500000000001,13,2,398.52500000000003,13.0,0.0,0,98,3.0,17.9,1,0.5,0,0.32870069076541986
16954.0,1245.3799999999999,235,4,311.34499999999997,78.33333333333333,0.0,0,32,0.0,0.0,0,0.0,0,0.31732006591529077
16059.0,951.3,204,4,237.825,68.0,0.0,0,71,0.0,0.0,0,0.0,0,0.31706196763914485
18135.0,109.82000000000001,0,1,109.82000000000001,0.0,0.0,0,98,0.0,0.0,0,0.0,0,0.5761689908973616
16529.0,455.25,0,1,455.25,0.0,0.0,0,98,0.0,0.0,0,0.0,1,0.5370001676771067
17531.0,296.70000000000005,0,1,296.70000000000005,0.0,0.0,0,98,0.0,0.0,0,0.0,1,0.5545716866053234
14198.0,347.05,94,3,115.68333333333334,47.0,0.0,0,53,2.0,9.9,1,0.3333333333333333,0,0.3309558098356447
14733.0,8922.279999999999,257,13,686.3292307692307,21.416666666666668,0.0,0,18,37.0,121.92,2,0.15384615384615385,0,0.013829562858669223
15152.0,2321.7600000000007,74,9,257.9733333333334,9.25,0.0,0,21,10.0,61.449999999999996,3,0.3333333333333333,0,0.09565717616674992
16511.0,580.7,122,2,290.35,122.0,0.0,0,52,0.0,0.0,0,0.0,0,0.359491532979356
13118.0,786.2900000000001,80,4,196.57250000000002,26.666666666666668,0.0,0,116,9.0,13.41,1,0.25,0,0.3433526307696344
17669.0,2433.22,127,5,486.64399999999995,31.75,0.0,0,30,0.0,0.0,0,0.0,0,0.21270800850208535
16466.0,1002.1799999999998,189,5,200.43599999999998,47.25,0.0,0,11,0.0,0.0,0,0.0,0,0.21175608187128908
16180.0,10217.480000000001,152,10,1021.7480000000002,16.88888888888889,0.0,0,8,14.0,36.7,2,0.2,1,0.02578584419592995
15570.0,2771.13,228,10,277.113,25.333333333333332,0.0,0,49,9.0,55.55000000000001,1,0.1,0,0.11893250996919272
16327.0,2439.0399999999995,170,4,609.7599999999999,56.666666666666664,0.0,0,107,0.0,0.0,0,0.0,0,0.12686266881662736
17858.0,3656.25,253,9,406.25,31.625,0.0,0,24,0.0,0.0,0,0.0,0,0.09063840766655155
16402.0,299.5999999999999,105,2,149.79999999999995,105.0,0.0,0,172,0.0,0.0,0,0.0,1,0.4289104922677948
15235.0,2247.51,156,12,187.29250000000002,14.181818181818182,0.0,0,125,0.0,0.0,0,0.0,1,0.9530099637021308
15889.0,427.5699999999998,213,2,213.7849999999999,213.0,0.0,0,64,0.0,0.0,0,0.0,1,0.45274636889519093
14056.0,5326.6,177,22,242.11818181818182,8.428571428571429,0.0,0,15,21.0,53.39,4,0.18181818181818182,0,0.007324216994014627
16873.0,3825.670000000001,237,7,546.5242857142858,39.5,0.0,0,35,10.0,45.8,3,0.42857142857142855,0,0.0985014329545421
17735.0,11073.600000000002,274,16,692.1000000000001,18.266666666666666,0.0,0,1,0.0,0.0,0,0.0,0,0.011689116691267284
14825.0,1339.3700000000003,241,7,191.33857142857147,40.166666666666664,0.0,0,35,0.0,0.0,0,0.0,0,0.18541532821998874
13969.0,3908.799999999999,258,11,355.34545454545446,25.8,0.0,0,15,0.0,0.0,0,0.0,0,0.057164508908233276
15882.0,493.0799999999999,170,5,98.61599999999999,42.5,0.0,0,106,10.0,21.0,1,0.2,1,0.35838341866158
16550.0,2257.849999999999,260,9,250.87222222222212,32.5,0.0,0,16,14.0,32.72,4,0.4444444444444444,1,0.29223164233024557
14051.0,8554.39,253,18,475.2438888888889,14.882352941176471,0.0,0,21,15.0,133.05,3,0.16666666666666666,0,0.006969432882984802
13004.0,3748.4900000000002,243,15,249.89933333333335,17.357142857142858,0.0,0,22,12.0,36.6,3,0.2,0,0.03784086210337305
16057.0,1458.93,188,8,182.36625,26.857142857142858,0.0,0,4,26.0,85.3,2,0.25,0,0.10156793840120616
16668.0,266.52,168,5,53.303999999999995,42.0,0.0,0,24,0.0,0.0,0,0.0,0,0.2356480393608976
14573.0,1601.2199999999996,193,13,123.1707692307692,16.083333333333332,0.0,0,87,6.0,49.699999999999996,1,0.07692307692307693,1,0.7778982936769834
14078.0,1049.37,272,6,174.89499999999998,54.4,0.0,0,9,0.0,0.0,0,0.0,1,0.15945490852644606
15241.0,1299.41,156,7,185.63000000000002,26.0,0.0,0,35,3.0,17.85,1,0.14285714285714285,0,0.1615658449697496
13048.0,1345.05,215,4,336.2625,71.66666666666667,0.0,0,20,8.0,30.0,1,0.25,0,0.20555265370917172
15027.0,952.77,70,5,190.554,17.5,0.0,0,76,2.0,14.2,2,0.4,0,0.28066630250489266
17346.0,1266.2099999999996,270,8,158.27624999999995,38.57142857142857,0.0,0,11,0.0,0.0,0,0.0,0,0.09627765930816098
15491.0,3066.5500000000006,140,7,438.07857142857154,23.333333333333332,0.0,0,3,22.0,9.24,1,0.14285714285714285,1,0.098018756800394
17367.0,168.4,0,1,168.4,0.0,0.0,0,146,0.0,0.0,0,0.0,1,0.6356004375332229
16774.0,535.5999999999999,62,4,133.89999999999998,20.666666666666668,0.0,0,24,4.0,6.6,1,0.25,0,0.24586892944598493
14702.0,1687.6999999999998,249,9,187.5222222222222,31.125,0.0,0,24,0.0,0.0,0,0.0,0,0.11760265884201242
16836.0,91.32000000000001,0,1,91.32000000000001,0.0,0.0,0,24,0.0,0.0,0,0.0,0,0.4413552908855606
18143.0,1000.1599999999999,25,2,500.0799999999999,25.0,0.0,0,24,0.0,0.0,0,0.0,1,0.3162224454179075
14006.0,962.1899999999999,197,3,320.72999999999996,98.5,0.0,0,23,0.0,0.0,0,0.0,1,0.36828649505825667
15734.0,1339.4500000000003,86,2,669.7250000000001,86.0,0.0,0,22,0.0,0.0,0,0.0,1,0.27850957005305754
16145.0,2553.85,260,14,182.41785714285714,20.0,0.0,0,7,38.0,46.46000000000001,6,0.42857142857142855,0,0.1681202151783762
14621.0,980.31,231,4,245.0775,77.0,0.0,0,35,6.0,22.6,1,0.25,0,0.2446237867793124
18102.0,135450.75,269,27,5016.694444444444,10.346153846153847,0.0,0,6,0.0,0.0,0,0.0,0,7.770456331787987e-14
13208.0,835.0699999999999,154,4,208.76749999999998,51.333333333333336,0.0,0,63,0.0,0.0,0,0.0,0,0.31198048050675914
13085.0,272.38000000000005,138,3,90.79333333333335,69.0,0.0,0,65,108.0,143.7,1,0.3333333333333333,1,0.20726197132277954
16325.0,362.91999999999996,90,3,120.97333333333331,45.0,0.0,0,63,18.0,53.1,1,0.3333333333333333,0,0.3458008238160701
17611.0,2704.7000000000003,244,11,245.8818181818182,24.4,0.0,0,25,5.0,17.85,2,0.18181818181818182,0,0.07790345397891427
17837.0,354.65999999999997,15,4,88.66499999999999,5.0,0.0,0,56,1.0,15.95,1,0.25,0,0.40409832379084965
12700.0,2113.0499999999993,59,3,704.3499999999998,29.5,0.0,0,64,2.0,36.0,1,0.3333333333333333,0,0.1468190235451597
12540.0,9176.119999999999,269,12,764.6766666666666,24.454545454545453,0.0,0,0,6.0,65.69999999999999,1,0.08333333333333333,0,0.02894331497529233
17293.0,867.0300000000001,242,5,173.406,60.5,0.0,0,27,0.0,0.0,0,0.0,0,0.24384175108583886
13477.0,886.4999999999998,153,6,147.74999999999997,30.6,0.0,0,46,3.0,13.05,2,0.3333333333333333,0,0.25430964262197453
17924.0,456.5,75,5,91.3,18.75,0.0,0,206,9.0,45.7,3,0.6,0,0.20291822029880843
15485.0,1278.63,37,2,639.315,37.0,0.0,0,244,0.0,0.0,0,0.0,0,0.6672391461032131
16552.0,379.73,131,2,189.865,131.0,0.0,0,150,0.0,0.0,0,0.0,1,0.38831823685933503
16794.0,615.8000000000001,72,5,123.16000000000001,18.0,0.0,0,16,2.0,12.7,1,0.2,0,0.1986097112235333
14769.0,6453.890000000003,249,7,921.9842857142861,41.5,0.0,0,16,3.0,10.15,1,0.14285714285714285,0,0.09801026908086134
15469.0,290.20000000000005,13,2,145.10000000000002,13.0,0.0,0,15,2.0,14.1,1,0.5,0,0.36914382451986744
12523.0,1017.75,224,7,145.39285714285714,37.333333333333336,0.0,0,15,0.0,0.0,0,0.0,0,0.1472065417779877
16723.0,424.15,0,1,424.15,0.0,0.0,0,15,0.0,0.0,0,0.0,0,0.3638785260457065
14739.0,2195.74,273,4,548.935,91.0,0.0,0,2,0.0,0.0,0,0.0,0,0.43642471614068723
17268.0,763.64,138,4,190.91,46.0,0.0,0,15,0.0,0.0,0,0.0,1,0.24566991863697346
13050.0,4364.64,266,22,198.39272727272729,12.666666666666666,0.0,0,8,33.0,131.15,9,0.4090909090909091,0,0.016530548451588366
14530.0,2546.1199999999994,203,5,509.2239999999999,50.75,0.0,0,1,0.0,0.0,0,0.0,0,0.269414379540309
15589.0,456.58,58,4,114.145,19.333333333333332,0.0,0,160,1.0,21.95,1,0.25,1,0.48600270028538545
17396.0,4783.8,223,5,956.76,55.75,0.0,0,56,0.0,0.0,0,0.0,0,0.07921684929225706
16558.0,4573.52,274,18,254.08444444444447,16.11764705882353,0.0,0,0,31.0,81.45,4,0.2222222222222222,0,0.003941764997997694
13015.0,1752.84,52,4,438.21,17.333333333333332,0.0,0,105,0.0,0.0,0,0.0,0,0.34606540892180454
18040.0,239.00000000000003,0,1,239.00000000000003,0.0,0.0,0,153,0.0,0.0,0,0.0,0,0.6415380555263052
12393.0,1061.1000000000001,87,3,353.70000000000005,43.5,0.0,0,153,0.0,0.0,0,0.0,0,0.38877689611504623
18036.0,254.53999999999996,140,2,127.26999999999998,140.0,0.0,0,13,0.0,0.0,0,0.0,0,0.3583747784640498
15109.0,463.75,5,2,231.875,5.0,0.0,0,148,4.0,21.2,1,0.5,1,0.5587650076098004
14246.0,1474.0600000000002,135,3,491.3533333333334,67.5,0.0,0,18,0.0,0.0,0,0.0,1,0.30084319235638207
15775.0,104.9,0,1,104.9,0.0,0.0,0,153,0.0,0.0,0,0.0,1,0.6430018397528504
13570.0,239.49000000000004,0,1,239.49000000000004,0.0,0.0,0,151,0.0,0.0,0,0.0,1,0.6393780331983938
15665.0,2242.01,75,2,1121.005,75.0,0.0,0,76,0.0,0.0,0,0.0,1,0.37515962683366993
12811.0,514.85,24,3,171.61666666666667,12.0,0.0,0,168,0.0,0.0,0,0.0,1,0.6906932503762591
16882.0,215.70000000000002,78,2,107.85000000000001,78.0,0.0,0,147,0.0,0.0,0,0.0,0,0.48578864540246564
15230.0,429.6,1,2,214.8,1.0,0.0,0,147,0.0,0.0,0,0.0,1,0.6683573336983848
16897.0,213.03000000000006,14,3,71.01000000000002,7.0,0.0,0,207,15.0,76.75,1,0.3333333333333333,1,0.6666533161750888
12981.0,187.18,0,1,187.18,0.0,0.0,0,41,0.0,0.0,0,0.0,0,0.4569729609557278
12871.0,132.0,0,1,132.0,0.0,0.0,0,115,0.0,0.0,0,0.0,0,0.5995582625644459
16462.0,68.0,98,2,34.0,98.0,0.0,0,93,0.0,0.0,0,0.0,0,0.39710748892671743
15648.0,599.9,63,4,149.975,21.0,0.0,0,112,8.0,57.45,2,0.5,1,0.37348053012592397
12854.0,775.02,77,4,193.755,25.666666666666668,0.0,0,149,5.0,35.349999999999994,2,0.5,0,0.3230978602274734
14286.0,2050.08,0,1,2050.08,0.0,0.0,0,150,0.0,0.0,0,0.0,0,0.578239605818367
14273.0,450.05000000000007,106,3,150.01666666666668,53.0,0.0,0,44,0.0,0.0,0,0.0,0,0.31962426812984085
13162.0,1644.9899999999998,212,5,328.99799999999993,53.0,0.0,0,30,50.0,43.3,1,0.2,1,0.15562531589924375
12726.0,1454.72,173,5,290.944,43.25,0.0,0,92,0.0,0.0,0,0.0,0,0.2606254385228425
14779.0,386.14999999999986,43,3,128.7166666666666,21.5,0.0,0,188,0.0,0.0,0,0.0,1,0.6717515469266622
16351.0,153.9,0,1,153.9,0.0,0.0,0,240,0.0,0.0,0,0.0,1,0.6439906773097991
16338.0,214.80000000000004,0,1,214.80000000000004,0.0,0.0,0,65,0.0,0.0,0,0.0,1,0.5010059986665512
14064.0,942.1599999999999,161,5,188.43199999999996,40.25,0.0,0,21,432.0,155.51999999999998,1,0.2,0,0.10664481946446831
15812.0,1801.1400000000003,210,5,360.22800000000007,52.5,0.0,0,15,0.0,0.0,0,0.0,1,0.23588851958704343
15860.0,767.1399999999999,270,6,127.85666666666664,54.0,0.0,0,6,0.0,0.0,0,0.0,0,0.145603709188272
16030.0,331.24000000000007,0,1,331.24000000000007,0.0,0.0,0,217,0.0,0.0,0,0.0,1,0.6846377171813864
13581.0,117.99999999999999,0,1,117.99999999999999,0.0,0.0,0,217,0.0,0.0,0,0.0,1,0.6545568050067697
12840.0,2701.6699999999996,83,6,450.27833333333325,16.6,0.0,0,51,6.0,12.5,2,0.3333333333333333,1,0.106874609454773
17578.0,124.73999999999998,28,2,62.36999999999999,28.0,0.0,0,98,48.0,18.72,1,0.5,1,0.6408716237862132
17604.0,309.36,95,2,154.68,95.0,0.0,0,125,0.0,0.0,0,0.0,1,0.4452039953031341
14451.0,359.9999999999999,0,1,359.9999999999999,0.0,0.0,0,102,0.0,0.0,0,0.0,0,0.5553372829994614
16810.0,275.64,168,2,137.82,168.0,0.0,0,100,2.0,33.9,1,0.5,1,0.5308822473443686
14336.0,1114.39,78,3,371.46333333333337,39.0,0.0,0,106,0.0,0.0,0,0.0,0,0.3716393171158178
14013.0,473.0199999999999,165,3,157.67333333333332,82.5,0.0,0,18,0.0,0.0,0,0.0,1,0.3090703776999184
16625.0,333.08000000000004,0,1,333.08000000000004,0.0,0.0,0,182,0.0,0.0,0,0.0,1,0.669543142838019
17527.0,566.06,109,3,188.68666666666664,54.5,0.0,0,17,24.0,40.56,1,0.3333333333333333,0,0.2398249315254123
16261.0,418.38,133,2,209.19,133.0,0.0,0,21,0.0,0.0,0,0.0,0,0.3402325115957327
14566.0,1432.0,0,1,1432.0,0.0,0.0,0,18,0.0,0.0,0,0.0,1,0.28549230027334804
13931.0,1237.5300000000007,185,2,618.7650000000003,185.0,0.0,0,3,0.0,0.0,0,0.0,0,0.23031291290008868
13211.0,886.6400000000001,266,2,443.32000000000005,266.0,0.0,0,3,0.0,0.0,0,0.0,0,0.41925242537043583
13814.0,1579.12,45,2,789.56,45.0,0.0,0,0,0.0,0.0,0,0.0,0,0.24920609025898033
17489.0,203.52,0,1,203.52,0.0,0.0,0,120,0.0,0.0,0,0.0,0,0.6009409189620418
15079.0,893.6600000000003,153,5,178.73200000000006,38.25,0.0,0,120,1.0,1.95,1,0.2,1,0.3038732266632538
16644.0,833.7799999999997,35,2,416.8899999999999,35.0,0.0,0,85,0.0,0.0,0,0.0,1,0.45200542170475183
18149.0,549.68,58,2,274.84,58.0,0.0,0,123,0.0,0.0,0,0.0,0,0.5108374841558417
17115.0,582.2200000000003,54,4,145.55500000000006,18.0,0.0,0,87,4.0,30.599999999999998,2,0.5,0,0.3602699488260153
14740.0,1383.91,92,4,345.9775,30.666666666666668,0.0,0,99,6.0,25.0,1,0.25,1,0.23696961794111313
17481.0,248.23,0,1,248.23,0.0,0.0,0,1,0.0,0.0,0,0.0,0,0.3666447810301652
13122.0,922.3900000000002,146,2,461.1950000000001,146.0,0.0,0,2,0.0,0.0,0,0.0,1,0.28189986520475036
13932.0,307.4,0,1,307.4,0.0,0.0,0,202,0.0,0.0,0,0.0,1,0.6788319620188153
16224.0,860.8399999999999,108,3,286.94666666666666,54.0,0.0,0,49,0.0,0.0,0,0.0,0,0.3155745570097662
13389.0,252.85,0,1,252.85,0.0,0.0,0,140,0.0,0.0,0,0.0,0,0.6258640947008935
17956.0,12.75,0,1,12.75,0.0,0.0,0,157,0.0,0.0,0,0.0,1,0.6457675366730838
17542.0,170.75,0,1,170.75,0.0,0.0,0,177,0.0,0.0,0,0.0,1,0.6592722227555148
17325.0,96.8,0,1,96.8,0.0,0.0,0,188,0.0,0.0,0,0.0,1,0.6581002790161699
14577.0,646.6399999999999,199,3,215.54666666666662,99.5,0.0,0,71,0.0,0.0,0,0.0,0,0.3969829253917039
13107.0,927.6700000000002,158,3,309.2233333333334,79.0,0.0,0,83,5.0,7.550000000000001,1,0.3333333333333333,0,0.28898862467428754
15722.0,1383.45,182,4,345.8625,60.666666666666664,0.0,0,16,5.0,41.35,1,0.25,0,0.18725287678066277
15303.0,574.02,0,1,574.02,0.0,0.0,0,198,0.0,0.0,0,0.0,1,0.6965705064475385
12506.0,73.50000000000003,0,1,73.50000000000003,0.0,0.0,0,140,0.0,0.0,0,0.0,1,0.6326784142435418
15764.0,3229.3199999999997,176,7,461.33142857142855,29.333333333333332,0.0,0,8,11.0,26.900000000000002,2,0.2857142857142857,0,0.08623151749059926
12988.0,535.32,0,1,535.32,0.0,0.0,0,200,0.0,0.0,0,0.0,1,0.6959143153272037
13786.0,213.0,0,1,213.0,0.0,0.0,0,275,0.0,0.0,0,0.0,1,0.610663404978622
16125.0,289.35,0,1,289.35,0.0,0.0,0,275,0.0,0.0,0,0.0,1,0.6365216592001672
16464.0,384.9999999999997,0,1,384.9999999999997,0.0,0.0,0,50,0.0,0.0,0,0.0,0,0.4424685126823834
12735.0,779.5699999999998,22,2,389.7849999999999,22.0,0.0,0,223,0.0,0.0,0,0.0,1,0.6810466470086043
18167.0,498.48,0,1,498.48,0.0,0.0,0,13,0.0,0.0,0,0.0,0,0.34904595616215384
15365.0,961.2800000000001,219,2,480.64000000000004,219.0,0.0,0,4,0.0,0.0,0,0.0,0,0.3331553970059937
14595.0,163.8,0,1,163.8,0.0,0.0,0,221,0.0,0.0,0,0.0,0,0.6598187025904543
13707.0,806.4099999999999,48,2,403.2049999999999,48.0,0.0,0,175,0.0,0.0,0,0.0,1,0.6074673273281788
13666.0,64.05000000000001,0,2,32.025000000000006,0.0,0.0,0,195,0.0,0.0,0,0.0,0,0.7706672442843798
15532.0,1152.0399999999997,227,5,230.40799999999996,56.75,0.0,0,39,13.0,63.849999999999994,2,0.4,0,0.28988245690119335
13139.0,1710.94,150,3,570.3133333333334,75.0,0.0,0,17,0.0,0.0,0,0.0,0,0.3189256628612398
16952.0,167.61,0,2,83.805,0.0,0.0,0,17,0.0,0.0,0,0.0,1,0.41713141931800196
17781.0,188.01999999999998,94,2,94.00999999999999,94.0,0.0,0,67,0.0,0.0,0,0.0,1,0.37158683582607044
12384.0,292.69,0,1,292.69,0.0,0.0,0,29,0.0,0.0,0,0.0,0,0.4135464818103847
13355.0,674.7,0,1,674.7,0.0,0.0,0,30,0.0,0.0,0,0.0,1,0.35907693160575727
14195.0,962.6999999999999,51,3,320.9,25.5,0.0,0,109,58.0,49.3,1,0.3333333333333333,1,0.3741417356160678
15507.0,492.35999999999996,0,1,492.35999999999996,0.0,0.0,0,79,0.0,0.0,0,0.0,1,0.4910982062344654
16995.0,-1.25,0,1,-1.25,0.0,0.0,0,280,1.0,1.25,1,1.0,1,0.4741078412667483
16102.0,1392.8400000000001,30,2,696.4200000000001,30.0,0.0,0,6,0.0,0.0,0,0.0,0,0.2691378522967249
15222.0,585.0,0,1,585.0,0.0,0.0,0,226,0.0,0.0,0,0.0,1,0.7187389012487608
17935.0,145.79,3,2,72.895,3.0,0.0,0,46,0.0,0.0,0,0.0,1,0.47935929686266254
15445.0,113.5,0,1,113.5,0.0,0.0,0,172,0.0,0.0,0,0.0,1,0.6547189910216814
13339.0,860.1200000000002,0,1,860.1200000000002,0.0,0.0,0,108,0.0,0.0,0,0.0,1,0.5215013780166866
15186.0,229.26,0,1,229.26,0.0,0.0,0,76,0.0,0.0,0,0.0,0,0.5207226217806652
13937.0,158.85,0,1,158.85,0.0,0.0,0,77,0.0,0.0,0,0.0,1,0.5330091856722797
16967.0,319.0199999999999,0,1,319.0199999999999,0.0,0.0,0,97,0.0,0.0,0,0.0,1,0.5501209558228761
15434.0,543.28,93,4,135.82,31.0,0.0,0,15,9.0,44.0,1,0.25,0,0.21554263544974936
13546.0,183.96000000000004,0,1,183.96000000000004,0.0,0.0,0,108,0.0,0.0,0,0.0,0,0.584124410446493
14335.0,359.25,0,1,359.25,0.0,0.0,0,4,0.0,0.0,0,0.0,0,0.3533080137993467
12851.0,135.17999999999995,0,1,135.17999999999995,0.0,0.0,0,4,0.0,0.0,0,0.0,1,0.39368353709270165
13723.0,199.85000000000002,0,1,199.85000000000002,0.0,0.0,0,125,0.0,0.0,0,0.0,1,0.608445291760257
13898.0,155.93,0,1,155.93,0.0,0.0,0,233,0.0,0.0,0,0.0,1,0.650762834178919
13584.0,142.40000000000003,0,1,142.40000000000003,0.0,0.0,0,214,0.0,0.0,0,0.0,1,0.6595073290063355
12622.0,180.09999999999997,0,1,180.09999999999997,0.0,0.0,0,140,0.0,0.0,0,0.0,1,0.6287042011161184
12750.0,275.88,0,1,275.88,0.0,0.0,0,36,0.0,0.0,0,0.0,1,0.43088838798094325
12886.0,735.0899999999999,6,2,367.54499999999996,6.0,0.0,0,121,9.0,27.310000000000002,1,0.5,0,0.38628731886822815
15386.0,394.14000000000004,0,1,394.14000000000004,0.0,0.0,0,94,0.0,0.0,0,0.0,1,0.5354893911499428
14241.0,213.70000000000002,0,1,213.70000000000002,0.0,0.0,0,91,0.0,0.0,0,0.0,1,0.5514518977625067
15497.0,968.1,7,2,484.05,7.0,0.0,0,220,2.0,2.5,1,0.5,0,0.453464231286501
13551.0,91.80000000000001,0,1,91.80000000000001,0.0,0.0,0,227,0.0,0.0,0,0.0,1,0.64319919136352
13565.0,110.17999999999999,0,1,110.17999999999999,0.0,0.0,0,242,0.0,0.0,0,0.0,0,0.631579345573072
15326.0,311.71,0,1,311.71,0.0,0.0,0,241,0.0,0.0,0,0.0,1,0.6766632251819394
14465.0,1058.62,56,3,352.8733333333333,28.0,0.0,0,154,0.0,0.0,0,0.0,1,0.46580634991944125
16777.0,177.25000000000003,0,1,177.25000000000003,0.0,0.0,0,165,0.0,0.0,0,0.0,0,0.6521987397918505
17256.0,240.0,205,2,120.0,205.0,0.0,0,15,0.0,0.0,0,0.0,1,0.5893874042914011
17974.0,172.76999999999995,0,1,172.76999999999995,0.0,0.0,0,127,0.0,0.0,0,0.0,0,0.6129751025622496
15438.0,156.57999999999998,0,1,156.57999999999998,0.0,0.0,0,39,0.0,0.0,0,0.0,1,0.45855796803522514
16596.0,120.65,0,1,120.65,0.0,0.0,0,274,0.0,0.0,0,0.0,0,0.579467928896985
16065.0,372.0900000000001,0,1,372.0900000000001,0.0,0.0,0,273,0.0,0.0,0,0.0,1,0.6650266617952936
16893.0,145.93000000000004,0,1,145.93000000000004,0.0,0.0,0,274,0.0,0.0,0,0.0,1,0.5887530368218702
15608.0,285.68,0,1,285.68,0.0,0.0,0,28,0.0,0.0,0,0.0,0,0.41272510953132613
17653.0,328.34,21,2,164.17,21.0,0.0,0,7,0.0,0.0,0,0.0,0,0.31738276370055263
12436.0,496.41,0,1,496.41,0.0,0.0,0,7,0.0,0.0,0,0.0,1,0.338191624410727
14555.0,197.94000000000003,0,1,197.94000000000003,0.0,0.0,0,210,0.0,0.0,0,0.0,0,0.6678875115613682
12694.0,439.49999999999994,0,1,439.49999999999994,0.0,0.0,0,91,0.0,0.0,0,0.0,0,0.5238978238435675
14037.0,147.20000000000005,188,2,73.60000000000002,188.0,0.0,0,84,0.0,0.0,0,0.0,1,0.43437642843631163
15530.0,1168.73,97,3,389.57666666666665,48.5,0.0,0,57,0.0,0.0,0,0.0,0,0.3116884752469817
13850.0,1595.4799999999996,0,1,1595.4799999999996,0.0,0.0,0,37,0.0,0.0,0,0.0,0,0.3107169238877707
14180.0,4002.3700000000003,266,27,148.23592592592593,10.23076923076923,0.0,0,14,9.0,107.74999999999999,5,0.18518518518518517,0,0.0024992639688053127
14389.0,292.8,167,3,97.60000000000001,83.5,0.0,0,59,12.0,18.34,2,0.6666666666666666,0,0.5254578959760974
13854.0,6384.66,273,24,266.0275,11.869565217391305,0.0,0,0,18.0,84.5,4,0.16666666666666666,0,0.0002906882842083181
17594.0,315.0,0,1,315.0,0.0,0.0,0,162,0.0,0.0,0,0.0,0,0.6507419423637618
16980.0,1078.9600000000003,36,2,539.4800000000001,36.0,0.0,0,163,0.0,0.0,0,0.0,1,0.6010123541049852
15424.0,383.34,0,2,191.67,0.0,0.0,0,162,0.0,0.0,0,0.0,1,0.6992432997262892
14453.0,119.93000000000002,0,1,119.93000000000002,0.0,0.0,0,98,0.0,0.0,0,0.0,1,0.5749800954905462
17886.0,396.26,39,2,198.13,39.0,0.0,0,118,0.0,0.0,0,0.0,0,0.5329679109946327
12695.0,333.9,103,2,166.95,103.0,0.0,0,15,0.0,0.0,0,0.0,0,0.29535088009192456
17059.0,2250.0999999999995,259,4,562.5249999999999,86.33333333333333,0.0,0,18,0.0,0.0,0,0.0,0,0.37507030317795653
15867.0,2890.4699999999993,256,12,240.87249999999995,23.272727272727273,0.0,0,21,0.0,0.0,0,0.0,0,0.06547828347315639
13975.0,1468.8399999999997,148,5,293.7679999999999,37.0,0.0,0,36,7.0,23.05,1,0.2,0,0.17265404128162426
15249.0,5303.129999999999,149,12,441.92749999999995,13.545454545454545,0.0,0,15,20.0,31.099999999999998,2,0.16666666666666666,0,0.03582715101043152
13709.0,2834.869999999999,215,7,404.9814285714284,35.833333333333336,0.0,0,8,11.0,59.339999999999996,2,0.2857142857142857,0,0.10939546878326274
16348.0,769.9000000000001,112,4,192.47500000000002,37.333333333333336,0.0,0,36,0.0,0.0,0,0.0,0,0.2810182109626949
13571.0,1083.8300000000002,161,7,154.83285714285716,26.833333333333332,0.0,0,0,0.0,0.0,0,0.0,0,0.13438471282127526
15134.0,594.46,113,4,148.615,37.666666666666664,0.0,0,35,0.0,0.0,0,0.0,0,0.28426780284373243
18073.0,3804.4399999999996,83,13,292.6492307692307,6.916666666666667,0.0,0,22,10.0,13.08,1,0.07692307692307693,1,0.10168130509030474
13851.0,2641.2600000000007,193,3,880.4200000000002,96.5,0.0,0,3,0.0,0.0,0,0.0,1,0.41276218627673583
16710.0,1841.7900000000002,230,7,263.1128571428572,38.333333333333336,0.0,0,46,0.0,0.0,0,0.0,0,0.18765201551062613
16654.0,594.97,227,5,118.994,56.75,0.0,0,49,2.0,6.3,1,0.2,1,0.270954098318701
16138.0,-7.95,0,1,-7.95,0.0,0.0,0,276,1.0,7.95,1,1.0,1,0.4898428345264891
17320.0,1200.6200000000003,268,3,400.20666666666676,134.0,0.0,0,8,0.0,0.0,0,0.0,1,0.4992503314196164
14145.0,2257.2,84,4,564.3,28.0,0.0,0,41,120.0,594.0,1,0.25,0,0.18684278961445663
15290.0,3239.14,256,14,231.36714285714285,19.692307692307693,0.0,0,11,37.0,46.65,2,0.14285714285714285,0,0.022049444735236297
13115.0,845.2000000000003,212,8,105.65000000000003,30.285714285714285,0.0,0,62,15.0,33.35,7,0.875,0,0.5882549734128887
16682.0,810.22,95,3,270.0733333333333,47.5,0.0,0,0,0.0,0.0,0,0.0,0,0.2502256191005285
15951.0,375.16999999999996,0,1,375.16999999999996,0.0,0.0,0,193,0.0,0.0,0,0.0,0,0.6797077937890867
12728.0,617.31,75,3,205.76999999999998,37.5,0.0,0,165,0.0,0.0,0,0.0,0,0.5027140329884153
17025.0,160.97,0,2,80.485,0.0,0.0,0,281,0.0,0.0,0,0.0,0,0.755899119867377
15363.0,318.05,131,2,159.025,131.0,0.0,0,149,1.0,7.95,1,0.5,1,0.510888393347539
14496.0,538.81,62,2,269.405,62.0,0.0,0,219,0.0,0.0,0,0.0,1,0.5800806169787956
17732.0,303.97,0,1,303.97,0.0,0.0,0,280,0.0,0.0,0,0.0,1,0.633345416329572
16510.0,248.10000000000002,0,1,248.10000000000002,0.0,0.0,0,280,0.0,0.0,0,0.0,1,0.6136207162632292
16136.0,159.3,0,1,159.3,0.0,0.0,0,185,0.0,0.0,0,0.0,0,0.6618355250703422
13220.0,726.49,51,3,242.16333333333333,25.5,0.0,0,93,0.0,0.0,0,0.0,0,0.4386219603963129
13695.0,1722.0700000000002,161,12,143.50583333333336,14.636363636363637,0.0,0,6,0.0,0.0,0,0.0,0,0.0789573367700037
15856.0,11349.179999999998,270,20,567.459,14.210526315789474,0.0,0,3,16.0,91.5,3,0.15,0,0.0010240948074688842
16210.0,11226.359999999999,275,10,1122.636,30.555555555555557,0.0,0,6,0.0,0.0,0,0.0,0,0.09148064597627704
13394.0,1543.4499999999998,194,5,308.68999999999994,48.5,0.0,0,23,0.0,0.0,0,0.0,0,0.230353932142857
14918.0,1610.1500000000005,39,2,805.0750000000003,39.0,0.0,0,23,0.0,0.0,0,0.0,1,0.2898837250176392
12641.0,185.9,0,1,185.9,0.0,0.0,0,23,0.0,0.0,0,0.0,1,0.420814795868976
13815.0,2965.3,170,3,988.4333333333334,85.0,0.0,0,56,3.0,12.450000000000001,1,0.3333333333333333,0,0.1289189637546761
15854.0,2381.09,221,9,264.5655555555556,27.625,0.0,0,48,0.0,0.0,0,0.0,0,0.17604253902888914
17897.0,531.8,201,4,132.95,67.0,0.0,0,80,6.0,25.5,1,0.25,1,0.3065970803144514
15016.0,170.04,0,1,170.04,0.0,0.0,0,80,0.0,0.0,0,0.0,1,0.5369847505014606
12931.0,25069.75,257,13,1928.4423076923076,21.416666666666668,0.0,0,8,3679.0,7460.950000000001,1,0.07692307692307693,0,8.650593146664291e-10
14004.0,3203.26,190,5,640.652,47.5,0.0,0,6,0.0,0.0,0,0.0,0,0.2748534588926667
13145.0,413.8,245,2,206.9,245.0,0.0,0,35,0.0,0.0,0,0.0,0,0.6053154750280394
16938.0,1571.2000000000012,129,4,392.8000000000003,43.0,0.0,0,87,1515.0,833.2500000000001,1,0.25,0,0.2635475584180372
13668.0,4864.97,249,22,221.13500000000002,11.857142857142858,0.0,0,21,26.0,69.9,6,0.2727272727272727,0,0.016057723964330344
16743.0,1839.6100000000004,245,7,262.80142857142863,40.833333333333336,0.0,0,21,37.0,46.25,1,0.14285714285714285,0,0.11751138040336549
13681.0,203.46,0,1,203.46,0.0,0.0,0,63,0.0,0.0,0,0.0,0,0.498809579188808
13302.0,63.75,0,1,63.75,0.0,0.0,0,63,0.0,0.0,0,0.0,1,0.5221780807549339
17905.0,618.9899999999999,217,3,206.32999999999996,108.5,0.0,0,64,0.0,0.0,0,0.0,0,0.41844451781529524
12481.0,4096.3,186,9,455.14444444444445,23.25,0.0,0,87,14.0,5.46,1,0.1111111111111111,0,0.08847779510790257
14441.0,595.5,271,5,119.1,67.75,0.0,0,2,9.0,96.1,3,0.6,0,0.5140202176553339
14307.0,2275.49,239,4,568.8725,79.66666666666667,0.0,0,42,0.0,0.0,0,0.0,0,0.2865230136335419
12838.0,390.78999999999985,0,1,390.78999999999985,0.0,0.0,0,281,0.0,0.0,0,0.0,0,0.6607713865923145
17181.0,155.52,0,1,155.52,0.0,0.0,0,281,0.0,0.0,0,0.0,0,0.5765331649104897
15605.0,690.1800000000001,121,3,230.06000000000003,60.5,0.0,0,160,0.0,0.0,0,0.0,0,0.39084482996619113
14534.0,3021.1699999999996,223,16,188.82312499999998,14.866666666666667,0.0,0,3,2.0,7.5,2,0.125,0,0.010841289896233036
15182.0,622.8500000000001,114,2,311.42500000000007,114.0,0.0,0,62,0.0,0.0,0,0.0,1,0.37033928363399143
14711.0,2033.82,153,9,225.98,19.125,0.0,0,17,12.0,30.599999999999998,1,0.1111111111111111,0,0.09527135046775619
12757.0,1666.68,83,4,416.67,27.666666666666668,0.0,0,36,12.0,15.0,1,0.25,0,0.16988995424704512
14880.0,363.27,103,2,181.635,103.0,0.0,0,93,0.0,0.0,0,0.0,0,0.40922694747868776
17124.0,298.89000000000004,0,1,298.89000000000004,0.0,0.0,0,93,0.0,0.0,0,0.0,1,0.5447273418636778
17987.0,198.57,0,1,198.57,0.0,0.0,0,93,0.0,0.0,0,0.0,1,0.5569691995416406
17854.0,311.26,42,2,155.63,42.0,0.0,0,93,0.0,0.0,0,0.0,1,0.4764715870774334
13802.0,3906.2700000000004,222,6,651.0450000000001,44.4,0.0,0,46,291.0,693.1500000000001,3,0.5,1,0.04993372493147903
14048.0,368.5299999999999,28,2,184.26499999999996,28.0,0.0,0,185,14.0,34.8,1,0.5,1,0.6398110029088074
14264.0,319.47,218,3,106.49000000000001,109.0,0.0,0,62,4.0,14.5,1,0.3333333333333333,1,0.3471154500490572
14334.0,2315.96,265,8,289.495,37.857142857142854,0.0,0,1,1.0,12.75,1,0.125,0,0.08218780865985643
17725.0,2439.17,167,11,221.74272727272728,16.7,0.0,0,8,21.0,67.95,3,0.2727272727272727,0,0.0589262900317811
17049.0,2598.75,158,6,433.125,31.6,0.0,0,25,1.0,7.9,1,0.16666666666666666,0,0.1236468896640973
13515.0,523.96,130,3,174.65333333333334,65.0,0.0,0,25,0.0,0.0,0,0.0,0,0.2933133558980111
15402.0,626.3499999999999,48,2,313.17499999999995,48.0,0.0,0,56,0.0,0.0,0,0.0,1,0.3781973607177972
15660.0,835.49,248,9,92.83222222222223,31.0,0.0,0,25,13.0,48.85,3,0.3333333333333333,0,0.3091703801912225
13192.0,911.94,110,2,455.97,110.0,0.0,0,3,0.0,0.0,0,0.0,1,0.2609090683638444
17245.0,171.45,0,1,171.45,0.0,0.0,0,112,0.0,0.0,0,0.0,1,0.5915944127075219
15367.0,1406.2799999999995,72,3,468.7599999999998,36.0,0.0,0,111,2.0,9.9,1,0.3333333333333333,0,0.26238875383327
17372.0,1056.93,196,6,176.155,39.2,0.0,0,74,0.0,0.0,0,0.0,0,0.31579226544512784
15119.0,266.4,0,1,266.4,0.0,0.0,0,153,0.0,0.0,0,0.0,1,0.6411693890053777
14924.0,310.05,0,1,310.05,0.0,0.0,0,153,0.0,0.0,0,0.0,1,0.640535446445725
17949.0,42995.82000000001,278,36,1194.3283333333336,7.942857142857143,0.0,0,1,2854.0,4733.38,3,0.08333333333333333,0,4.383381740540863e-15
14723.0,469.29999999999984,13,3,156.43333333333328,6.5,0.0,0,266,0.0,0.0,0,0.0,0,0.8199460633572808
16725.0,770.92,69,7,110.13142857142857,11.5,0.0,0,210,1.0,5.95,1,0.14285714285714285,1,0.8619442515730896
12793.0,545.48,37,2,272.74,37.0,0.0,0,242,0.0,0.0,0,0.0,1,0.6491504482176926
16721.0,292.46999999999997,0,1,292.46999999999997,0.0,0.0,0,170,0.0,0.0,0,0.0,1,0.6583032102925843
14482.0,465.95,140,2,232.975,140.0,0.0,0,7,0.0,0.0,0,0.0,0,0.3335684843406125
14105.0,1266.2300000000002,0,1,1266.2300000000002,0.0,0.0,0,147,0.0,0.0,0,0.0,0,0.5993569870586131
12769.0,1143.6000000000001,0,1,1143.6000000000001,0.0,0.0,0,146,0.0,0.0,0,0.0,1,0.6016450909895626
13171.0,140.35,0,1,140.35,0.0,0.0,0,207,0.0,0.0,0,0.0,0,0.6612541774615639
15236.0,308.45,0,1,308.45,0.0,0.0,0,206,0.0,0.0,0,0.0,1,0.680111612117779
14738.0,753.0900000000001,186,6,125.51500000000003,37.2,0.0,0,38,24.0,4.5600000000000005,1,0.16666666666666666,0,0.20153748568859878
16184.0,982.5500000000001,106,6,163.75833333333335,21.2,0.0,0,13,1.0,3.25,1,0.16666666666666666,0,0.14895357864463502
14511.0,329.89,41,2,164.945,41.0,0.0,0,0,0.0,0.0,0,0.0,0,0.2698644353725014
14659.0,1568.1500000000003,170,9,174.23888888888894,21.25,0.0,0,53,12.0,73.4,2,0.2222222222222222,0,0.20420582769155407
12372.0,914.9200000000001,84,2,457.46000000000004,84.0,0.0,0,120,0.0,0.0,0,0.0,0,0.4859430035401551
12609.0,800.73,132,2,400.365,132.0,0.0,0,94,0.0,0.0,0,0.0,0,0.39908440508060206
16297.0,275.40000000000003,56,4,68.85000000000001,18.666666666666668,0.0,0,120,26.0,26.499999999999996,3,0.75,1,0.25595003763418783
14371.0,100.5,0,1,100.5,0.0,0.0,0,203,0.0,0.0,0,0.0,1,0.6573874357334262
12363.0,552.0,133,2,276.0,133.0,0.0,0,17,0.0,0.0,0,0.0,1,0.3258812064615995
16791.0,787.5199999999995,210,5,157.5039999999999,52.5,0.0,0,30,0.0,0.0,0,0.0,0,0.2450439108111215
15932.0,1813.68,182,9,201.52,22.75,0.0,0,15,14.0,34.02,3,0.3333333333333333,0,0.13066336563176809
13320.0,939.1499999999999,107,4,234.78749999999997,35.666666666666664,0.0,0,14,18.0,42.0,1,0.25,0,0.18752710614153614
17597.0,2039.3300000000004,0,1,2039.3300000000004,0.0,0.0,0,121,0.0,0.0,0,0.0,1,0.49018956748167897
17769.0,1828.73,182,4,457.1825,60.666666666666664,0.0,0,46,0.0,0.0,0,0.0,0,0.2613526402008048
16628.0,1614.8299999999997,128,5,322.96599999999995,32.0,0.0,0,14,3.0,5.01,1,0.2,0,0.1480565102715825
13735.0,1335.5499999999997,59,4,333.88749999999993,19.666666666666668,0.0,0,83,27.0,74.14,2,0.5,0,0.21184038623506674
13376.0,1013.96,135,3,337.9866666666667,67.5,0.0,0,7,0.0,0.0,0,0.0,1,0.28433226896182107
13101.0,101.18999999999998,0,1,101.18999999999998,0.0,0.0,0,142,0.0,0.0,0,0.0,1,0.6336014235355883
13126.0,1054.02,113,6,175.67,22.6,0.0,0,161,12.0,23.4,1,0.16666666666666666,0,0.4499981846014493
17365.0,2355.7700000000004,163,5,471.1540000000001,40.75,0.0,0,77,0.0,0.0,0,0.0,0,0.17260696837480408
12736.0,234.00000000000003,0,1,234.00000000000003,0.0,0.0,0,240,0.0,0.0,0,0.0,1,0.6614060510602685
14572.0,2060.29,214,8,257.53625,30.571428571428573,0.0,0,18,3.0,29.15,3,0.375,0,0.1753662949450492
17075.0,675.72,64,4,168.93,21.333333333333332,0.0,0,161,3.0,20.35,1,0.25,0,0.4300928747531709
15980.0,760.1800000000001,0,1,760.1800000000001,0.0,0.0,0,162,0.0,0.0,0,0.0,0,0.6485912327298543
18108.0,264.65,6,2,132.325,6.0,0.0,0,156,2.0,6.35,1,0.5,1,0.6516100056611277
16619.0,204.41,10,2,102.205,10.0,0.0,0,161,4.0,21.8,1,0.5,1,0.6774352843297221
14776.0,1748.94,207,9,194.32666666666668,25.875,0.0,0,13,6.0,12.48,1,0.1111111111111111,0,0.08255651474267059
13310.0,785.8500000000001,124,4,196.46250000000003,41.333333333333336,0.0,0,108,8.0,31.8,2,0.5,0,0.3264493837692164
17418.0,167.39000000000001,0,1,167.39000000000001,0.0,0.0,0,231,0.0,0.0,0,0.0,0,0.6545316294319234
15757.0,261.36,0,1,261.36,0.0,0.0,0,125,0.0,0.0,0,0.0,0,0.6042454447184424
17800.0,764.2999999999997,217,6,127.38333333333328,43.4,0.0,0,25,0.0,0.0,0,0.0,0,0.2018624671943126
15258.0,623.1600000000001,49,2,311.58000000000004,49.0,0.0,0,76,0.0,0.0,0,0.0,1,0.42358330427460095
17648.0,1099.44,87,4,274.86,29.0,0.0,0,70,1.0,7.95,1,0.25,0,0.2435459102829883
14331.0,450.05999999999995,11,2,225.02999999999997,11.0,0.0,0,32,0.0,0.0,0,0.0,1,0.38840351307342896
17639.0,108.5,0,1,108.5,0.0,0.0,0,184,0.0,0.0,0,0.0,1,0.6583492190448466
14270.0,492.6499999999999,0,1,492.6499999999999,0.0,0.0,0,239,0.0,0.0,0,0.0,1,0.7096468645650832
17722.0,2380.6400000000003,270,6,396.77333333333337,54.0,0.0,0,4,23.0,43.400000000000006,2,0.3333333333333333,1,0.17256425928006122
16006.0,101.39999999999999,0,1,101.39999999999999,0.0,0.0,0,119,0.0,0.0,0,0.0,1,0.6075553129819342
12578.0,1567.5099999999993,22,3,522.5033333333331,11.0,0.0,0,224,25.0,41.15,2,0.6666666666666666,0,0.11087738136813097
14440.0,1185.71,49,2,592.855,49.0,0.0,0,224,0.0,0.0,0,0.0,0,0.6529140409231183
17770.0,1143.27,84,5,228.654,21.0,0.0,0,106,0.0,0.0,0,0.0,1,0.44280772401634005
17702.0,1229.4199999999998,257,4,307.35499999999996,85.66666666666667,0.0,0,16,23.0,88.14999999999999,1,0.25,0,0.15466006342453648
18272.0,2054.8500000000004,133,5,410.9700000000001,33.25,0.0,0,21,6.0,13.8,1,0.2,0,0.14142999422810174
12360.0,1618.2800000000002,88,2,809.1400000000001,88.0,0.0,0,20,0.0,0.0,0,0.0,0,0.2636549748181932
13611.0,623.1199999999999,194,3,207.70666666666662,97.0,0.0,0,73,4.0,13.6,1,0.3333333333333333,0,0.32062652236304584
14691.0,1274.68,116,2,637.34,116.0,0.0,0,4,0.0,0.0,0,0.0,0,0.24082134708408995
15223.0,454.90000000000003,24,3,151.63333333333335,12.0,0.0,0,133,115.0,300.84999999999997,1,0.3333333333333333,1,0.5985312566131205
14747.0,294.3,2,2,147.15,2.0,0.0,0,155,2.0,33.9,1,0.5,1,0.6427120193355165
13223.0,163.20000000000002,32,2,81.60000000000001,32.0,0.0,0,108,0.0,0.0,0,0.0,1,0.5354493715681233
15181.0,430.05,190,3,143.35,95.0,0.0,0,83,1.0,4.95,1,0.3333333333333333,0,0.3562914030840732
16208.0,497.59,0,1,497.59,0.0,0.0,0,197,0.0,0.0,0,0.0,0,0.6907904248527981
17535.0,164.39999999999998,0,1,164.39999999999998,0.0,0.0,0,188,0.0,0.0,0,0.0,1,0.6630186944416794
13238.0,318.85,197,2,159.425,197.0,0.0,0,71,0.0,0.0,0,0.0,0,0.44613357437335854
15537.0,110.92000000000003,0,1,110.92000000000003,0.0,0.0,0,71,0.0,0.0,0,0.0,1,0.5291871017753078
14229.0,665.53,42,4,166.3825,14.0,0.0,0,199,20.0,96.6,2,0.5,0,0.36980816282567514
16950.0,778.41,243,2,389.205,243.0,0.0,0,32,0.0,0.0,0,0.0,0,0.4012942612178366
18246.0,232.9,0,1,232.9,0.0,0.0,0,141,0.0,0.0,0,0.0,0,0.6278980463223045
12670.0,1634.4699999999998,134,3,544.8233333333333,67.0,0.0,0,6,0.0,0.0,0,0.0,0,0.3011989435080604
12758.0,2791.59,160,2,1395.795,160.0,0.0,0,24,0.0,0.0,0,0.0,1,0.05177902583461936
13003.0,149.05,109,3,49.68333333333334,54.5,0.0,0,13,0.0,0.0,0,0.0,1,0.2605599650756843
16641.0,231.10000000000002,0,1,231.10000000000002,0.0,0.0,0,13,0.0,0.0,0,0.0,1,0.3925941925255872
16212.0,489.0,2,2,244.5,2.0,0.0,0,189,3.0,9.15,1,0.5,0,0.595699281270763
15636.0,306.7,0,1,306.7,0.0,0.0,0,190,0.0,0.0,0,0.0,0,0.6734113417716008
13496.0,465.61,1,2,232.805,1.0,0.0,0,266,12.0,35.400000000000006,1,0.5,0,0.6038817025678177
15392.0,319.1799999999999,2,2,159.58999999999995,2.0,0.0,0,266,12.0,19.799999999999997,1,0.5,0,0.6409827559037354
14529.0,135.24,0,1,135.24,0.0,0.0,0,18,0.0,0.0,0,0.0,0,0.4207333530831295
16201.0,303.80000000000007,0,1,303.80000000000007,0.0,0.0,0,17,0.0,0.0,0,0.0,0,0.38746975311035803
14387.0,440.75999999999993,0,1,440.75999999999993,0.0,0.0,0,17,0.0,0.0,0,0.0,0,0.3652243473975687
15313.0,52.0,0,1,52.0,0.0,0.0,0,18,0.0,0.0,0,0.0,1,0.43774336086385074
14957.0,58.49000000000001,0,1,58.49000000000001,0.0,0.0,0,161,0.0,0.0,0,0.0,1,0.6481344953589947
14886.0,364.80000000000007,0,1,364.80000000000007,0.0,0.0,0,160,0.0,0.0,0,0.0,1,0.6484707627763505
13370.0,721.3200000000004,5,2,360.6600000000002,5.0,0.0,0,274,7.0,33.55,1,0.5,1,0.5269508196682464
12836.0,2112.5299999999997,174,3,704.1766666666666,87.0,0.0,0,45,0.0,0.0,0,0.0,0,0.3144750957406944
17411.0,255.57999999999998,104,2,127.78999999999999,104.0,0.0,0,169,8.0,30.0,1,0.5,0,0.47988491668975897
13887.0,349.54999999999995,0,1,349.54999999999995,0.0,0.0,0,112,0.0,0.0,0,0.0,1,0.5753113392978257
16036.0,188.72999999999996,0,1,188.72999999999996,0.0,0.0,0,171,0.0,0.0,0,0.0,0,0.6565308904361888
17307.0,-152.64000000000001,0,1,-152.64000000000001,0.0,0.0,0,273,144.0,152.64000000000001,1,1.0,1,0.8208026463378312
18287.0,765.28,0,1,765.28,0.0,0.0,0,109,0.0,0.0,0,0.0,0,0.5319878068665448
13946.0,485.96999999999997,66,2,242.98499999999999,66.0,0.0,0,109,0.0,0.0,0,0.0,0,0.47323577208499024
16230.0,542.03,31,2,271.015,31.0,0.0,0,97,0.0,0.0,0,0.0,1,0.497305524250781
16374.0,156.3,0,1,156.3,0.0,0.0,0,170,0.0,0.0,0,0.0,0,0.6550159354102246
12831.0,215.05,0,1,215.05,0.0,0.0,0,170,0.0,0.0,0,0.0,1,0.6565466723312825
15437.0,200.16000000000003,0,1,200.16000000000003,0.0,0.0,0,170,0.0,0.0,0,0.0,1,0.6561751197892264
16399.0,176.60999999999999,0,1,176.60999999999999,0.0,0.0,0,143,0.0,0.0,0,0.0,0,0.6321853023911506
12749.0,2519.9500000000007,100,6,419.9916666666668,20.0,0.0,0,21,49.0,222.68,3,0.5,0,0.08074363375246707
16173.0,429.38,0,1,429.38,0.0,0.0,0,6,0.0,0.0,0,0.0,0,0.34607884441051917
14997.0,155.28,0,1,155.28,0.0,0.0,0,86,0.0,0.0,0,0.0,0,0.5500296837284895
14609.0,151.2,0,1,151.2,0.0,0.0,0,85,0.0,0.0,0,0.0,0,0.5487918439425187
15395.0,107.45000000000002,0,1,107.45000000000002,0.0,0.0,0,233,0.0,0.0,0,0.0,1,0.6408387143745788
12597.0,1428.81,85,2,714.405,85.0,0.0,0,91,0.0,0.0,0,0.0,0,0.4306202893773999
15577.0,258.8799999999998,154,3,86.29333333333328,77.0,0.0,0,59,0.0,0.0,0,0.0,1,0.36360611495997525
15004.0,1226.2499999999995,0,1,1226.2499999999995,0.0,0.0,0,55,0.0,0.0,0,0.0,1,0.36012494437576786
14475.0,487.4399999999999,138,5,97.48799999999997,34.5,0.0,0,74,19.0,126.03,3,0.6,0,0.4366380808041573
13512.0,251.20999999999998,0,1,251.20999999999998,0.0,0.0,0,168,0.0,0.0,0,0.0,1,0.6557742867093432
16849.0,124.57,0,1,124.57,0.0,0.0,0,94,0.0,0.0,0,0.0,1,0.5678655985129172
17123.0,345.29999999999995,0,1,345.29999999999995,0.0,0.0,0,69,0.0,0.0,0,0.0,1,0.48935672452386764
13833.0,384.7999999999999,0,1,384.7999999999999,0.0,0.0,0,67,0.0,0.0,0,0.0,1,0.47931328942379336
17555.0,195.44999999999996,0,1,195.44999999999996,0.0,0.0,0,242,0.0,0.0,0,0.0,0,0.6513955232275038
17660.0,196.0,0,1,196.0,0.0,0.0,0,49,0.0,0.0,0,0.0,1,0.471700741790093
15101.0,94.78,22,2,47.39,22.0,0.0,0,245,2.0,7.5,1,0.5,0,0.6517581413924869
15607.0,104.76,0,1,104.76,0.0,0.0,0,244,0.0,0.0,0,0.0,1,0.6277196784944683
14446.0,303.03999999999996,0,1,303.03999999999996,0.0,0.0,0,154,0.0,0.0,0,0.0,0,0.6418237616108858
17928.0,78.26,0,1,78.26,0.0,0.0,0,154,0.0,0.0,0,0.0,0,0.6439259264101042
17883.0,119.35000000000001,0,1,119.35000000000001,0.0,0.0,0,154,0.0,0.0,0,0.0,0,0.6436669348960194
16144.0,175.2,0,1,175.2,0.0,0.0,0,154,0.0,0.0,0,0.0,1,0.6432226860799672
17619.0,218.52000000000004,0,1,218.52000000000004,0.0,0.0,0,220,0.0,0.0,0,0.0,1,0.6687093160741222
15030.0,152.76,0,1,152.76,0.0,0.0,0,176,0.0,0.0,0,0.0,0,0.6580341296345074
12435.0,3978.9899999999993,0,1,3978.9899999999993,0.0,0.0,0,175,0.0,0.0,0,0.0,0,0.5976070075547428
17496.0,271.04999999999995,0,1,271.04999999999995,0.0,0.0,0,266,0.0,0.0,0,0.0,1,0.6439175197384354
13525.0,282.88,0,1,282.88,0.0,0.0,0,156,0.0,0.0,0,0.0,0,0.6443135707060157
15442.0,594.0,0,1,594.0,0.0,0.0,0,156,0.0,0.0,0,0.0,1,0.6402666793955628
14567.0,800.7600000000001,0,1,800.7600000000001,0.0,0.0,0,38,0.0,0.0,0,0.0,0,0.36097899302121467
17430.0,112.6,0,1,112.6,0.0,0.0,0,273,0.0,0.0,0,0.0,0,0.578761563453136
14173.0,114.04,0,1,114.04,0.0,0.0,0,127,0.0,0.0,0,0.0,0,0.6167286243944178
16425.0,302.69999999999993,0,1,302.69999999999993,0.0,0.0,0,210,0.0,0.0,0,0.0,1,0.680326785254499
16614.0,506.18999999999994,0,1,506.18999999999994,0.0,0.0,0,90,0.0,0.0,0,0.0,1,0.5139413105259473
13817.0,128.7,0,1,128.7,0.0,0.0,0,259,0.0,0.0,0,0.0,0,0.6118481641517715
14457.0,113.64,0,1,113.64,0.0,0.0,0,218,0.0,0.0,0,0.0,1,0.6533403134261728
14606.0,9110.520000000006,280,96,94.90125000000006,2.9473684210526314,0.0,0,1,235.0,417.78999999999996,25,0.2604166666666667,0,2.4523850331944797e-29
13883.0,1628.1999999999998,126,7,232.59999999999997,21.0,0.0,0,108,61.0,99.58,3,0.42857142857142855,0,0.2913259660332688
17291.0,550.8000000000001,0,1,550.8000000000001,0.0,0.0,0,216,0.0,0.0,0,0.0,1,0.7092639291681757
14709.0,3942.8399999999992,265,10,394.28399999999993,29.444444444444443,0.0,0,1,2.0,9.9,1,0.1,0,0.04738303287541255
15039.0,18052.879999999997,269,42,429.83047619047613,6.560975609756097,0.0,0,7,18.0,128.0,4,0.09523809523809523,0,1.7363144392701988e-06
14110.0,3246.12,147,6,541.02,29.4,0.0,0,27,2.0,13.5,1,0.16666666666666666,0,0.10872697597703707
13089.0,41889.09,270,90,465.4343333333333,3.033707865168539,0.0,0,7,272.0,1407.5,17,0.18888888888888888,0,1.3639472468388764e-26
16225.0,953.6400000000004,128,4,238.4100000000001,42.666666666666664,0.0,0,57,0.0,0.0,0,0.0,0,0.29960890390607453
13805.0,500.24,0,1,500.24,0.0,0.0,0,37,0.0,0.0,0,0.0,0,0.3970956281267046
14099.0,2298.72,234,9,255.4133333333333,29.25,0.0,0,28,2.0,11.2,1,0.1111111111111111,0,0.09982316821747789
15373.0,1484.0999999999997,256,10,148.40999999999997,28.444444444444443,0.0,0,23,24.0,202.79999999999998,1,0.1,0,0.06257820223462113
13610.0,768.2599999999999,175,6,128.04333333333332,35.0,0.0,0,18,1.0,7.95,1,0.16666666666666666,0,0.15782622790441497
17593.0,2247.74,211,4,561.935,70.33333333333333,0.0,0,49,6.0,15.78,1,0.25,0,0.17168134070328014
12841.0,2845.14,265,17,167.36117647058822,16.5625,0.0,0,14,0.0,0.0,0,0.0,0,0.02432320611999914
15382.0,2099.270000000001,116,6,349.8783333333335,23.2,0.0,0,87,9.0,27.85,2,0.3333333333333333,0,0.1684701318832337
13623.0,532.0200000000001,87,5,106.40400000000002,21.75,0.0,0,118,2.0,19.9,1,0.2,0,0.4173590926845955
14506.0,831.66,207,3,277.21999999999997,103.5,0.0,0,70,0.0,0.0,0,0.0,0,0.3932747143782355
15894.0,262.9,116,2,131.45,116.0,0.0,0,161,0.0,0.0,0,0.0,1,0.40136957813369684
13213.0,961.73,71,5,192.346,17.75,0.0,0,36,3.0,2.15,1,0.2,0,0.21370991492964272
15804.0,2289.6399999999994,104,7,327.0914285714285,17.333333333333332,0.0,0,2,4.0,255.0,2,0.2857142857142857,0,0.0991552203692242
16929.0,428.8800000000001,28,2,214.44000000000005,28.0,0.0,0,35,0.0,0.0,0,0.0,0,0.3609848812268863
16915.0,382.39000000000004,156,4,95.59750000000001,52.0,0.0,0,35,0.0,0.0,0,0.0,0,0.2856460265394484
17584.0,749.4499999999999,0,1,749.4499999999999,0.0,0.0,0,35,0.0,0.0,0,0.0,0,0.360468764819435
16258.0,3741.0600000000013,92,4,935.2650000000003,30.666666666666668,0.0,0,35,0.0,0.0,0,0.0,0,0.19633347667481024
14535.0,1653.9099999999994,121,2,826.9549999999997,121.0,0.0,0,35,0.0,0.0,0,0.0,0,0.26192365025079745
14972.0,114.77000000000002,0,1,114.77000000000002,0.0,0.0,0,36,0.0,0.0,0,0.0,1,0.4604856298058752
12502.0,3723.87,214,5,744.774,53.5,0.0,0,3,0.0,0.0,0,0.0,1,0.33069085239675966
16722.0,3636.9800000000005,269,13,279.76769230769236,22.416666666666668,0.0,0,7,12.0,19.6,3,0.23076923076923078,0,0.03230888191698463
16817.0,1021.6300000000001,193,11,92.87545454545456,19.3,0.0,0,83,60.0,157.8,3,0.2727272727272727,0,0.5968351119087236
14176.0,574.0,70,5,114.8,17.5,0.0,0,205,2.0,2.9,1,0.2,1,0.5702589035383124
16658.0,123.24,0,1,123.24,0.0,0.0,0,276,0.0,0.0,0,0.0,1,0.5758380785569729
17581.0,6231.209999999999,272,22,283.23681818181814,12.952380952380953,0.0,0,8,45.0,291.08000000000004,5,0.22727272727272727,0,0.0016643177533324936
16837.0,1908.4899999999996,88,10,190.84899999999996,9.777777777777779,0.0,0,65,1.0,3.25,1,0.1,0,0.3356558114826282
12598.0,1563.9800000000002,123,5,312.79600000000005,30.75,0.0,0,69,24.0,20.4,1,0.2,0,0.19629751567563355
13684.0,64.23000000000002,0,2,32.11500000000001,0.0,0.0,0,193,1.0,3.0,1,0.5,1,0.7545989700314862
18041.0,2985.7999999999993,269,17,175.63529411764702,16.8125,0.0,0,11,9.0,22.25,1,0.058823529411764705,0,0.011865396900326735
15544.0,2770.7200000000003,253,8,346.34000000000003,36.142857142857146,0.0,0,27,1.0,1.65,1,0.125,0,0.10371799967098544
12947.0,1402.25,230,11,127.47727272727273,23.0,0.0,0,51,8.0,196.69999999999996,5,0.45454545454545453,1,0.6688647960457973
14214.0,895.0099999999998,121,5,179.00199999999995,30.25,0.0,0,64,3.0,4.15,2,0.4,0,0.27603333175701
13081.0,18540.770000000004,242,13,1426.2130769230773,20.166666666666668,0.0,0,37,119.0,304.15,5,0.38461538461538464,0,0.0003943541168005051
12754.0,3010.74,73,3,1003.5799999999999,36.5,0.0,0,143,0.0,0.0,0,0.0,1,0.15363529648251503
13742.0,2589.87,158,11,235.44272727272727,15.8,0.0,0,70,8.0,28.599999999999998,2,0.18181818181818182,0,0.2370177842093276
15973.0,99.77000000000001,131,3,33.25666666666667,65.5,0.0,0,143,19.0,208.04999999999998,2,0.6666666666666666,1,0.465932244104813
13082.0,3595.48,212,10,359.548,23.555555555555557,0.0,0,34,11.0,18.15,1,0.1,1,0.0798208408509516
17029.0,716.0,126,2,358.0,126.0,0.0,0,18,0.0,0.0,0,0.0,1,0.30734975611564447
16131.0,2226.6600000000003,124,4,556.6650000000001,41.333333333333336,0.0,0,23,0.0,0.0,0,0.0,0,0.2483931642437907
16902.0,1681.88,0,1,1681.88,0.0,0.0,0,24,0.0,0.0,0,0.0,1,0.29228537353317197
15480.0,905.5,0,1,905.5,0.0,0.0,0,24,0.0,0.0,0,0.0,1,0.32298544790352285
17857.0,14182.019999999999,267,15,945.468,19.071428571428573,0.0,0,6,50.0,72.5,1,0.06666666666666667,0,0.009226554414981407
17157.0,149.01000000000002,4,2,74.50500000000001,4.0,0.0,0,80,3.0,12.450000000000001,1,0.5,0,0.58529586452404
17444.0,2935.0000000000005,25,3,978.3333333333335,12.5,0.0,0,55,0.0,0.0,0,0.0,1,0.24231294022547095
17723.0,3276.4,87,6,546.0666666666667,17.4,0.0,0,35,0.0,0.0,0,0.0,1,0.1909305607030326
15825.0,474.94000000000005,0,1,474.94000000000005,0.0,0.0,0,80,0.0,0.0,0,0.0,1,0.4955450655692028
12417.0,2766.17,251,9,307.3522222222222,31.375,0.0,0,14,12.0,50.349999999999994,2,0.2222222222222222,0,0.08735001674567439
13991.0,126.35,0,1,126.35,0.0,0.0,0,51,0.0,0.0,0,0.0,0,0.4881133833980641
12562.0,1605.2300000000002,72,3,535.0766666666667,36.0,0.0,0,34,0.0,0.0,0,0.0,0,0.27992051479040186
14560.0,1555.25,263,16,97.203125,17.533333333333335,0.0,0,2,1.0,9.95,1,0.0625,0,0.007946624462020114
12362.0,1724.5499999999997,183,6,287.42499999999995,36.6,0.0,0,20,10.0,22.799999999999997,2,0.3333333333333333,0,0.1639016483527579
16842.0,1264.19,202,3,421.3966666666667,101.0,0.0,0,8,0.0,0.0,0,0.0,0,0.3804598420377562
16012.0,1132.12,27,2,566.06,27.0,0.0,0,36,0.0,0.0,0,0.0,0,0.3334648371430848
15901.0,101.66999999999999,0,1,101.66999999999999,0.0,0.0,0,62,0.0,0.0,0,0.0,0,0.5138043125552346
14459.0,1812.7199999999996,0,1,1812.7199999999996,0.0,0.0,0,63,0.0,0.0,0,0.0,1,0.3535867803632769
12977.0,39.24,0,1,39.24,0.0,0.0,0,64,0.0,0.0,0,0.0,1,0.5282276288861094
15611.0,931.24,231,9,103.47111111111111,28.875,0.0,0,11,2.0,15.9,1,0.1111111111111111,0,0.07910248654754723
15809.0,399.21000000000004,118,4,99.80250000000001,39.333333333333336,0.0,0,92,0.0,0.0,0,0.0,0,0.42456664806811134
17548.0,-141.48000000000002,156,3,-47.160000000000004,78.0,0.0,0,125,190.0,244.78000000000003,2,0.6666666666666666,1,0.39847681958652903
14237.0,161.00000000000003,0,1,161.00000000000003,0.0,0.0,0,281,0.0,0.0,0,0.0,1,0.5786830752263581
17643.0,101.55000000000001,0,1,101.55000000000001,0.0,0.0,0,281,0.0,0.0,0,0.0,1,0.554918252615614
15756.0,364.84000000000003,97,3,121.61333333333334,48.5,0.0,0,60,0.0,0.0,0,0.0,0,0.35459538465614976
13955.0,322.96000000000004,151,2,161.48000000000002,151.0,0.0,0,62,0.0,0.0,0,0.0,1,0.39966840826955113
13209.0,4072.029999999999,254,8,509.00374999999985,36.285714285714285,0.0,0,15,21.0,71.45,3,0.375,0,0.09686972467635244
15569.0,1375.7099999999998,229,5,275.14199999999994,57.25,0.0,0,11,0.0,0.0,0,0.0,1,0.23026338598456147
14523.0,241.09000000000003,0,1,241.09000000000003,0.0,0.0,0,16,0.0,0.0,0,0.0,1,0.3966387045080514
16904.0,3030.2699999999995,259,13,233.09769230769228,21.583333333333332,0.0,0,16,0.0,0.0,0,0.0,0,0.046062784260714834
15625.0,1385.3500000000001,132,7,197.90714285714287,22.0,0.0,0,11,15.0,19.55,2,0.2857142857142857,1,0.12996381625374623
18087.0,2917.3199999999993,157,3,972.4399999999997,78.5,0.0,0,52,336.0,285.6,2,0.6666666666666666,1,0.003935384177229423
16356.0,210.32000000000002,80,4,52.580000000000005,26.666666666666668,0.0,0,105,1.0,1.45,1,0.25,1,0.41577201929973334
15768.0,551.8299999999999,110,4,137.95749999999998,36.666666666666664,0.0,0,23,1.0,40.0,1,0.25,1,0.22176382679426454
12693.0,830.96,199,6,138.49333333333334,39.8,0.0,0,28,5.0,24.95,2,0.3333333333333333,1,0.25658517182832674
16684.0,33150.06,225,20,1657.503,11.842105263157896,4794.839999999998,1,41,864.0,733.4399999999999,2,0.1,0,4.8875958955421846e-06
15358.0,5515.530000000001,245,20,275.77650000000006,12.894736842105264,0.0,0,28,119.0,101.60000000000001,5,0.25,0,0.02111034050510423
14201.0,461.8400000000001,210,7,65.97714285714287,35.0,0.0,0,57,12.0,59.400000000000006,2,0.2857142857142857,0,0.36498431146509314
18145.0,1023.7800000000002,108,2,511.8900000000001,108.0,0.0,0,112,0.0,0.0,0,0.0,0,0.44799764491228794
16359.0,1120.68,237,10,112.06800000000001,26.333333333333332,0.0,0,2,29.0,290.55,3,0.3,0,0.1060859120427797
13362.0,1581.5300000000002,42,2,790.7650000000001,42.0,0.0,0,153,0.0,0.0,0,0.0,0,0.5706229460815558
14030.0,1655.3999999999996,245,6,275.8999999999999,49.0,0.0,0,29,0.0,0.0,0,0.0,0,0.19372677140153868
15058.0,1244.4099999999999,188,7,177.77285714285713,31.333333333333332,0.0,0,32,0.0,0.0,0,0.0,0,0.20320845263153556
16643.0,487.51,0,1,487.51,0.0,0.0,0,153,0.0,0.0,0,0.0,1,0.637400585391225
17819.0,3424.6700000000005,189,7,489.2385714285715,31.5,0.0,0,90,4.0,43.8,1,0.14285714285714285,0,0.07733448415290746
14396.0,110.35000000000001,0,1,110.35000000000001,0.0,0.0,0,279,0.0,0.0,0,0.0,0,0.5635852278587963
12725.0,427.79999999999995,0,1,427.79999999999995,0.0,0.0,0,279,0.0,0.0,0,0.0,1,0.6747915521338997
17416.0,5239.410000000003,180,7,748.4871428571432,30.0,0.0,0,9,36.0,55.08,2,0.2857142857142857,0,0.05579926240660122
12585.0,1982.81,117,4,495.7025,39.0,0.0,0,142,21.0,57.290000000000006,2,0.5,1,0.1310897320439281
13120.0,30.599999999999998,0,1,30.599999999999998,0.0,0.0,0,146,0.0,0.0,0,0.0,1,0.6388907931532962
14644.0,187.50000000000003,0,1,187.50000000000003,0.0,0.0,0,206,0.0,0.0,0,0.0,0,0.6669870881681355
17373.0,287.29999999999995,178,2,143.64999999999998,178.0,0.0,0,42,0.0,0.0,0,0.0,0,0.45589805058576
13827.0,300.76,10,2,150.38,10.0,0.0,0,41,0.0,0.0,0,0.0,0,0.42600886027027285
17750.0,1255.17,65,5,251.03400000000002,16.25,0.0,0,7,0.0,0.0,0,0.0,0,0.23368396252174284
13722.0,2369.1600000000008,162,4,592.2900000000002,54.0,0.0,0,28,1.0,6.25,1,0.25,1,0.1542754002695758
15942.0,337.43999999999994,0,1,337.43999999999994,0.0,0.0,0,41,0.0,0.0,0,0.0,1,0.43090716751309244
14143.0,115.8,0,1,115.8,0.0,0.0,0,41,0.0,0.0,0,0.0,1,0.47023661602943095
15776.0,241.62000000000003,0,1,241.62000000000003,0.0,0.0,0,41,0.0,0.0,0,0.0,1,0.4472334539391664
17926.0,397.29,70,2,198.645,70.0,0.0,0,41,0.0,0.0,0,0.0,1,0.33253735654569283
15810.0,1359.11,167,4,339.7775,55.666666666666664,0.0,0,37,1.0,2.08,1,0.25,0,0.20403377606414433
14935.0,1784.7099999999998,0,1,1784.7099999999998,0.0,0.0,0,205,0.0,0.0,0,0.0,1,0.7449889231382097
17288.0,663.7,151,5,132.74,37.75,0.0,0,115,0.0,0.0,0,0.0,0,0.45880371844995643
16139.0,306.37,94,2,153.185,94.0,0.0,0,20,0.0,0.0,0,0.0,0,0.2965454307458417
13324.0,3766.14,157,8,470.7675,22.428571428571427,0.0,0,111,3.0,32.849999999999994,1,0.125,0,0.0909714686708667
13549.0,759.9699999999999,100,6,126.66166666666665,20.0,0.0,0,50,1.0,2.08,1,0.16666666666666666,0,0.2388771833000733
16186.0,2681.53,269,10,268.153,29.88888888888889,0.0,0,11,12.0,15.0,1,0.1,0,0.05314534632212196
15240.0,1024.38,180,5,204.87600000000003,45.0,0.0,0,99,8.0,21.0,2,0.4,0,0.3268923970513961
12701.0,337.08,0,1,337.08,0.0,0.0,0,150,0.0,0.0,0,0.0,0,0.6362683868444288
12928.0,1136.1399999999999,212,3,378.7133333333333,106.0,0.0,0,55,0.0,0.0,0,0.0,0,0.38616850078137405
15676.0,877.3999999999996,70,2,438.6999999999998,70.0,0.0,0,121,4.0,20.4,1,0.5,0,0.522101369901022
16170.0,1536.23,136,6,256.03833333333336,27.2,0.0,0,20,4.0,4.63,1,0.16666666666666666,0,0.1421051724933851
17406.0,1928.7199999999993,36,5,385.74399999999986,9.0,0.0,0,238,3.0,271.7,2,0.4,1,0.3025213932745977
17046.0,642.0199999999999,0,1,642.0199999999999,0.0,0.0,0,65,0.0,0.0,0,0.0,1,0.4400230473910773
17088.0,1399.11,71,2,699.555,71.0,0.0,0,90,0.0,0.0,0,0.0,0,0.43662963770842983
13917.0,65.38,0,1,65.38,0.0,0.0,0,99,0.0,0.0,0,0.0,0,0.5829303454388198
15421.0,739.36,95,3,246.45333333333335,47.5,0.0,0,123,0.0,0.0,0,0.0,0,0.4118280951075735
15938.0,404.58000000000004,211,5,80.91600000000001,52.75,0.0,0,20,0.0,0.0,0,0.0,1,0.22200831183147052
15262.0,178.95000000000002,0,1,178.95000000000002,0.0,0.0,0,231,0.0,0.0,0,0.0,1,0.6567393504490171
17152.0,1503.5,69,4,375.875,23.0,0.0,0,102,40.0,186.0,1,0.25,1,0.27483270830959855
12493.0,416.79,32,3,138.93,16.0,0.0,0,73,1.0,16.95,1,0.3333333333333333,1,0.41463392689712075
18190.0,274.51,138,3,91.50333333333333,69.0,0.0,0,100,1.0,9.95,1,0.3333333333333333,1,0.371709354051334
13282.0,770.55,58,3,256.84999999999997,29.0,0.0,0,70,1.0,2.55,1,0.3333333333333333,0,0.3128646861337743
15584.0,154.65,0,1,154.65,0.0,0.0,0,70,0.0,0.0,0,0.0,0,0.520379915843521
14132.0,1552.46,70,5,310.492,17.5,0.0,0,21,0.0,0.0,0,0.0,0,0.24790025277181832
16498.0,86.12,1,3,28.706666666666667,0.5,0.0,0,69,3.0,14.850000000000001,1,0.3333333333333333,1,0.5564966003476505
16940.0,1868.3599999999997,120,2,934.1799999999998,120.0,0.0,0,77,0.0,0.0,0,0.0,0,0.32996376677125644
15057.0,1489.5,40,2,744.75,40.0,0.0,0,183,0.0,0.0,0,0.0,1,0.6207215687631931
18086.0,101.33999999999999,0,1,101.33999999999999,0.0,0.0,0,182,0.0,0.0,0,0.0,1,0.6574874926874191
15855.0,712.24,127,5,142.448,31.75,0.0,0,44,0.0,0.0,0,0.0,1,0.29058247896602407
17556.0,157.9,0,1,157.9,0.0,0.0,0,113,0.0,0.0,0,0.0,1,0.5943456674990416
13617.0,365.70000000000005,67,2,182.85000000000002,67.0,0.0,0,21,0.0,0.0,0,0.0,0,0.2931597842605792
12513.0,612.2900000000001,0,1,612.2900000000001,0.0,0.0,0,20,0.0,0.0,0,0.0,0,0.34709111737130854
14765.0,95.5,64,2,47.75,64.0,0.0,0,20,0.0,0.0,0,0.0,0,0.2927774704262587
12364.0,623.92,0,1,623.92,0.0,0.0,0,20,0.0,0.0,0,0.0,0,0.3456164979957641
15232.0,612.06,27,2,306.03,27.0,0.0,0,21,0.0,0.0,0,0.0,1,0.323386532816021
18273.0,153.0,162,2,76.5,162.0,0.0,0,3,0.0,0.0,0,0.0,0,0.43489106505229225
17828.0,1048.16,83,5,209.632,20.75,0.0,0,9,8.0,28.5,2,0.4,0,0.18402723909185847
17877.0,237.61,0,1,237.61,0.0,0.0,0,78,0.0,0.0,0,0.0,1,0.5234569024820594
16115.0,926.63,175,5,185.326,43.75,0.0,0,25,0.0,0.0,0,0.0,0,0.2328999644428947
14277.0,1637.43,0,1,1637.43,0.0,0.0,0,120,0.0,0.0,0,0.0,0,0.5035625926128611
13708.0,294.87999999999994,0,1,294.87999999999994,0.0,0.0,0,179,0.0,0.0,0,0.0,1,0.6656724615112617
16634.0,217.9,150,2,108.95,150.0,0.0,0,130,0.0,0.0,0,0.0,1,0.3621417061807417
16116.0,592.8800000000001,6,2,296.44000000000005,6.0,0.0,0,113,2.0,19.9,1,0.5,1,0.4324340125918639
14643.0,668.61,188,3,222.87,94.0,0.0,0,78,60.0,25.200000000000003,1,0.3333333333333333,1,0.17350059338144974
12755.0,2220.75,116,3,740.25,58.0,0.0,0,157,624.0,1591.1999999999998,1,0.3333333333333333,1,0.19519135989030828
13568.0,192.85000000000005,0,1,192.85000000000005,0.0,0.0,0,81,0.0,0.0,0,0.0,1,0.5356120700328083
16593.0,255.5,138,2,127.75,138.0,0.0,0,97,0.0,0.0,0,0.0,0,0.39502025080052633
13410.0,534.15,104,4,133.5375,34.666666666666664,0.0,0,95,3.0,5.85,1,0.25,0,0.33078165666321085
17158.0,698.55,128,2,349.275,128.0,0.0,0,140,0.0,0.0,0,0.0,0,0.42409941085202485
12521.0,599.6800000000001,0,1,599.6800000000001,0.0,0.0,0,50,0.0,0.0,0,0.0,1,0.4114300364230325
13368.0,623.4,81,2,311.7,81.0,0.0,0,164,0.0,0.0,0,0.0,1,0.5268320654305562
13781.0,127.84000000000002,0,1,127.84000000000002,0.0,0.0,0,158,0.0,0.0,0,0.0,1,0.6466861879362262
15132.0,842.23,157,3,280.74333333333334,78.5,0.0,0,13,0.0,0.0,0,0.0,0,0.3056512039742054
14837.0,1345.56,96,3,448.52,48.0,0.0,0,13,0.0,0.0,0,0.0,0,0.27184625766393844
17180.0,547.11,75,5,109.422,18.75,0.0,0,149,3.0,15.649999999999999,2,0.4,0,0.40717565312192244
13161.0,112.75,0,1,112.75,0.0,0.0,0,221,0.0,0.0,0,0.0,1,0.6514204904777293
15224.0,310.47999999999996,4,3,103.49333333333333,2.0,0.0,0,266,2.0,11.6,1,0.3333333333333333,1,0.6548627030701726
17251.0,283.28,0,1,283.28,0.0,0.0,0,270,0.0,0.0,0,0.0,1,0.6420665813216767
14231.0,822.0599999999998,109,5,164.41199999999998,27.25,0.0,0,87,7.0,103.65,2,0.4,1,0.3194498795067297
15733.0,162.3,0,1,162.3,0.0,0.0,0,190,0.0,0.0,0,0.0,1,0.6633356417312227
17995.0,76.1,0,1,76.1,0.0,0.0,0,189,0.0,0.0,0,0.0,1,0.6565436361330353
18176.0,448.65,5,2,224.325,5.0,0.0,0,261,4.0,27.7,1,0.5,1,0.6097097971094388
14373.0,76.55,0,1,76.55,0.0,0.0,0,266,0.0,0.0,0,0.0,1,0.5814044739868829
13874.0,540.45,0,1,540.45,0.0,0.0,0,266,0.0,0.0,0,0.0,1,0.7142587306403111
17703.0,490.96,29,2,245.48,29.0,0.0,0,17,0.0,0.0,0,0.0,0,0.3166310824256163
14495.0,40.599999999999994,0,1,40.599999999999994,0.0,0.0,0,29,0.0,0.0,0,0.0,0,0.4615279805974948
15494.0,1127.3800000000006,0,1,1127.3800000000006,0.0,0.0,0,29,0.0,0.0,0,0.0,0,0.31515823973326984
15412.0,190.53000000000003,0,1,190.53000000000003,0.0,0.0,0,79,0.0,0.0,0,0.0,1,0.5321522699970914
13295.0,197.95,13,2,98.975,13.0,0.0,0,267,1.0,3.25,1,0.5,1,0.6308848755184506
16754.0,2002.4,0,1,2002.4,0.0,0.0,0,280,0.0,0.0,0,0.0,1,0.8893581892821986
16989.0,890.7,52,2,445.35,52.0,0.0,0,6,0.0,0.0,0,0.0,0,0.26475279406276486
16943.0,816.7299999999999,107,3,272.2433333333333,53.5,0.0,0,119,0.0,0.0,0,0.0,1,0.3851878101040266
13703.0,99.5,0,1,99.5,0.0,0.0,0,226,0.0,0.0,0,0.0,1,0.6454842024486158
17849.0,605.8,115,4,151.45,38.333333333333336,0.0,0,126,0.0,0.0,0,0.0,1,0.45386631298983754
12615.0,634.7400000000002,0,1,634.7400000000002,0.0,0.0,0,76,0.0,0.0,0,0.0,0,0.4665878147165299
13737.0,339.59999999999997,0,1,339.59999999999997,0.0,0.0,0,108,0.0,0.0,0,0.0,1,0.5688482062539778
15314.0,327.97,0,1,327.97,0.0,0.0,0,107,0.0,0.0,0,0.0,1,0.5681280133200008
16629.0,234.67999999999992,0,1,234.67999999999992,0.0,0.0,0,4,0.0,0.0,0,0.0,0,0.3746947140590902
14171.0,363.78999999999996,0,1,363.78999999999996,0.0,0.0,0,6,0.0,0.0,0,0.0,1,0.3562867986682774
17187.0,203.95,0,1,203.95,0.0,0.0,0,134,0.0,0.0,0,0.0,1,0.6203378761288976
15656.0,563.6300000000001,106,3,187.8766666666667,53.0,0.0,0,86,0.0,0.0,0,0.0,0,0.3808488473759027
15585.0,455.30000000000007,0,1,455.30000000000007,0.0,0.0,0,84,0.0,0.0,0,0.0,1,0.5068373564482432
14421.0,455.18,0,1,455.18,0.0,0.0,0,119,0.0,0.0,0,0.0,0,0.5795863969617224
16984.0,3159.8499999999967,30,2,1579.9249999999984,30.0,0.0,0,8,12.0,66.28,1,0.5,0,0.0044960552814514625
13726.0,292.68000000000006,0,1,292.68000000000006,0.0,0.0,0,8,0.0,0.0,0,0.0,0,0.3719483363128489
15582.0,541.5100000000001,120,2,270.75500000000005,120.0,0.0,0,8,0.0,0.0,0,0.0,0,0.2969675841708106
13618.0,177.34000000000003,0,1,177.34000000000003,0.0,0.0,0,81,0.0,0.0,0,0.0,1,0.5378088963219443
13341.0,775.8499999999999,0,1,775.8499999999999,0.0,0.0,0,168,0.0,0.0,0,0.0,1,0.6596264955025811
17891.0,203.85999999999993,0,1,203.85999999999993,0.0,0.0,0,70,0.0,0.0,0,0.0,1,0.5126968976562095
15167.0,162.99999999999997,0,1,162.99999999999997,0.0,0.0,0,228,0.0,0.0,0,0.0,1,0.6557567065563339
13233.0,304.24,0,1,304.24,0.0,0.0,0,244,0.0,0.0,0,0.0,0,0.6734676921537884
14912.0,482.78999999999996,0,1,482.78999999999996,0.0,0.0,0,154,0.0,0.0,0,0.0,0,0.6390248618712349
12545.0,628.15,0,1,628.15,0.0,0.0,0,167,0.0,0.0,0,0.0,0,0.6580559930517342
18071.0,453.0,108,2,226.5,108.0,0.0,0,165,0.0,0.0,0,0.0,1,0.4441768505321245
13600.0,219.51999999999998,0,1,219.51999999999998,0.0,0.0,0,220,0.0,0.0,0,0.0,1,0.6688595855082028
15950.0,1091.3799999999999,253,2,545.6899999999999,253.0,0.0,0,14,0.0,0.0,0,0.0,0,0.24747224980265373
16586.0,463.95,0,1,463.95,0.0,0.0,0,156,0.0,0.0,0,0.0,1,0.64230600229414
17289.0,167.35999999999999,0,1,167.35999999999999,0.0,0.0,0,88,0.0,0.0,0,0.0,0,0.5519975130771398
17165.0,158.68,0,1,158.68,0.0,0.0,0,192,0.0,0.0,0,0.0,1,0.6634274996698546
17844.0,51.56,0,1,51.56,0.0,0.0,0,14,0.0,0.0,0,0.0,1,0.43009008999986376
13930.0,209.99999999999994,0,1,209.99999999999994,0.0,0.0,0,44,0.0,0.0,0,0.0,0,0.45900133053324493
13077.0,577.44,76,3,192.48000000000002,38.0,0.0,0,198,0.0,0.0,0,0.0,0,0.5167170172249699
16990.0,179.0,0,1,179.0,0.0,0.0,0,126,0.0,0.0,0,0.0,1,0.6112273900307242
14199.0,185.39999999999998,0,1,185.39999999999998,0.0,0.0,0,126,0.0,0.0,0,0.0,1,0.6108041057085786
14423.0,265.2,0,1,265.2,0.0,0.0,0,126,0.0,0.0,0,0.0,1,0.6055072394652767
15397.0,94.0,0,1,94.0,0.0,0.0,0,197,0.0,0.0,0,0.0,1,0.6577287267200117
12409.0,6202.129999999999,65,2,3101.0649999999996,65.0,0.0,0,25,1.0,4.95,1,0.5,0,0.0004053229102233289
12516.0,583.2,0,1,583.2,0.0,0.0,0,88,0.0,0.0,0,0.0,0,0.5005777058862524
13307.0,15.0,0,1,15.0,0.0,0.0,0,28,0.0,0.0,0,0.0,1,0.4649238403280832
15226.0,154.41,0,1,154.41,0.0,0.0,0,218,0.0,0.0,0,0.0,1,0.6596940252825156
17278.0,246.04000000000008,0,1,246.04000000000008,0.0,0.0,0,149,0.0,0.0,0,0.0,1,0.6370194523993438
13740.0,350.75,0,1,350.75,0.0,0.0,0,148,0.0,0.0,0,0.0,1,0.6332721632502121
13859.0,201.16,0,1,201.16,0.0,0.0,0,234,0.0,0.0,0,0.0,1,0.6589866965897432
13418.0,4479.829999999999,274,17,263.5194117647058,17.125,0.0,0,6,38.0,251.7,3,0.17647058823529413,0,0.005681348133040471
16265.0,4015.4499999999994,254,9,446.16111111111104,31.75,0.0,0,18,19.0,23.85,2,0.2222222222222222,0,0.0745985573097111
12748.0,12922.849999999986,280,137,94.32737226277362,2.0588235294117645,0.0,0,1,429.0,466.78,6,0.043795620437956206,0,1.0208401946630051e-22
14952.0,3276.3100000000004,208,9,364.0344444444445,26.0,0.0,0,66,56.0,155.6,3,0.3333333333333333,0,0.15687012894718613
14419.0,307.56,112,2,153.78,112.0,0.0,0,160,0.0,0.0,0,0.0,0,0.41776592508840027
17690.0,3526.6800000000003,272,11,320.60727272727274,27.2,0.0,0,9,0.0,0.0,0,0.0,0,0.046591806686193935
16062.0,778.1400000000001,231,3,259.38000000000005,115.5,0.0,0,41,0.0,0.0,0,0.0,0,0.42823947702610193
15881.0,438.24,52,8,54.78,7.428571428571429,0.0,0,220,61.0,63.14999999999999,2,0.25,1,0.8992834106926713
17880.0,458.91999999999985,0,1,458.91999999999985,0.0,0.0,0,272,0.0,0.0,0,0.0,1,0.6904712738121491
13534.0,4155.549999999999,258,37,112.31216216216214,7.166666666666667,0.0,0,8,69.0,215.98,15,0.40540540540540543,0,6.651373332841067e-05
13094.0,1327.2600000000002,239,14,94.80428571428573,18.384615384615383,0.0,0,37,174.0,218.46,3,0.21428571428571427,0,0.16353492480459544
13669.0,48.150000000000006,0,1,48.150000000000006,0.0,0.0,0,57,0.0,0.0,0,0.0,0,0.5137782925501359
13263.0,4860.460000000003,217,23,211.32434782608706,9.863636363636363,0.0,0,16,0.0,0.0,0,0.0,0,0.035744771771368714
18219.0,1367.13,219,8,170.89125,31.285714285714285,0.0,0,57,0.0,0.0,0,0.0,0,0.26976838775322365
16729.0,5206.91,142,21,247.94809523809522,7.1,0.0,0,7,5.0,136.4,4,0.19047619047619047,0,0.004874105413972132
15353.0,766.8199999999998,113,2,383.4099999999999,113.0,0.0,0,162,0.0,0.0,0,0.0,1,0.4655738458259094
15364.0,913.1900000000002,159,2,456.5950000000001,159.0,0.0,0,3,0.0,0.0,0,0.0,1,0.29582603865569634
16717.0,1000.0899999999999,271,6,166.68166666666664,54.2,0.0,0,3,293.0,559.57,2,0.3333333333333333,0,0.026980604631316542
12744.0,8100.969999999999,174,3,2700.3233333333333,87.0,0.0,0,52,0.0,0.0,0,0.0,0,0.022502970494784637
16762.0,314.15000000000003,0,1,314.15000000000003,0.0,0.0,0,52,0.0,0.0,0,0.0,0,0.4580089948634445
12833.0,417.37999999999994,0,1,417.37999999999994,0.0,0.0,0,53,0.0,0.0,0,0.0,1,0.4439968406890264
16618.0,1411.7399999999998,119,5,282.34799999999996,29.75,0.0,0,111,1.0,16.95,1,0.2,0,0.2365516406057861
13183.0,2394.9800000000005,233,6,399.1633333333334,46.6,0.0,0,9,0.0,0.0,0,0.0,0,0.19536367074986374
12980.0,7092.0599999999995,203,12,591.005,18.454545454545453,0.0,0,63,22.0,282.84000000000003,3,0.25,1,0.03560426762236569
17428.0,10549.940000000002,258,24,439.58083333333343,11.217391304347826,0.0,0,18,28.0,111.15,4,0.16666666666666666,0,0.0013867655930261463
17965.0,1889.78,235,10,188.978,26.11111111111111,0.0,0,42,0.0,0.0,0,0.0,0,0.18411703913194027
13652.0,638.24,112,2,319.12,112.0,0.0,0,164,0.0,0.0,0,0.0,0,0.4552803367962185
15880.0,313.28,0,2,156.64,0.0,0.0,0,277,24.0,30.0,1,0.5,1,0.6293468287022844
15046.0,3815.8199999999997,242,12,317.98499999999996,22.0,0.0,0,4,144.0,149.76,1,0.08333333333333333,0,0.02264138445793779
17470.0,816.4699999999999,240,4,204.11749999999998,80.0,0.0,0,35,0.0,0.0,0,0.0,0,0.32406232502228216
15400.0,666.7,186,6,111.11666666666667,37.2,0.0,0,0,30.0,49.5,1,0.16666666666666666,1,0.11661016152308684
12917.0,594.0,0,1,594.0,0.0,0.0,0,36,0.0,0.0,0,0.0,1,0.3818543057739174
15254.0,300.36000000000007,0,1,300.36000000000007,0.0,0.0,0,35,0.0,0.0,0,0.0,1,0.42458888639158965
17491.0,2101.1600000000003,274,7,300.16571428571433,45.666666666666664,0.0,0,1,1.0,16.95,1,0.14285714285714285,0,0.11233758755159284
17218.0,948.5799999999999,154,5,189.71599999999998,38.5,0.0,0,122,0.0,0.0,0,0.0,0,0.3971185976464064
17223.0,383.29,58,2,191.645,58.0,0.0,0,218,0.0,0.0,0,0.0,1,0.5775167056191419
13266.0,2461.09,253,13,189.3146153846154,21.083333333333332,0.0,0,14,93.0,74.49000000000001,4,0.3076923076923077,0,0.08085601051506401
12431.0,4803.51,254,14,343.10785714285714,19.53846153846154,0.0,0,27,50.0,71.06,3,0.21428571428571427,0,0.038033899661977316
15874.0,2181.15,107,7,311.59285714285716,17.833333333333332,0.0,0,85,7.0,26.599999999999998,1,0.14285714285714285,0,0.2123311944528001
14541.0,1180.2,151,6,196.70000000000002,30.2,0.0,0,76,0.0,0.0,0,0.0,0,0.3349954493869475
15990.0,401.37000000000006,0,1,401.37000000000006,0.0,0.0,0,195,0.0,0.0,0,0.0,0,0.6828114794652924
15062.0,814.0400000000001,142,3,271.3466666666667,71.0,0.0,0,125,0.0,0.0,0,0.0,0,0.3607991988968597
17925.0,244.08,0,1,244.08,0.0,0.0,0,280,0.0,0.0,0,0.0,1,0.6121650206780581
17050.0,3193.44,203,6,532.24,40.6,0.0,0,4,0.0,0.0,0,0.0,1,0.2164663195105772
12457.0,832.6,110,6,138.76666666666668,22.0,0.0,0,37,111.0,234.65,2,0.3333333333333333,0,0.25940247462409344
12878.0,854.99,30,2,427.495,30.0,0.0,0,144,0.0,0.0,0,0.0,0,0.5808604892849591
17990.0,620.76,125,3,206.92,62.5,0.0,0,144,0.0,0.0,0,0.0,1,0.4010083875191083
13951.0,669.41,118,3,223.13666666666666,59.0,0.0,0,84,0.0,0.0,0,0.0,1,0.36573161144464694
13159.0,793.4899999999998,10,3,264.4966666666666,5.0,0.0,0,13,14.0,58.10000000000001,1,0.3333333333333333,0,0.2583944470710774
13140.0,423.72,258,3,141.24,129.0,0.0,0,16,0.0,0.0,0,0.0,1,0.4579342001708612
14646.0,177897.62,262,45,3953.280444444444,5.954545454545454,285244.8000000006,1,0,291.0,405.00000000000006,2,0.044444444444444446,0,8.146735971432649e-21
13524.0,393.86,118,3,131.28666666666666,59.0,0.0,0,9,0.0,0.0,0,0.0,0,0.2596375707110654
12541.0,536.14,107,2,268.07,107.0,0.0,0,81,0.0,0.0,0,0.0,0,0.3976120204725702
12415.0,101335.53000000001,238,18,5629.751666666667,14.0,0.0,0,7,307.0,752.3499999999999,3,0.16666666666666666,0,0.04153651787802016
13513.0,205.09999999999997,0,1,205.09999999999997,0.0,0.0,0,34,0.0,0.0,0,0.0,1,0.4394315225489362
17334.0,306.6,7,3,102.2,3.5,0.0,0,209,1.0,0.42,1,0.3333333333333333,1,0.6670565161964901
17031.0,225.95,0,1,225.95,0.0,0.0,0,62,0.0,0.0,0,0.0,0,0.4931452228731204
16829.0,197.22,0,1,197.22,0.0,0.0,0,64,0.0,0.0,0,0.0,1,0.5018236684567029
13291.0,359.00999999999993,0,1,359.00999999999993,0.0,0.0,0,63,0.0,0.0,0,0.0,1,0.474490374020174
12474.0,4193.640000000001,270,21,199.69714285714292,13.5,0.0,0,6,41.0,148.62,6,0.2857142857142857,0,0.005176649799545807
16253.0,1700.3999999999996,0,1,1700.3999999999996,0.0,0.0,0,163,0.0,0.0,0,0.0,0,0.6301847500249839
13255.0,225.7,0,1,225.7,0.0,0.0,0,281,0.0,0.0,0,0.0,0,0.6034126775866175
15012.0,191.0599999999999,0,1,191.0599999999999,0.0,0.0,0,281,0.0,0.0,0,0.0,0,0.5903241007562315
16250.0,389.44,112,2,194.72,112.0,0.0,0,169,0.0,0.0,0,0.0,1,0.42347310105610636
16456.0,2158.37,274,5,431.674,68.5,0.0,0,7,0.0,0.0,0,0.0,1,0.2839237094799157
17126.0,989.7499999999998,210,7,141.3928571428571,35.0,0.0,0,60,2.0,12.899999999999999,2,0.2857142857142857,1,0.31264500303336024
17353.0,1740.0,25,2,870.0,25.0,0.0,0,37,0.0,0.0,0,0.0,1,0.31219054180180933
16278.0,550.5799999999999,6,2,275.28999999999996,6.0,0.0,0,2,4.0,15.8,1,0.5,0,0.2163729702190469
18061.0,1793.5100000000002,259,8,224.18875000000003,37.0,0.0,0,15,0.0,0.0,0,0.0,0,0.11051394463427508
12642.0,366.45000000000005,0,1,366.45000000000005,0.0,0.0,0,15,0.0,0.0,0,0.0,0,0.37302425047084037
13425.0,1596.6099999999997,186,3,532.2033333333333,93.0,0.0,0,16,0.0,0.0,0,0.0,1,0.36326765296579044
14208.0,151.73999999999998,0,1,151.73999999999998,0.0,0.0,0,2,0.0,0.0,0,0.0,1,0.38663328280177384
15073.0,415.98,1,3,138.66,0.5,0.0,0,93,202.0,415.97999999999996,1,0.3333333333333333,0,0.5316262258522051
14525.0,2870.31,261,10,287.031,29.0,0.0,0,8,20.0,54.18,3,0.3,0,0.09441071437837825
13643.0,259.4,87,2,129.7,87.0,0.0,0,6,0.0,0.0,0,0.0,0,0.26895091635035234
13283.0,25.5,0,1,25.5,0.0,0.0,0,93,0.0,0.0,0,0.0,0,0.5787735991602456
13476.0,1080.17,103,4,270.0425,34.333333333333336,0.0,0,86,3.0,145.7,2,0.5,1,0.2598308841931378
16998.0,287.5,155,5,57.5,38.75,0.0,0,57,2.0,7.5,1,0.2,1,0.28459827494197754
17673.0,1205.1500000000003,158,4,301.2875000000001,52.666666666666664,0.0,0,70,0.0,0.0,0,0.0,0,0.28659760441689913
13591.0,776.2299999999998,62,2,388.1149999999999,62.0,0.0,0,112,0.0,0.0,0,0.0,0,0.48939015845459033
13046.0,197.72,0,1,197.72,0.0,0.0,0,174,0.0,0.0,0,0.0,0,0.6586798001420313
15483.0,233.81000000000006,105,4,58.452500000000015,35.0,0.0,0,69,0.0,0.0,0,0.0,1,0.39620978053744127
14442.0,1548.8700000000001,118,4,387.21750000000003,39.333333333333336,0.0,0,106,6.0,40.95,2,0.5,0,0.18342740694547294
13417.0,236.00000000000003,0,1,236.00000000000003,0.0,0.0,0,113,0.0,0.0,0,0.0,0,0.5872962613630696
15599.0,448.8299999999999,0,1,448.8299999999999,0.0,0.0,0,112,0.0,0.0,0,0.0,0,0.5664015885855705
13572.0,1384.25,0,1,1384.25,0.0,0.0,0,113,0.0,0.0,0,0.0,1,0.49715972760222277
14243.0,2263.310000000001,270,11,205.75545454545463,27.0,0.0,0,3,10.0,42.64,3,0.2727272727272727,0,0.0727324144003706
13005.0,468.95,73,3,156.31666666666666,36.5,0.0,0,81,5.0,44.75,1,0.3333333333333333,1,0.3693739446965544
17198.0,521.66,6,2,260.83,6.0,0.0,0,273,0.0,0.0,0,0.0,0,0.7164697587227559
13838.0,479.5899999999998,252,3,159.86333333333326,126.0,0.0,0,25,0.0,0.0,0,0.0,0,0.45733583448343607
14589.0,39.75,0,1,39.75,0.0,0.0,0,279,0.0,0.0,0,0.0,1,0.5349753345086693
14813.0,155.42999999999998,0,2,77.71499999999999,0.0,0.0,0,277,0.0,0.0,0,0.0,1,0.7599935781840716
18191.0,207.79999999999998,0,1,207.79999999999998,0.0,0.0,0,169,0.0,0.0,0,0.0,1,0.6556575679756772
13590.0,1105.5400000000002,162,5,221.10800000000003,40.5,0.0,0,49,2.0,5.800000000000001,1,0.2,0,0.20833720557427454
14341.0,1123.6200000000001,188,7,160.5171428571429,31.333333333333332,0.0,0,38,2.0,15.9,1,0.14285714285714285,0,0.17458256094340102
13106.0,59.5,5,2,29.75,5.0,0.0,0,36,4.0,17.0,1,0.5,1,0.541209044916027
14665.0,713.8599999999999,14,4,178.46499999999997,4.666666666666667,0.0,0,204,2.0,17.8,1,0.25,0,0.6356064870324515
14477.0,523.0,113,2,261.5,113.0,0.0,0,92,0.0,0.0,0,0.0,0,0.40839665690802085
14959.0,537.32,187,3,179.10666666666668,93.5,0.0,0,17,0.0,0.0,0,0.0,0,0.33664048317811607
16431.0,642.81,84,3,214.26999999999998,42.0,0.0,0,121,0.0,0.0,0,0.0,1,0.4386787938173425
16825.0,318.70000000000005,0,1,318.70000000000005,0.0,0.0,0,93,0.0,0.0,0,0.0,0,0.5423495451952388
18008.0,2065.41,115,7,295.0585714285714,19.166666666666668,0.0,0,111,0.0,0.0,0,0.0,0,0.3972632329184687
14748.0,1014.8100000000001,245,5,202.96200000000002,61.25,0.0,0,31,31.0,103.96,1,0.2,0,0.16113717544811174
14587.0,1470.63,147,9,163.40333333333334,18.375,0.0,0,92,2.0,2.9,1,0.1111111111111111,0,0.4374242751016118
12355.0,459.4,0,1,459.4,0.0,0.0,0,122,0.0,0.0,0,0.0,1,0.585012423185661
16696.0,657.9,113,4,164.475,37.666666666666664,0.0,0,43,0.0,0.0,0,0.0,1,0.29779425125563713
15508.0,1000.27,46,6,166.71166666666667,9.2,0.0,0,97,0.0,0.0,0,0.0,1,0.6176588673527178
16203.0,374.54999999999995,225,4,93.63749999999999,75.0,0.0,0,55,1.0,3.75,1,0.25,0,0.3260837046126745
15749.0,21535.9,97,4,5383.975,32.333333333333336,0.0,0,143,9014.0,22998.4,1,0.25,1,1.0
17742.0,355.11,219,2,177.555,219.0,0.0,0,21,0.0,0.0,0,0.0,1,0.5913102198671834
15346.0,247.38000000000002,0,1,247.38000000000002,0.0,0.0,0,240,0.0,0.0,0,0.0,1,0.6641976064739635
14034.0,334.10999999999996,0,3,111.36999999999999,0.0,0.0,0,65,108.0,139.8,1,0.3333333333333333,0,0.48354366018017103
14515.0,765.6500000000001,27,2,382.82500000000005,27.0,0.0,0,99,0.0,0.0,0,0.0,0,0.49543456301943367
16698.0,1998.0,27,2,999.0,27.0,0.0,0,134,0.0,0.0,0,0.0,1,0.4921372683074378
14377.0,617.05,71,2,308.525,71.0,0.0,0,99,0.0,0.0,0,0.0,1,0.45248108208499366
14732.0,1603.3599999999997,233,6,267.22666666666663,46.6,0.0,0,14,2.0,9.9,1,0.16666666666666666,0,0.15242351796288292
15130.0,330.11,0,1,330.11,0.0,0.0,0,77,0.0,0.0,0,0.0,1,0.5083783755470811
13982.0,1206.84,202,4,301.71,67.33333333333333,0.0,0,71,4.0,10.700000000000001,1,0.25,0,0.23977077431870417
16997.0,702.0,37,3,234.0,18.5,0.0,0,196,0.0,0.0,0,0.0,1,0.6402094570359257
14819.0,84.72,0,1,84.72,0.0,0.0,0,100,0.0,0.0,0,0.0,0,0.5822082449968288
12790.0,324.9200000000001,0,1,324.9200000000001,0.0,0.0,0,100,0.0,0.0,0,0.0,1,0.5552413030250966
16726.0,795.19,165,4,198.7975,55.0,0.0,0,104,0.0,0.0,0,0.0,0,0.3502446392862834
17303.0,250.03999999999994,0,1,250.03999999999994,0.0,0.0,0,269,0.0,0.0,0,0.0,1,0.6331985531467785
14803.0,845.5500000000001,130,3,281.85,65.0,0.0,0,70,0.0,0.0,0,0.0,1,0.3407124671360513
13870.0,2162.67,186,6,360.445,37.2,0.0,0,9,4.0,16.8,1,0.16666666666666666,0,0.12981830557161542
15639.0,425.31999999999994,0,1,425.31999999999994,0.0,0.0,0,42,0.0,0.0,0,0.0,1,0.41900870371676974
15898.0,998.79,148,5,199.75799999999998,37.0,0.0,0,128,2.0,4.2,1,0.2,0,0.29114513660443025
16426.0,689.8299999999999,184,4,172.45749999999998,61.333333333333336,0.0,0,0,0.0,0.0,0,0.0,0,0.23558606464798673
15206.0,236.7,176,3,78.89999999999999,88.0,0.0,0,7,0.0,0.0,0,0.0,0,0.29275679371683916
14297.0,232.6,0,1,232.6,0.0,0.0,0,182,0.0,0.0,0,0.0,0,0.6647434100875048
14077.0,310.4,92,3,103.46666666666665,46.0,0.0,0,90,0.0,0.0,0,0.0,0,0.4195271106636681
17147.0,938.16,105,4,234.54,35.0,0.0,0,114,4.0,34.95,1,0.25,0,0.2911451772994143
17505.0,1145.8400000000001,44,2,572.9200000000001,44.0,0.0,0,69,0.0,0.0,0,0.0,1,0.39911435963040887
15829.0,631.1,41,2,315.55,41.0,0.0,0,7,0.0,0.0,0,0.0,1,0.27789553422317853
14129.0,726.23,165,3,242.07666666666668,82.5,0.0,0,3,0.0,0.0,0,0.0,0,0.2986401805998205
14177.0,309.4100000000001,84,3,103.1366666666667,42.0,0.0,0,3,0.0,0.0,0,0.0,0,0.24710840160379888
12816.0,572.2,81,2,286.1,81.0,0.0,0,3,0.0,0.0,0,0.0,1,0.25836057522245665
12798.0,1607.0399999999997,0,1,1607.0399999999997,0.0,0.0,0,78,0.0,0.0,0,0.0,0,0.3918881504394119
17351.0,427.29999999999995,104,2,213.64999999999998,104.0,0.0,0,77,0.0,0.0,0,0.0,0,0.3907323173909875
16808.0,288.42,175,2,144.21,175.0,0.0,0,7,0.0,0.0,0,0.0,1,0.4606105931607286
15049.0,121.17000000000002,0,1,121.17000000000002,0.0,0.0,0,181,0.0,0.0,0,0.0,1,0.6583782935774758
13186.0,1265.7399999999998,35,4,316.43499999999995,11.666666666666666,0.0,0,1,16.0,36.2,2,0.5,0,0.1343111872539552
15661.0,309.79999999999995,21,2,154.89999999999998,21.0,0.0,0,225,0.0,0.0,0,0.0,1,0.6984205503116004
14995.0,119.31000000000004,0,1,119.31000000000004,0.0,0.0,0,188,0.0,0.0,0,0.0,0,0.6597772799234449
17508.0,387.31,0,1,387.31,0.0,0.0,0,188,0.0,0.0,0,0.0,1,0.6768477398088761
17368.0,1072.52,244,7,153.21714285714285,40.666666666666664,0.0,0,1,711.0,563.1500000000001,1,0.14285714285714285,0,0.00629329716071709
12672.0,225.9,0,1,225.9,0.0,0.0,0,237,0.0,0.0,0,0.0,1,0.6618591631970442
13240.0,648.7,269,4,162.175,89.66666666666667,0.0,0,4,0.0,0.0,0,0.0,1,0.2988568822914473
18188.0,426.6,0,1,426.6,0.0,0.0,0,198,0.0,0.0,0,0.0,0,0.686643561834699
13044.0,560.4700000000001,0,1,560.4700000000001,0.0,0.0,0,199,0.0,0.0,0,0.0,1,0.6966808220265233
14152.0,299.98999999999995,2,2,149.99499999999998,2.0,0.0,0,140,12.0,10.2,1,0.5,0,0.618407511775803
15912.0,264.62,55,2,132.31,55.0,0.0,0,86,0.0,0.0,0,0.0,1,0.43965193579316925
16449.0,674.6899999999998,90,3,224.89666666666662,45.0,0.0,0,98,8.0,33.0,1,0.3333333333333333,1,0.3429126259369783
12710.0,1130.5700000000006,105,4,282.64250000000015,35.0,0.0,0,4,2.0,18.45,1,0.25,1,0.16821483688526714
15180.0,87.5,0,1,87.5,0.0,0.0,0,275,0.0,0.0,0,0.0,1,0.5645980018291845
12715.0,353.85999999999996,0,1,353.85999999999996,0.0,0.0,0,14,0.0,0.0,0,0.0,1,0.37314140856378825
18200.0,163.8,0,1,163.8,0.0,0.0,0,14,0.0,0.0,0,0.0,1,0.40728315856894487
15641.0,1887.2000000000003,254,4,471.80000000000007,84.66666666666667,0.0,0,13,0.0,0.0,0,0.0,1,0.3668921535935908
15998.0,2106.26,191,4,526.565,63.666666666666664,0.0,0,79,4.0,5.799999999999999,1,0.25,0,0.15746841715293988
15454.0,179.10000000000002,0,1,179.10000000000002,0.0,0.0,0,270,0.0,0.0,0,0.0,1,0.6084126772255273
15121.0,295.15000000000003,0,1,295.15000000000003,0.0,0.0,0,196,0.0,0.0,0,0.0,0,0.6755226056793803
12945.0,462.95000000000005,0,1,462.95000000000005,0.0,0.0,0,196,0.0,0.0,0,0.0,1,0.6876906056446008
14934.0,828.8400000000004,0,1,828.8400000000004,0.0,0.0,0,190,0.0,0.0,0,0.0,0,0.6978970563623961
15067.0,848.05,0,1,848.05,0.0,0.0,0,190,0.0,0.0,0,0.0,0,0.6984821481775857
14473.0,85.0,0,1,85.0,0.0,0.0,0,190,0.0,0.0,0,0.0,0,0.6572722372452442
15620.0,849.7399999999998,155,4,212.43499999999995,51.666666666666664,0.0,0,111,13.0,20.95,2,0.5,0,0.33207297893761395
15366.0,105.54,0,1,105.54,0.0,0.0,0,266,0.0,0.0,0,0.0,0,0.5913394221693774
15789.0,346.26,0,1,346.26,0.0,0.0,0,266,0.0,0.0,0,0.0,1,0.6654343053400306
14220.0,632.4000000000001,111,2,316.20000000000005,111.0,0.0,0,155,0.0,0.0,0,0.0,1,0.4573057662545686
13573.0,31.770000000000003,0,1,31.770000000000003,0.0,0.0,0,161,0.0,0.0,0,0.0,0,0.6478189431850845
15482.0,2041.5000000000002,193,4,510.37500000000006,64.33333333333333,0.0,0,73,0.0,0.0,0,0.0,0,0.2150963748846673
16053.0,1124.1899999999996,0,1,1124.1899999999996,0.0,0.0,0,30,0.0,0.0,0,0.0,0,0.3171611708035859
16750.0,416.12,111,3,138.70666666666668,55.5,0.0,0,29,0.0,0.0,0,0.0,0,0.2935102820625565
14460.0,348.78,200,4,87.195,66.66666666666667,0.0,0,18,12.0,51.0,1,0.25,1,0.2116009180477999
16536.0,539.02,3,2,269.51,3.0,0.0,0,15,1.0,9.95,1,0.5,1,0.2387737168778585
18252.0,69.9,0,1,69.9,0.0,0.0,0,79,0.0,0.0,0,0.0,0,0.5498722659178502
15389.0,500.0,0,1,500.0,0.0,0.0,0,80,0.0,0.0,0,0.0,1,0.4923714791281442
17950.0,253.09,0,3,84.36333333333333,0.0,0.0,0,273,24.0,10.08,1,0.3333333333333333,0,0.6725165896905226
13011.0,50.550000000000004,0,1,50.550000000000004,0.0,0.0,0,280,0.0,0.0,0,0.0,1,0.5366324766468421
17579.0,262.16,59,3,87.38666666666667,29.5,0.0,0,28,2.0,8.7,1,0.3333333333333333,0,0.3261436937659488
16178.0,172.7,0,1,172.7,0.0,0.0,0,46,0.0,0.0,0,0.0,1,0.4697492242561003
14551.0,125.43,0,1,125.43,0.0,0.0,0,112,0.0,0.0,0,0.0,0,0.5958468395484952
13329.0,255.59999999999997,12,3,85.19999999999999,6.0,0.0,0,262,36.0,48.60000000000001,2,0.6666666666666666,0,0.2719758371729326
14119.0,-19.9,0,1,-19.9,0.0,0.0,0,262,2.0,19.9,1,1.0,1,0.5110870107949328
17358.0,365.84999999999997,52,2,182.92499999999998,52.0,0.0,0,211,0.0,0.0,0,0.0,1,0.5981501153785579
15052.0,215.78,0,1,215.78,0.0,0.0,0,227,0.0,0.0,0,0.0,1,0.665664142306649
16222.0,844.2200000000007,0,1,844.2200000000007,0.0,0.0,0,226,0.0,0.0,0,0.0,1,0.7455720639953874
14762.0,300.52,0,1,300.52,0.0,0.0,0,171,0.0,0.0,0,0.0,1,0.6593645038337034
13615.0,399.9900000000001,6,2,199.99500000000006,6.0,0.0,0,220,6.0,17.700000000000003,1,0.5,1,0.6425728846304429
14546.0,857.5099999999999,47,3,285.83666666666664,23.5,0.0,0,109,5.0,17.37,1,0.3333333333333333,0,0.36837405948742574
16690.0,86.5,0,1,86.5,0.0,0.0,0,109,0.0,0.0,0,0.0,0,0.5952680643015444
13555.0,1590.0500000000006,0,2,795.0250000000003,0.0,0.0,0,109,0.0,0.0,0,0.0,0,0.43514017180993764
14921.0,903.0100000000002,0,1,903.0100000000002,0.0,0.0,0,109,0.0,0.0,0,0.0,0,0.5204973854163066
15136.0,582.9000000000001,0,1,582.9000000000001,0.0,0.0,0,4,0.0,0.0,0,0.0,0,0.3214127953205951
13313.0,918.34,198,3,306.11333333333334,99.0,0.0,0,49,0.0,0.0,0,0.0,0,0.37866202903629176
15092.0,457.81000000000006,68,2,228.90500000000003,68.0,0.0,0,123,0.0,0.0,0,0.0,1,0.49298706081381427
15237.0,1093.6500000000005,24,2,546.8250000000003,24.0,0.0,0,111,0.0,0.0,0,0.0,0,0.5034065822560231
18220.0,297.78000000000003,7,2,148.89000000000001,7.0,0.0,0,127,6.0,7.5,1,0.5,1,0.5989596803835152
17360.0,330.95000000000005,0,1,330.95000000000005,0.0,0.0,0,92,0.0,0.0,0,0.0,0,0.5388969804377568
16050.0,137.9,0,1,137.9,0.0,0.0,0,81,0.0,0.0,0,0.0,1,0.5434434905248362
17118.0,157.02,0,1,157.02,0.0,0.0,0,225,0.0,0.0,0,0.0,1,0.6565540203871645
17345.0,284.13,103,3,94.71,51.5,0.0,0,1,0.0,0.0,0,0.0,0,0.24014163086168963
14816.0,271.85,0,1,271.85,0.0,0.0,0,105,0.0,0.0,0,0.0,1,0.5701457214857911
13990.0,311.3,0,1,311.3,0.0,0.0,0,121,0.0,0.0,0,0.0,1,0.5942642497226215
13068.0,165.0,0,1,165.0,0.0,0.0,0,227,0.0,0.0,0,0.0,0,0.6567536817533425
14368.0,155.00000000000003,0,1,155.00000000000003,0.0,0.0,0,227,0.0,0.0,0,0.0,1,0.6549518204808643
16549.0,781.5200000000002,210,2,390.7600000000001,210.0,0.0,0,32,0.0,0.0,0,0.0,0,0.3821156832329137
17128.0,157.09,0,1,157.09,0.0,0.0,0,242,0.0,0.0,0,0.0,1,0.6426578650409294
12489.0,334.92999999999995,0,1,334.92999999999995,0.0,0.0,0,244,0.0,0.0,0,0.0,1,0.679811037485267
15754.0,91.8,0,1,91.8,0.0,0.0,0,154,0.0,0.0,0,0.0,0,0.6438470443547237
13731.0,610.5899999999999,27,2,305.29499999999996,27.0,0.0,0,127,0.0,0.0,0,0.0,1,0.5643821565872088
16403.0,161.05,10,2,80.525,10.0,0.0,0,210,11.0,16.45,1,0.5,1,0.708217560856718
15448.0,494.64000000000004,0,1,494.64000000000004,0.0,0.0,0,220,0.0,0.0,0,0.0,1,0.7053096511920077
16976.0,251.51999999999998,0,1,251.51999999999998,0.0,0.0,0,175,0.0,0.0,0,0.0,1,0.6611777205787925
13244.0,121.74000000000001,0,1,121.74000000000001,0.0,0.0,0,0,0.0,0.0,0,0.0,1,0.3888512851382697
14503.0,597.0700000000002,0,1,597.0700000000002,0.0,0.0,0,86,0.0,0.0,0,0.0,0,0.4943719354355636
13080.0,58.08,0,1,58.08,0.0,0.0,0,87,0.0,0.0,0,0.0,1,0.5650221029768815
12866.0,559.1199999999999,0,1,559.1199999999999,0.0,0.0,0,191,0.0,0.0,0,0.0,1,0.6885096416048416
16429.0,284.55,0,1,284.55,0.0,0.0,0,14,0.0,0.0,0,0.0,1,0.38493580862996385
17999.0,190.34,0,1,190.34,0.0,0.0,0,274,0.0,0.0,0,0.0,0,0.6046425824619968
16734.0,306.16,0,2,153.08,0.0,0.0,0,22,0.0,0.0,0,0.0,0,0.4125642446947732
15541.0,85.13000000000002,0,1,85.13000000000002,0.0,0.0,0,22,0.0,0.0,0,0.0,1,0.4386829762687473
15406.0,252.2899999999999,0,1,252.2899999999999,0.0,0.0,0,209,0.0,0.0,0,0.0,0,0.6744528391082427
13706.0,330.78999999999996,0,1,330.78999999999996,0.0,0.0,0,210,0.0,0.0,0,0.0,1,0.6834578109472617
14406.0,156.75,0,1,156.75,0.0,0.0,0,27,0.0,0.0,0,0.0,1,0.4343881495907378
17356.0,178.21999999999997,0,1,178.21999999999997,0.0,0.0,0,219,0.0,0.0,0,0.0,1,0.6629324363724679
15940.0,35.8,0,1,35.8,0.0,0.0,0,219,0.0,0.0,0,0.0,1,0.6397584307862456
14411.0,1063.0,0,1,1063.0,0.0,0.0,0,218,0.0,0.0,0,0.0,1,0.7515355343200646
